lead_id,source,campaign,city,state,region,device_type,browser,industry,company_size,lead_segment,annual_revenue_band,employee_count,company_age_years,funding_stage,employee_growth_band,job_role,first_touch_channel,business_email,account_type,created_at
LEAD-01690,Referral,Retargeting_General,Mumbai,Maharashtra,West,Mobile,Chrome,Healthcare,Large,Mid-Market,10Cr-50Cr,755,15,Series A,Unknown,VP,Direct,garima.oommen@karnikltd.com,New Business,2026-02-04 11:37:23
LEAD-01555,Direct,Retargeting_General,Mumbai,Maharashtra,West,Desktop,Chrome,SaaS,Large,Mid-Market,10Cr-50Cr,297,14,Series A,25-50%,CXO,Referral,sai.andra@yahoo.com,Partner,2026-03-06 16:13:50
LEAD-01284,Instagram,Startup_Founders,Mumbai,Maharashtra,West,Mobile,Opera,SaaS,Small,Startup,1Cr-10Cr,35,2,Bootstrapped,0-10%,Associate,Social Media - Instagram,triya.deshmukh@yahoo.com,New Business,2026-02-15 16:43:20
LEAD-00979,Facebook,Retargeting_General,Thane,Maharashtra,West,Mobile,Safari,Healthcare,Large,Mid-Market,10Cr-50Cr,839,16,Unknown,10-25%,Manager,Display Ad,saanvi.pandey@dugarwalla.com,New Business,2026-05-28 10:12:49
LEAD-00259,Google,Q1_BFSI_Pune,Pune,Maharashtra,West,Mobile,Brave,BFSI,Small,SMB,1Cr-10Cr,38,6,Public,10-25%,Founder,Display Ad,meghana.mukherjee@rattanviswan.com,Partner,2026-01-19 15:46:33
LEAD-00012,Google,Q1_BFSI_Mumbai,Pune,Maharashtra,West,Mobile,Edge,BFSI,Enterprise,Enterprise,50Cr-100Cr,4572,39,Series C+,10-25%,Manager,Paid Search,isha.kadakia@patlagabaand.com,Existing Customer,2026-01-11 17:38:47
LEAD-01910,Organic Search,Brand_Awareness,Kolkata,West Bengal,East,Desktop,Brave,Real Estate,Medium,Mid-Market,10Cr-50Cr,142,17,Seed,10-25%,CXO,Content Marketing,oviya.vyas@yahoo.com,Partner,2026-01-24 13:44:11
LEAD-00474,Google,Brand_Awareness,Hyderabad,Telangana,South,Mobile,Chrome,Consulting,,Mid-Market,1Cr-10Cr,136,18,Series C+,Negative,Senior Manager,Organic Search,mitesh.rai@borahbutalaa.com,New Business,2026-03-25 15:37:42
LEAD-00851,LinkedIn,SaaS_Enterprise_Q1,Bangalore,Karnataka,South,Mobile,Chrome,SaaS,Enterprise,Enterprise,100Cr+,5791,18,Public,25-50%,Founder,Referral,oni.doctor@virkplc.com,New Business,2026-01-16 18:04:04
LEAD-00998,Facebook,Retargeting_General,Navi Mumbai,Maharashtra,West,Desktop,Chrome,SaaS,,Mid-Market,1Cr-10Cr,374,22,Series B,10-25%,Senior Manager,Paid Search,mohini.thaker@rastogilalaa.com,New Business,2026-02-02 21:22:19
LEAD-01686,Referral,Retargeting_General,Ahmedabad,Gujarat,West,Desktop,Firefox,Manufacturing,Enterprise,Enterprise,50Cr-100Cr,2756,57,Public,0-10%,Owner,Referral,kavya.tara@buchbhasinan.com,Existing Customer,2026-01-20 21:00:20
LEAD-00738,LinkedIn,Brand_Awareness,Navi Mumbai,Maharashtra,West,Mobile,Opera,Technology,Small,SMB,<1Cr,36,8,Series B,25-50%,Director,Referral,onkar.narasimhan@andraandsons.com,New Business,2026-02-27 08:47:08
LEAD-00923,Facebook,Retargeting_General,Mumbai,Maharashtra,West,Desktop,Chrome,Healthcare,,Startup,1Cr-10Cr,21,2,Series A,0-10%,Manager,Paid Search,onkar.balakrishnan@datedeepandv.com,New Business,2026-04-09 18:29:00
LEAD-00085,Google,Q1_BFSI_Pune,Pune,Maharashtra,West,Mobile,Chrome,Manufacturing,Medium,Mid-Market,,82,14,Series B,0-10%,Manager,Paid Search,ekanta.shroff@saniplc.com,New Business,2026-02-27 16:09:53
LEAD-00488,Google,SaaS_Enterprise_Q1,Hyderabad,Telangana,South,Mobile,Safari,SaaS,,SMB,1Cr-10Cr,24,11,Series A,Unknown,Senior Manager,Organic Search,charita.nagi@sanideshpand.com,New Business,2026-05-02 19:52:07
LEAD-01866,Email Campaign,Retargeting_General,Thane,Maharashtra,West,Mobile,Brave,Real Estate,Small,SMB,<1Cr,22,11,Seed,25-50%,Senior Associate,Email,falan.gandhi@gmail.com,New Business,2026-05-21 17:53:01
LEAD-01823,Email Campaign,Manufacturing_AI,Bangalore,Karnataka,South,Mobile,Chrome,Education,Enterprise,Enterprise,100Cr+,4852,22,Public,Unknown,Senior Associate,Direct,triveni.narasimhan@parekhinc.com,New Business,2026-04-05 12:40:42
LEAD-00403,Google,Q1_BFSI_Pune,Mumbai,Maharashtra,West,Desktop,Chrome,BFSI,Medium,Mid-Market,10Cr-50Cr,208,23,Unknown,0-10%,VP,Paid Search,nathaniel.ravi@danishroffan.com,New Business,2026-01-12 17:14:45
LEAD-00646,LinkedIn,SaaS_Enterprise_Q1,Mumbai,Maharashtra,West,Mobile,Chrome,SaaS,Enterprise,Enterprise,100Cr+,8689,22,Series B,25-50%,Executive,Paid Search,ethan.oommen@lalcheema.com,New Business,2026-03-06 19:46:23
LEAD-01288,Instagram,Brand_Awareness,Bangalore,Karnataka,South,Mobile,Chrome,SaaS,Small,SMB,1Cr-10Cr,50,4,Series C+,10-25%,Director,Content Marketing,charvi.madan@yahoo.com,New Business,2026-05-27 10:20:36
LEAD-01339,Instagram,Brand_Awareness,Bangalore,Karnataka,South,Desktop,Chrome,Retail,Medium,Mid-Market,10Cr-50Cr,189,16,Series A,50%+,Analyst,Social Media - Instagram,priya.pai@omraiandchat.com,New Business,2026-02-03 11:54:01
LEAD-00433,Google,Brand_Awareness,Thane,Maharashtra,West,Desktop,Chrome,Logistics,Enterprise,Enterprise,100Cr+,2260,60,Unknown,0-10%,VP,Organic Search,maanas.sheth@gmail.com,New Business,2026-02-03 17:17:17
LEAD-00845,LinkedIn,Retargeting_General,Pune,Maharashtra,West,Mobile,Chrome,Healthcare,Small,SMB,1Cr-10Cr,4,5,Unknown,50%+,Manager,Social Media - LinkedIn,aarna.gole@dinbhallaand.com,Existing Customer,2026-05-25 17:44:53
LEAD-01627,Referral,Retargeting_General,Bangalore,Karnataka,South,Mobile,,BFSI,Enterprise,Enterprise,100Cr+,3371,24,Public,10-25%,Founder,Referral,netra.ravi@mandapal.com,Existing Customer,2026-03-17 21:50:59
LEAD-01944,Organic Search,Retargeting_General,Navi Mumbai,Maharashtra,West,Mobile,Safari,Technology,Large,Mid-Market,10Cr-50Cr,394,12,Series C+,0-10%,Associate,Organic Search,lila.khare@sankarbaral.com,Partner,2026-02-07 10:11:35
LEAD-01044,Facebook,Retargeting_General,Pune,Maharashtra,West,Mobile,Chrome,Technology,Medium,Mid-Market,10Cr-50Cr,99,29,Bootstrapped,50%+,Manager,Display Ad,lucky.sheth@bhagatvarugh.com,New Business,2026-01-03 18:44:25
LEAD-00192,Google,Q1_BFSI_Mumbai,Mumbai,Maharashtra,West,Desktop,Chrome,BFSI,Large,Mid-Market,10Cr-50Cr,557,9,Series A,0-10%,Manager,Organic Search,chasmum.issac@samrakrishna.com,Existing Customer,2026-02-13 10:04:33
LEAD-01900,Email Campaign,SaaS_Enterprise_Q1,Mumbai,Maharashtra,West,Mobile,Chrome,Technology,Small,SMB,100Cr+,10,4,Bootstrapped,10-25%,Senior Associate,Direct,pratyush.sandal@gmail.com,New Business,2026-02-08 15:48:15
LEAD-01551,Direct,Brand_Awareness,Mumbai,Maharashtra,West,Desktop,Chrome,Logistics,Enterprise,Enterprise,100Cr+,9184,35,Series C+,0-10%,Owner,Organic Search,oscar.sachdev@andraltd.com,New Business,2026-01-03 09:48:37
LEAD-01654,Referral,Retargeting_General,Navi Mumbai,Maharashtra,West,Mobile,Firefox,Logistics,Large,Mid-Market,10Cr-50Cr,397,19,Series A,25-50%,Founder,Referral,nakul.mahal@bassikhatri.com,New Business,2026-01-23 19:56:47
LEAD-01286,Instagram,Brand_Awareness,Hyderabad,Telangana,South,Mobile,Opera,Education,Medium,Mid-Market,<1Cr,88,30,Series C+,0-10%,Intern,Social Media - Instagram,bimala.manne@parekhbava.com,New Business,2026-01-01 14:34:09
LEAD-01498,Direct,Brand_Awareness,Mumbai,Maharashtra,West,Mobile,Chrome,Real Estate,Small,SMB,50Cr-100Cr,44,14,Bootstrapped,0-10%,Intern,Organic Search,jeet.sen@dasguptabatt.com,Existing Customer,2026-03-28 19:36:33
LEAD-00743,LinkedIn,Retargeting_General,Pune,Maharashtra,West,Desktop,Edge,Healthcare,Large,Mid-Market,1Cr-10Cr,684,10,Series B,Negative,Founder,Paid Search,vasudha.sarma@sahaplc.com,Partner,2026-01-24 16:24:08
LEAD-00808,LinkedIn,Brand_Awareness,Pune,Maharashtra,West,Mobile,Chrome,BFSI,Enterprise,Enterprise,100Cr+,8776,37,Series C+,Negative,Senior Manager,Social Media - LinkedIn,chakrika.dhawan@kannandeshpa.com,Partner,2026-02-15 12:56:04
LEAD-01325,Instagram,Brand_Awareness,Navi Mumbai,Maharashtra,West,Desktop,Safari,Technology,Small,Startup,<1Cr,16,5,Bootstrapped,25-50%,VP,Content Marketing,hardik.bera@desaiinc.com,New Business,2026-05-15 15:46:07
LEAD-01824,Email Campaign,Q1_BFSI_Mumbai,Mumbai,Maharashtra,West,Tablet,Safari,Consulting,Small,Startup,-1,12,2,Series B,50%+,Senior Manager,Direct,abdul.palla@pandyachhabr.com,New Business,2026-02-24 15:51:46
LEAD-00302,Google,Q1_BFSI_Mumbai,Chennai,Tamil Nadu,South,Desktop,Chrome,BFSI,Medium,Mid-Market,10Cr-50Cr,166,15,Seed,Unknown,Senior Manager,Display Ad,pushti.agarwal@khuranadhawa.com,Partner,2026-02-07 10:36:36
LEAD-00239,Google,Brand_Awareness,Mumbai,Maharashtra,West,Mobile,Edge,Logistics,Large,Mid-Market,100Cr+,680,8,Unknown,10-25%,Director,Paid Search,atharv.loke@gmail.com,New Business,2026-02-07 17:37:37
LEAD-00588,LinkedIn,Retargeting_General,Pune,Maharashtra,West,Mobile,Chrome,Consulting,Enterprise,Enterprise,50Cr-100Cr,4679,13,Series C+,0-10%,Owner,Social Media - LinkedIn,abhiram.pillay@chadhashan.com,New Business,2026-04-18 16:28:20
LEAD-00796,LinkedIn,SaaS_Enterprise_Q1,Navi Mumbai,Maharashtra,West,Desktop,Chrome,Technology,,Enterprise,1Cr-10Cr,7219,27,Unknown,Negative,Executive,Social Media - LinkedIn,reyansh.nagi@minhasltd.com,Existing Customer,2026-05-30 15:07:08
LEAD-00562,LinkedIn,Brand_Awareness,Mumbai,Maharashtra,West,Mobile,Chrome,Technology,Large,Mid-Market,50Cr-100Cr,747,27,Series A,25-50%,Director,Paid Search,wriddhish.talwar@ramanathanme.com,New Business,2026-05-12 21:33:07
LEAD-00282,Google,Q1_BFSI_Mumbai,Chennai,Tamil Nadu,South,Mobile,Chrome,Healthcare,Medium,Mid-Market,10Cr-50Cr,84,27,Bootstrapped,25-50%,Owner,Paid Search,yashica.zacharia@merchantinc.com,New Business,2026-05-09 16:44:40
LEAD-00582,LinkedIn,Brand_Awareness,Mumbai,Maharashtra,West,Desktop,Chrome,Healthcare,Enterprise,Enterprise,50Cr-100Cr,1139,17,Unknown,25-50%,Senior Manager,Paid Search,urmi.patla@kondainc.com,New Business,2026-02-19 15:00:14
LEAD-00344,Google,Retargeting_General,Bangalore,Karnataka,South,Desktop,Chrome,Manufacturing,Medium,Startup,50Cr-100Cr,93,4,Seed,Negative,Senior Manager,Display Ad,benjamin.balakrishnan@nazarethplc.com,New Business,2026-01-17 15:35:03
LEAD-00325,Google,Q1_BFSI_Mumbai,Mumbai,Maharashtra,West,Mobile,Chrome,Consulting,Medium,Startup,1Cr-10Cr,219,5,Seed,25-50%,Founder,Organic Search,laksh.wagle@sawhneybose.com,New Business,2026-02-02 16:44:14
LEAD-01422,Direct,Retargeting_General,Mumbai,Maharashtra,West,Desktop,Chrome,Consulting,Large,Mid-Market,100Cr+,616,6,Series B,25-50%,VP,Organic Search,jairaj.ramesh@gmail.com,Partner,2026-04-17 20:51:44
LEAD-01496,Direct,Retargeting_General,Kolkata,West Bengal,East,Mobile,Chrome,SaaS,Medium,Mid-Market,1Cr-10Cr,197,12,Bootstrapped,10-25%,CXO,Referral,pahal.tiwari@kuruvillakhu.com,Existing Customer,2026-04-21 17:25:29
LEAD-00508,LinkedIn,Brand_Awareness,Thane,Maharashtra,West,Desktop,Chrome,Logistics,Enterprise,Enterprise,50Cr-100Cr,3132,48,Series C+,10-25%,Founder,Paid Search,nathaniel.narayanan@kohlivartyan.com,New Business,2026-03-23 15:30:55
LEAD-01324,Instagram,Retargeting_General,Ahmedabad,Gujarat,West,Desktop,Opera,Healthcare,Medium,Mid-Market,10Cr-50Cr,249,20,Bootstrapped,10-25%,Intern,Display Ad,vrishti.tank@outlook.com,New Business,2026-01-30 10:57:28
LEAD-00034,Google,Q1_BFSI_Pune,Mumbai,Maharashtra,West,Desktop,Edge,Real Estate,Enterprise,Enterprise,50Cr-100Cr,3147,28,Public,25-50%,Senior Manager,Display Ad,thomas.amble@bailkarpe.com,New Business,2026-02-10 17:51:15
LEAD-00441,Google,SaaS_Enterprise_Q1,Bangalore,Karnataka,South,Mobile,Chrome,Consulting,Medium,Mid-Market,1Cr-10Cr,98,8,Unknown,0-10%,Associate,Display Ad,jagrati.morar@raishukla.com,New Business,2026-03-01 18:59:04
LEAD-01189,Facebook,Brand_Awareness,Bangalore,Karnataka,South,Desktop,Chrome,Retail,Medium,Mid-Market,10Cr-50Cr,234,20,Series A,10-25%,Director,Paid Search,chandresh.mohanty@deatwalandge.com,New Business,2026-02-01 18:42:42
LEAD-01650,Referral,Brand_Awareness,Thane,Maharashtra,West,Mobile,Chrome,Education,Large,Mid-Market,100Cr+,395,6,Public,10-25%,Founder,Referral,turvi.baral@swaminathans.com,Existing Customer,2026-05-09 09:31:16
LEAD-01853,Email Campaign,Healthcare_Demo,Bangalore,Karnataka,South,Desktop,Chrome,Education,Enterprise,Enterprise,100Cr+,7977,11,Public,0-10%,Director,Email,qasim.krishnan@chaudhurisan.com,New Business,2026-05-01 21:02:46
LEAD-01167,Facebook,Retargeting_General,Bangalore,Karnataka,South,Mobile,Chrome,Consulting,Large,Mid-Market,10Cr-50Cr,394,25,Series C+,25-50%,Owner,Display Ad,david.raja@yahoo.com,New Business,2026-04-12 11:09:01
LEAD-01203,Instagram,Retargeting_General,Chennai,Tamil Nadu,South,Mobile,Chrome,Technology,Large,Mid-Market,<1Cr,424,28,Series C+,0-10%,Analyst,Content Marketing,girish.pathak@yahoo.com,New Business,2026-05-11 11:26:00
LEAD-01023,Facebook,Manufacturing_AI,Mumbai,Maharashtra,West,Mobile,Chrome,Unknown,Medium,Startup,1Cr-10Cr,230,2,Bootstrapped,25-50%,Owner,Display Ad,omisha.khosla@rajavermaand.com,New Business,2026-02-13 20:32:45
LEAD-00054,Google,Retargeting_General,Navi Mumbai,Maharashtra,West,Tablet,Edge,Unknown,Small,Startup,10Cr-50Cr,29,2,Series A,50%+,CXO,Display Ad,meghana.deep@outlook.com,Partner,2026-01-26 18:23:34
LEAD-01904,Organic Search,Retargeting_General,Chennai,Tamil Nadu,South,Mobile,Safari,Education,Medium,Mid-Market,1Cr-10Cr,114,11,Series A,10-25%,Senior Manager,Organic Search,vanya.bhavsar@yahoo.com,New Business,2026-05-13 10:08:08
LEAD-00022,Google,Retargeting_General,Thane,Maharashtra,West,Desktop,Chrome,Retail,Large,Mid-Market,50Cr-100Cr,434,14,Series B,25-50%,Senior Associate,Display Ad,advay.contractor@outlook.com,New Business,2026-05-17 10:17:02
LEAD-01723,Referral,Brand_Awareness,Mumbai,Maharashtra,West,Desktop,Brave,Technology,,Enterprise,50Cr-100Cr,2932,19,Unknown,10-25%,Senior Manager,Direct,shravya.kala@thakkarinc.com,New Business,2026-05-08 14:12:04
LEAD-00587,LinkedIn,Brand_Awareness,Delhi,Delhi,North,Mobile,Edge,Education,Enterprise,Enterprise,100Cr+,1850,30,Series C+,25-50%,Senior Manager,Paid Search,barkha.mukhopadhyay@biswasshroff.com,New Business,2026-04-15 12:07:43
LEAD-00370,Google,Q1_BFSI_Pune,Mumbai,Maharashtra,West,Mobile,Chrome,Consulting,Small,SMB,<1Cr,20,5,Series C+,25-50%,Manager,Organic Search,imaran.saha@outlook.com,New Business,2026-02-22 19:52:17
LEAD-00119,Google,Brand_Awareness,Thane,Maharashtra,West,Mobile,Chrome,Manufacturing,Medium,Mid-Market,10Cr-50Cr,66,27,Series C+,50%+,Senior Manager,Display Ad,harita.arora@toorltd.com,Existing Customer,2026-02-23 16:20:42
LEAD-00217,Google,Brand_Awareness,Bangalore,Karnataka,South,Desktop,Chrome,Healthcare,Medium,Mid-Market,10Cr-50Cr,185,12,Public,50%+,Manager,Display Ad,falguni.divan@yahoo.com,Partner,2026-05-20 20:01:24
LEAD-00832,LinkedIn,Retargeting_General,Thane,Maharashtra,West,Mobile,Edge,Technology,Medium,Mid-Market,1Cr-10Cr,86,19,Public,10-25%,Founder,Referral,vivaan.basak@lallallc.com,New Business,2026-04-28 12:00:10
LEAD-01477,Direct,Retargeting_General,Mumbai,Maharashtra,West,Mobile,Edge,Technology,Medium,Mid-Market,1Cr-10Cr,67,14,Series C+,10-25%,Manager,Direct,jacob.jha@ganeshltd.com,Existing Customer,2026-04-29 18:54:12
LEAD-00606,LinkedIn,Retargeting_General,Mumbai,Maharashtra,West,Mobile,Chrome,BFSI,Enterprise,Enterprise,50Cr-100Cr,4099,44,Unknown,10-25%,Director,Paid Search,chandran.mistry@randhawavarg.com,Existing Customer,2026-02-08 13:15:03
LEAD-01811,Email Campaign,Retargeting_General,,Maharashtra,West,Mobile,Chrome,Healthcare,Medium,Mid-Market,1Cr-10Cr,202,8,Unknown,0-10%,VP,Email,girik.gandhi@buchboseandk.com,New Business,2026-01-16 20:47:15
LEAD-00032,Google,SaaS_Enterprise_Q1,Pune,Maharashtra,West,Tablet,Chrome,Technology,Enterprise,Enterprise,50Cr-100Cr,5723,52,Public,Negative,Director,Display Ad,kashvi.sarma@iyermuniandr.com,New Business,2026-05-21 08:29:05
LEAD-01847,Email Campaign,Healthcare_Demo,Mumbai,Maharashtra,West,Mobile,Chrome,Unknown,Medium,Mid-Market,10Cr-50Cr,150,11,Series A,10-25%,Senior Manager,Email,damini.kashyap@gmail.com,Existing Customer,2026-03-01 21:39:54
LEAD-01397,Instagram,Brand_Awareness,Ahmedabad,Gujarat,West,Desktop,Chrome,Unknown,Medium,Startup,1Cr-10Cr,150,2,Series A,10-25%,Executive,Display Ad,lavanya.de@manitalwar.com,New Business,2026-03-07 13:45:40
LEAD-01953,Organic Search,SaaS_Enterprise_Q1,Bangalore,Karnataka,South,Desktop,,Technology,Medium,Startup,10Cr-50Cr,245,3,Series A,Negative,Senior Manager,Organic Search,odika.toor@yahoo.com,New Business,2026-04-21 17:40:03
LEAD-01096,Facebook,Manufacturing_AI,Kolkata,West Bengal,East,Mobile,Opera,Manufacturing,Medium,Startup,10Cr-50Cr,235,4,Series A,50%+,Director,Paid Search,alexander.varkey@gmail.com,New Business,2026-03-14 14:11:20
LEAD-01768,Email Campaign,Healthcare_Demo,Hyderabad,Telangana,South,Mobile,Edge,Technology,Enterprise,Enterprise,50Cr-100Cr,2841,56,Public,Unknown,VP,Email,manbir.puri@andrapathaka.com,Existing Customer,2026-02-13 20:30:25
LEAD-01524,Direct,Retargeting_General,Mumbai,Maharashtra,West,Mobile,Firefox,Retail,Medium,Mid-Market,10Cr-50Cr,243,29,Bootstrapped,25-50%,Associate,Direct,pranit.bahl@bahldaraandw.com,Existing Customer,2026-02-21 10:33:09
LEAD-01270,Instagram,Startup_Founders,Delhi,Delhi,North,Desktop,Opera,Consulting,Large,Mid-Market,1Cr-10Cr,508,11,Series C+,0-10%,Senior Associate,Display Ad,sanaya.chahal@outlook.com,Partner,2026-04-10 11:37:50
LEAD-00680,LinkedIn,SaaS_Enterprise_Q1,Thane,Maharashtra,West,Desktop,Safari,Consulting,Enterprise,Enterprise,50Cr-100Cr,8857,27,Public,0-10%,Director,Paid Search,krishna.viswanathan@outlook.com,Existing Customer,2026-03-17 10:24:30
LEAD-01145,Facebook,Brand_Awareness,Bangalore,Karnataka,South,Mobile,Safari,Real Estate,Large,Mid-Market,50Cr-100Cr,634,12,Series B,10-25%,Associate,Display Ad,aarini.atwal@mandllc.com,New Business,2026-03-11 17:29:34
LEAD-01526,Direct,Brand_Awareness,Navi Mumbai,Maharashtra,West,Mobile,Chrome,Healthcare,Enterprise,Enterprise,50Cr-100Cr,3013,52,Series B,10-25%,Manager,Organic Search,vyanjana.bajaj@nagirattiand.com,New Business,2026-04-27 13:59:52
LEAD-00647,LinkedIn,Brand_Awareness,Thane,Maharashtra,West,Mobile,Chrome,Technology,Large,Mid-Market,100Cr+,633,17,Series A,50%+,CXO,Social Media - LinkedIn,falan.chander@prashadandso.com,Partner,2026-05-31 09:26:56
LEAD-01913,Organic Search,SaaS_Enterprise_Q1,Delhi,Delhi,North,Mobile,Safari,SaaS,Large,Mid-Market,50Cr-100Cr,528,29,Unknown,Negative,Manager,Content Marketing,jalsa.dewan@outlook.com,Existing Customer,2026-02-13 11:35:37
LEAD-00295,Google,Q1_BFSI_Pune,Mumbai,Maharashtra,West,Mobile,,BFSI,Medium,Startup,1Cr-10Cr,69,1,Series A,Unknown,Executive,Display Ad,hardik.nayak@balallc.com,New Business,2026-02-06 21:14:58
LEAD-00437,Google,Q1_BFSI_Mumbai,Thane,Maharashtra,West,Mobile,Safari,BFSI,Medium,Mid-Market,10Cr-50Cr,162,5,Public,Negative,Senior Associate,Organic Search,elijah.guha@purohitbaral.com,New Business,2026-01-21 16:43:02
LEAD-00409,Google,Brand_Awareness,Ahmedabad,Gujarat,West,Desktop,Firefox,Real Estate,,Mid-Market,10Cr-50Cr,73,20,Unknown,25-50%,Founder,Display Ad,nitesh.narang@yadavandsons.com,New Business,2026-04-06 15:53:19
LEAD-00467,Google,SaaS_Enterprise_Q1,Delhi,Delhi,North,Mobile,Opera,SaaS,Large,Mid-Market,50Cr-100Cr,893,7,Series B,0-10%,Senior Manager,Organic Search,nicholas.khosla@raoboseandmi.com,New Business,2026-02-07 14:48:17
LEAD-01081,Facebook,Manufacturing_AI,Kolkata,West Bengal,East,Mobile,Chrome,Manufacturing,Large,Mid-Market,50Cr-100Cr,751,15,Series B,0-10%,Manager,Display Ad,azaan.nori@dixitllc.com,New Business,2026-04-17 10:02:44
LEAD-01899,Email Campaign,Retargeting_General,Navi Mumbai,Maharashtra,West,Desktop,Chrome,Logistics,Medium,Mid-Market,1Cr-10Cr,96,28,Bootstrapped,50%+,Manager,Direct,matthew.gokhale@yahoo.com,New Business,2026-03-29 09:46:46
LEAD-00531,LinkedIn,Retargeting_General,Bangalore,Karnataka,South,Mobile,Chrome,Consulting,Small,Startup,1Cr-10Cr,33,1,Seed,50%+,CXO,Social Media - LinkedIn,warjas.kadakia@sarnainc.com,New Business,2026-04-29 10:50:11
LEAD-01894,Email Campaign,Q1_BFSI_Mumbai,Navi Mumbai,Maharashtra,West,Mobile,Chrome,SaaS,Small,Startup,10Cr-50Cr,45,2,Bootstrapped,0-10%,Senior Manager,Email,udarsh.bajwa@outlook.com,Existing Customer,2026-01-05 11:46:28
LEAD-01024,Facebook,Brand_Awareness,Mumbai,Maharashtra,West,Tablet,Chrome,Retail,Large,Mid-Market,10Cr-50Cr,985,27,Unknown,0-10%,Analyst,Social Media - Facebook,forum.sen@duasandhuand.com,Partner,2026-05-22 21:14:29
LEAD-00520,LinkedIn,SaaS_Enterprise_Q1,Navi Mumbai,Maharashtra,West,Desktop,,Technology,Enterprise,Enterprise,100Cr+,8151,17,Public,10-25%,Founder,Paid Search,oscar.ganesan@surltd.com,New Business,2026-01-11 15:22:45
LEAD-00039,Google,Q1_BFSI_Mumbai,Navi Mumbai,Maharashtra,West,Mobile,Chrome,BFSI,Enterprise,Enterprise,100Cr+,9116,12,Series B,0-10%,VP,Display Ad,pallavi.roy@sankarllc.com,New Business,2026-01-07 21:54:28
LEAD-00604,LinkedIn,Brand_Awareness,Mumbai,Maharashtra,West,Mobile,Safari,Healthcare,Large,Mid-Market,50Cr-100Cr,629,30,Public,10-25%,Analyst,Referral,daksha.baria@dugarltd.com,Existing Customer,2026-02-13 16:51:39
LEAD-01667,Referral,Brand_Awareness,Mumbai,Maharashtra,West,Mobile,Chrome,Education,Large,Mid-Market,10Cr-50Cr,490,14,Series C+,Negative,CXO,Email,riya.batta@banerjeewali.com,New Business,2026-05-31 20:18:32
LEAD-01593,Direct,Retargeting_General,Pune,Maharashtra,West,Mobile,Chrome,Real Estate,Medium,Mid-Market,1Cr-10Cr,171,12,Series B,10-25%,Director,Referral,warhi.kanda@shainc.com,Existing Customer,2026-02-24 13:49:09
LEAD-00744,LinkedIn,SaaS_Enterprise_Q1,Mumbai,Maharashtra,West,Mobile,Chrome,Technology,Large,Mid-Market,10Cr-50Cr,870,7,Series C+,0-10%,Manager,Social Media - LinkedIn,ayush.de@raghavanllc.com,Existing Customer,2026-02-10 18:41:25
LEAD-01444,Direct,Brand_Awareness,Ahmedabad,Gujarat,West,Tablet,Edge,Logistics,Enterprise,Enterprise,50Cr-100Cr,4873,40,Public,Negative,VP,Direct,chameli.murthy@chackogroup.com,Existing Customer,2026-02-25 09:35:24
LEAD-00096,Google,Brand_Awareness,Ahmedabad,Gujarat,West,Mobile,Firefox,Education,Large,Mid-Market,50Cr-100Cr,421,27,Series A,0-10%,Director,Display Ad,aradhana.verma@outlook.com,New Business,2026-04-25 08:46:55
LEAD-00535,LinkedIn,SaaS_Enterprise_Q1,Navi Mumbai,Maharashtra,West,Desktop,Chrome,SaaS,Medium,Mid-Market,1Cr-10Cr,229,11,Public,10-25%,Founder,Referral,girish.deshmukh@lokevarkey.com,New Business,2026-03-25 10:41:15
LEAD-00746,LinkedIn,Retargeting_General,Pune,Maharashtra,West,Desktop,Safari,SaaS,Enterprise,Enterprise,50Cr-100Cr,6065,22,Public,0-10%,Owner,Social Media - LinkedIn,dipta.arora@outlook.com,Existing Customer,2026-01-09 11:17:05
LEAD-00919,Facebook,Retargeting_General,Thane,Maharashtra,West,Desktop,Chrome,Retail,Large,Mid-Market,10Cr-50Cr,540,26,Series B,0-10%,Senior Associate,Display Ad,urvashi.bhagat@chandraninc.com,New Business,2026-04-19 17:25:34
LEAD-00512,LinkedIn,Brand_Awareness,Kolkata,West Bengal,East,Mobile,Firefox,BFSI,,Mid-Market,50Cr-100Cr,523,14,Series B,Unknown,Senior Associate,Social Media - LinkedIn,dev.chaudry@mallickltd.com,New Business,2026-04-08 10:27:54
LEAD-00590,LinkedIn,SaaS_Enterprise_Q1,Delhi,Delhi,North,Mobile,Opera,SaaS,Large,Mid-Market,10Cr-50Cr,857,30,Series C+,10-25%,Associate,Paid Search,rohan.korpal@pillaytak.com,New Business,2026-02-02 11:06:30
LEAD-01255,Instagram,Startup_Founders,Bangalore,Karnataka,South,Tablet,Chrome,Technology,Small,SMB,1Cr-10Cr,7,3,Series C+,25-50%,Analyst,Content Marketing,abha.pingle@gmail.com,Partner,2026-05-25 08:02:12
LEAD-00038,Google,Brand_Awareness,Mumbai,Maharashtra,West,Mobile,Chrome,Retail,Large,Mid-Market,10Cr-50Cr,444,27,Series C+,25-50%,CXO,Display Ad,ranveer.chandra@solankigroup.com,New Business,2026-04-09 11:54:49
LEAD-00155,Google,Retargeting_General,Hyderabad,Telangana,South,Desktop,Firefox,Healthcare,Small,SMB,<1Cr,35,11,Series A,25-50%,Analyst,Paid Search,ekantika.krishna@outlook.com,New Business,2026-02-15 21:20:01
LEAD-00956,Facebook,Retargeting_General,Thane,Maharashtra,West,Mobile,Opera,Manufacturing,Small,SMB,<1Cr,18,10,Series C+,25-50%,Analyst,Paid Search,mitesh.yadav@parekhltd.com,New Business,2026-05-18 21:05:51
LEAD-01875,Email Campaign,Healthcare_Demo,Bangalore,Karnataka,South,Desktop,Edge,Manufacturing,Enterprise,Enterprise,100Cr+,3359,34,Series B,0-10%,Executive,Paid Search,kiaan.rege@yahoo.com,New Business,2026-03-29 19:32:42
LEAD-01948,Organic Search,Retargeting_General,Hyderabad,Telangana,South,Mobile,Safari,Real Estate,Medium,Mid-Market,1Cr-10Cr,58,9,Bootstrapped,25-50%,Associate,Direct,januja.pandit@gmail.com,Partner,2026-01-05 21:04:01
LEAD-01232,Instagram,Retargeting_General,Mumbai,Maharashtra,West,Desktop,Brave,Logistics,Small,SMB,<1Cr,4,14,Seed,Unknown,Analyst,Social Media - Instagram,anamika.johal@outlook.com,New Business,2026-01-07 19:09:22
LEAD-00212,Google,Q1_BFSI_Pune,Mumbai,Maharashtra,West,Mobile,Chrome,BFSI,Large,Mid-Market,50Cr-100Cr,979,12,Series A,0-10%,CXO,Paid Search,sachi.saxena@gmail.com,New Business,2026-01-04 18:19:16
LEAD-00275,Google,Q1_BFSI_Pune,Mumbai,Maharashtra,West,Desktop,,Real Estate,Small,SMB,10Cr-50Cr,42,12,Bootstrapped,Negative,VP,Organic Search,libni.mander@narayaninc.com,Partner,2026-01-04 21:14:54
LEAD-00828,LinkedIn,SaaS_Enterprise_Q1,Mumbai,Maharashtra,West,Desktop,Chrome,SaaS,Enterprise,Enterprise,100Cr+,5914,35,Series C+,Negative,CXO,Referral,yadavi.anne@ranganathanl.com,New Business,2026-05-20 12:52:39
LEAD-01828,Email Campaign,Q1_BFSI_Mumbai,Thane,Maharashtra,West,Mobile,Safari,BFSI,Large,Mid-Market,10Cr-50Cr,480,28,Public,10-25%,Analyst,Paid Search,upma.rana@krishnaandso.com,New Business,2026-01-03 10:15:43
LEAD-01787,Email Campaign,Q1_BFSI_Mumbai,Thane,Maharashtra,West,Mobile,Chrome,Manufacturing,Small,SMB,10Cr-50Cr,3,12,Public,25-50%,Director,Paid Search,vritti.munshi@wallasaxenaa.com,New Business,2026-02-04 10:56:00
LEAD-01946,Organic Search,SaaS_Enterprise_Q1,Pune,Maharashtra,West,Mobile,Chrome,SaaS,Medium,Mid-Market,1Cr-10Cr,114,16,Series C+,50%+,Manager,Organic Search,gagan.tara@gmail.com,New Business,2026-03-22 11:20:49
LEAD-00240,Google,Q1_BFSI_Pune,Mumbai,Maharashtra,West,Mobile,Chrome,Healthcare,Medium,Mid-Market,1Cr-10Cr,139,18,Series B,25-50%,VP,Organic Search,dayamai.nori@golellc.com,New Business,2026-01-31 08:11:17
LEAD-01914,Organic Search,SaaS_Enterprise_Q1,Hyderabad,Telangana,South,Mobile,Edge,Retail,Enterprise,Enterprise,100Cr+,3525,28,Series B,10-25%,Analyst,Organic Search,oviya.kibe@sharmadhawan.com,New Business,2026-03-17 10:19:06
LEAD-01576,Direct,Retargeting_General,,Delhi,North,Desktop,Chrome,SaaS,Large,Mid-Market,50Cr-100Cr,585,10,Series B,10-25%,Manager,Organic Search,joshua.bhatia@gmail.com,Existing Customer,2026-01-09 10:25:08
LEAD-01906,Organic Search,Retargeting_General,Thane,Maharashtra,West,Mobile,Brave,Logistics,Medium,Startup,1Cr-10Cr,104,3,Series B,25-50%,Senior Manager,Direct,qabil.rajan@naiduandsons.com,New Business,2026-02-23 11:36:06
LEAD-00337,Google,Q1_BFSI_Pune,Mumbai,Maharashtra,West,Mobile,Chrome,Real Estate,Medium,Mid-Market,1Cr-10Cr,193,18,Bootstrapped,0-10%,Founder,Display Ad,ethan.sengupta@gmail.com,New Business,2026-02-21 19:09:30
LEAD-00894,LinkedIn,SaaS_Enterprise_Q1,Mumbai,Maharashtra,West,Desktop,Chrome,Consulting,Medium,Mid-Market,1Cr-10Cr,234,12,Series C+,0-10%,Manager,Social Media - LinkedIn,bachittar.thakkar@sampathsridh.com,New Business,2026-03-26 14:13:35
LEAD-00613,LinkedIn,Brand_Awareness,Ahmedabad,Gujarat,West,Mobile,Chrome,SaaS,Enterprise,Enterprise,100Cr+,5497,22,Public,10-25%,Senior Associate,Paid Search,rachita.rana@bediganguly.com,Existing Customer,2026-02-05 21:48:45
LEAD-00573,LinkedIn,SaaS_Enterprise_Q1,Hyderabad,Telangana,South,Mobile,Chrome,SaaS,Small,Startup,1Cr-10Cr,16,5,Series B,10-25%,VP,Paid Search,christopher.more@settyplc.com,New Business,2026-03-06 14:07:17
LEAD-01816,Email Campaign,SaaS_Enterprise_Q1,Mumbai,Maharashtra,West,Mobile,Chrome,Unknown,Large,Mid-Market,50Cr-100Cr,658,17,Series A,10-25%,Intern,Direct,om.viswanathan@wablebasakan.com,Partner,2026-03-29 13:09:07
LEAD-01733,Referral,Retargeting_General,Bangalore,Karnataka,South,Mobile,Chrome,Logistics,Enterprise,Enterprise,10Cr-50Cr,8046,32,Unknown,0-10%,Senior Manager,Email,ganga.chaudhry@bhandaripare.com,New Business,2026-01-15 10:21:29
LEAD-00360,Google,Retargeting_General,Bangalore,Karnataka,South,Desktop,Edge,Technology,Large,Mid-Market,50Cr-100Cr,807,16,Series A,10-25%,Analyst,Organic Search,jasmit.rau@desailalla.com,New Business,2026-04-30 12:55:53
LEAD-00361,Google,Brand_Awareness,Hyderabad,Telangana,South,Desktop,Chrome,Manufacturing,Large,Mid-Market,10Cr-50Cr,805,16,Unknown,25-50%,Manager,Display Ad,charan.hayer@outlook.com,Existing Customer,2026-05-10 14:46:11
LEAD-01072,Facebook,Manufacturing_AI,Delhi,Delhi,North,Desktop,Chrome,SaaS,Enterprise,Enterprise,<1Cr,2860,11,Public,10-25%,Manager,Social Media - Facebook,chakradev.nath@johalsachdev.com,New Business,2026-01-28 11:04:11
LEAD-01991,Organic Search,Brand_Awareness,Ahmedabad,Gujarat,West,Mobile,Chrome,Real Estate,Enterprise,Enterprise,50Cr-100Cr,7243,11,Series C+,25-50%,Senior Manager,Content Marketing,alexander.bal@sachdevainc.com,New Business,2026-05-11 10:44:34
LEAD-00770,LinkedIn,Brand_Awareness,Pune,Maharashtra,West,Tablet,,BFSI,Small,SMB,1Cr-10Cr,27,5,Bootstrapped,25-50%,VP,Paid Search,dipta.kalla@valamistry.com,Partner,2026-04-27 16:24:07
LEAD-00313,Google,Q1_BFSI_Pune,Pune,Maharashtra,West,Mobile,Chrome,Real Estate,Large,Mid-Market,,291,23,Series B,10-25%,Executive,Paid Search,garima.mahajan@outlook.com,New Business,2026-01-12 16:25:38
LEAD-00540,LinkedIn,SaaS_Enterprise_Q1,Mumbai,Maharashtra,West,Desktop,Chrome,SaaS,Large,Mid-Market,10Cr-50Cr,731,16,Series C+,Unknown,Senior Manager,Referral,vinaya.narang@mallpillayan.com,Existing Customer,2026-03-29 13:58:38
LEAD-01489,Direct,Retargeting_General,Pune,Maharashtra,West,Mobile,Chrome,Logistics,,Mid-Market,1Cr-10Cr,213,30,Bootstrapped,25-50%,Founder,Direct,daksha.murthy@sainiratti.com,New Business,2026-03-04 09:54:41
LEAD-01604,Referral,Retargeting_General,Hyderabad,Telangana,South,Desktop,Firefox,Education,Enterprise,Enterprise,100Cr+,2255,12,Unknown,0-10%,Senior Manager,Email,onveer.vyas@pinglellc.com,New Business,2026-04-29 13:40:57
LEAD-00939,Facebook,Manufacturing_AI,Pune,Maharashtra,West,Desktop,Chrome,Consulting,Small,SMB,50Cr-100Cr,36,8,Series B,10-25%,Senior Associate,Social Media - Facebook,anthony.grewal@bawaplc.com,New Business,2026-04-18 12:20:49
LEAD-01567,Direct,Retargeting_General,Mumbai,Maharashtra,West,Mobile,Safari,SaaS,Small,SMB,1Cr-10Cr,30,11,Bootstrapped,Negative,Senior Manager,Direct,saumya.mutti@salviwalia.com,New Business,2026-04-15 09:29:58
LEAD-00533,LinkedIn,SaaS_Enterprise_Q1,Bangalore,Karnataka,South,Desktop,Safari,Healthcare,Enterprise,Enterprise,100Cr+,2743,37,Public,25-50%,Owner,Paid Search,indali.walia@bhargavaplc.com,New Business,2026-01-02 10:41:30
LEAD-00844,LinkedIn,Retargeting_General,Hyderabad,Telangana,South,Desktop,Edge,Manufacturing,Medium,Mid-Market,1Cr-10Cr,59,15,Series A,10-25%,Founder,Social Media - LinkedIn,yauvani.baral@dyalandsons.com,New Business,2026-02-21 13:56:48
LEAD-00098,Google,Q1_BFSI_Pune,Ahmedabad,Gujarat,West,Desktop,Chrome,BFSI,Enterprise,Enterprise,50Cr-100Cr,6934,34,Public,10-25%,Owner,Paid Search,gautami.nagarajan@mangalkeeran.com,Partner,2026-01-10 18:28:23
LEAD-01175,Facebook,Retargeting_General,Mumbai,Maharashtra,West,Desktop,Firefox,BFSI,Enterprise,Enterprise,10Cr-50Cr,5351,56,Unknown,Negative,Associate,Display Ad,vritti.sridhar@outlook.com,Partner,2026-01-17 11:29:58
LEAD-01834,Email Campaign,Manufacturing_AI,Pune,Maharashtra,West,Mobile,Edge,Technology,Large,Mid-Market,50Cr-100Cr,621,6,Series C+,10-25%,Senior Associate,Email,rushil.srinivas@dyalltd.com,Partner,2026-03-13 10:39:32
LEAD-00849,LinkedIn,Retargeting_General,Delhi,Delhi,North,Mobile,Edge,SaaS,Large,Mid-Market,10Cr-50Cr,627,16,Series B,0-10%,Owner,Social Media - LinkedIn,ekapad.karpe@oommengroup.com,Existing Customer,2026-04-22 08:15:14
LEAD-00168,Google,Brand_Awareness,Chennai,Tamil Nadu,South,Mobile,Chrome,Technology,Enterprise,Enterprise,50Cr-100Cr,6891,54,Unknown,0-10%,Associate,Paid Search,mitesh.tara@shenoyinc.com,Partner,2026-05-18 17:40:58
LEAD-01424,Direct,Retargeting_General,Bangalore,Karnataka,South,Mobile,Chrome,Education,Enterprise,Enterprise,50Cr-100Cr,9067,16,Unknown,0-10%,Manager,Direct,varsha.setty@sharmaltd.com,New Business,2026-02-18 21:08:29
LEAD-01638,Referral,Brand_Awareness,Delhi,Delhi,North,Desktop,Chrome,Technology,Medium,Startup,1Cr-10Cr,67,2,Seed,Unknown,Manager,Direct,ikbal.narasimhan@rajuguhaands.com,Existing Customer,2026-05-06 18:47:09
LEAD-01663,Referral,Retargeting_General,Bangalore,Karnataka,South,Desktop,Opera,Consulting,Large,Mid-Market,100Cr+,745,14,Unknown,25-50%,VP,Referral,neel.garde@sinhallc.com,Partner,2026-02-02 11:20:55
LEAD-00422,Google,Q1_BFSI_Pune,Pune,Maharashtra,West,Tablet,Safari,BFSI,Enterprise,Enterprise,100Cr+,7209,30,Public,0-10%,Manager,Paid Search,isaiah.balay@outlook.com,Partner,2026-02-22 10:56:37
LEAD-01539,Direct,Retargeting_General,Bangalore,Karnataka,South,Tablet,Edge,Manufacturing,Large,Mid-Market,10Cr-50Cr,404,9,Series B,0-10%,Analyst,Organic Search,sanaya.chacko@dassmodiandr.com,New Business,2026-02-15 14:43:20
LEAD-00462,Google,SaaS_Enterprise_Q1,Bangalore,Karnataka,South,Mobile,Chrome,SaaS,Medium,Startup,10Cr-50Cr,196,1,Bootstrapped,0-10%,Manager,Display Ad,onveer.butala@andraltd.com,Existing Customer,2026-04-28 14:10:48
LEAD-01087,Facebook,Retargeting_General,Pune,Maharashtra,West,Mobile,Firefox,Real Estate,Small,Startup,<1Cr,29,3,Bootstrapped,Negative,Analyst,Paid Search,vasudha.tella@yahoo.com,New Business,2026-02-23 13:44:14
LEAD-01413,Direct,Brand_Awareness,Navi Mumbai,Maharashtra,West,Desktop,Chrome,Real Estate,Large,Mid-Market,50Cr-100Cr,663,12,Public,10-25%,Manager,Referral,ria.bera@swamydora.com,Partner,2026-01-18 15:57:18
LEAD-00375,Google,Brand_Awareness,Thane,Maharashtra,West,Mobile,Chrome,Education,Small,SMB,<1Cr,49,11,Seed,25-50%,CXO,Paid Search,urishilla.bhatia@gmail.com,Existing Customer,2026-01-24 11:27:18
LEAD-01450,Direct,Brand_Awareness,Mumbai,Maharashtra,West,Desktop,Brave,SaaS,Medium,Startup,1Cr-10Cr,146,2,Seed,25-50%,Manager,Direct,krishna.atwal@chahaldass.com,New Business,2026-02-03 16:05:26
LEAD-00990,Facebook,Brand_Awareness,Mumbai,Maharashtra,West,Mobile,Chrome,Real Estate,Small,SMB,10Cr-50Cr,27,15,Unknown,10-25%,Analyst,Display Ad,lakshmi.brar@gmail.com,New Business,2026-04-23 10:54:38
LEAD-00420,Google,SaaS_Enterprise_Q1,Mumbai,Maharashtra,West,Desktop,Safari,SaaS,Small,SMB,1Cr-10Cr,31,8,Series B,25-50%,VP,Organic Search,panini.wali@outlook.com,New Business,2026-04-21 20:27:36
LEAD-01193,Facebook,Retargeting_General,Thane,Maharashtra,West,Mobile,Chrome,Retail,Enterprise,Enterprise,10Cr-50Cr,7847,12,Unknown,Negative,Executive,Social Media - Facebook,tanay.bath@yahoo.com,New Business,2026-04-03 19:21:51
LEAD-00657,LinkedIn,SaaS_Enterprise_Q1,Bangalore,Karnataka,South,Mobile,Firefox,Education,Enterprise,Enterprise,100Cr+,1119,52,Public,Negative,Founder,Paid Search,kala.grover@prabhakargro.com,New Business,2026-03-08 20:00:24
LEAD-00866,LinkedIn,SaaS_Enterprise_Q1,Delhi,Delhi,North,Desktop,Chrome,Manufacturing,Enterprise,Enterprise,100Cr+,3345,11,Series B,10-25%,Director,Referral,hamsini.ben@yahoo.com,New Business,2026-02-22 18:23:30
LEAD-00204,Google,Q1_BFSI_Mumbai,Mumbai,Maharashtra,West,Mobile,Opera,BFSI,Large,Mid-Market,50Cr-100Cr,528,7,Series A,Unknown,Owner,Display Ad,suhani.pillay@gmail.com,Partner,2026-02-27 08:11:14
LEAD-00366,Google,SaaS_Enterprise_Q1,Bangalore,Karnataka,South,Mobile,Firefox,SaaS,Large,Mid-Market,10Cr-50Cr,350,8,Unknown,0-10%,Manager,Organic Search,gauri.som@baradandsons.com,New Business,2026-01-25 11:33:42
LEAD-01856,Email Campaign,Retargeting_General,Pune,Maharashtra,West,Mobile,Chrome,Education,Large,Mid-Market,10Cr-50Cr,904,7,Series A,25-50%,Founder,Paid Search,kamya.khanna@pathakwadhwa.com,New Business,2026-05-02 17:31:55
LEAD-00273,Google,Q1_BFSI_Pune,Mumbai,Maharashtra,West,Mobile,Firefox,BFSI,Medium,Startup,10Cr-50Cr,108,5,Series B,50%+,Director,Paid Search,kashish.mandal@yahoo.com,Existing Customer,2026-01-16 09:29:28
LEAD-00505,LinkedIn,SaaS_Enterprise_Q1,Ahmedabad,Gujarat,West,Mobile,Chrome,Consulting,Enterprise,Enterprise,100Cr+,5490,15,Public,10-25%,Analyst,Referral,gunbir.sarma@subramanianp.com,New Business,2026-05-01 19:26:59
LEAD-00207,Google,Q1_BFSI_Mumbai,Navi Mumbai,Maharashtra,West,Mobile,Chrome,Consulting,Medium,Startup,1Cr-10Cr,219,4,Series A,25-50%,Founder,Paid Search,jackson.dey@shettymittal.com,Existing Customer,2026-01-07 11:33:15
LEAD-00082,Google,Q1_BFSI_Pune,Pune,Maharashtra,West,Mobile,Chrome,SaaS,Medium,Mid-Market,1Cr-10Cr,209,9,Seed,0-10%,Associate,Organic Search,chakrika.datta@gmail.com,Partner,2026-02-23 19:49:39
LEAD-01706,Referral,Brand_Awareness,Kolkata,West Bengal,East,Mobile,Safari,Logistics,Small,SMB,1Cr-10Cr,36,5,Bootstrapped,0-10%,Owner,Referral,kavya.swamy@gmail.com,New Business,2026-02-14 09:53:27
LEAD-00629,LinkedIn,Retargeting_General,Mumbai,Maharashtra,West,Mobile,Brave,Education,Large,Mid-Market,50Cr-100Cr,423,7,Series B,0-10%,Founder,Social Media - LinkedIn,aadi.narula@vyasgroup.com,New Business,2026-01-03 18:17:09
LEAD-00392,Google,Q1_BFSI_Mumbai,Thane,Maharashtra,West,Desktop,Edge,Consulting,Medium,Mid-Market,1Cr-10Cr,61,12,Series B,0-10%,Senior Manager,Paid Search,bimala.barad@gmail.com,Partner,2026-01-11 16:24:33
LEAD-01651,Referral,Retargeting_General,Mumbai,Maharashtra,West,Mobile,Chrome,Healthcare,Medium,Mid-Market,10Cr-50Cr,91,12,Bootstrapped,25-50%,Director,Email,idika.mishra@chandmaniand.com,Existing Customer,2026-04-27 08:00:18
LEAD-01799,Email Campaign,Retargeting_General,Chennai,Tamil Nadu,South,Mobile,Chrome,Education,Medium,Mid-Market,1Cr-10Cr,151,29,Bootstrapped,10-25%,Senior Manager,Paid Search,upkaar.mahal@outlook.com,New Business,2026-01-11 11:32:23
LEAD-00139,Google,Q1_BFSI_Mumbai,Thane,Maharashtra,West,Mobile,Edge,BFSI,Large,Mid-Market,10Cr-50Cr,708,24,Unknown,10-25%,Analyst,Organic Search,bhavani.singh@swaminathanc.com,New Business,2026-03-04 19:02:25
LEAD-00504,LinkedIn,Brand_Awareness,Bangalore,Karnataka,South,Mobile,Chrome,BFSI,Medium,Mid-Market,10Cr-50Cr,128,7,Series C+,10-25%,Senior Manager,Paid Search,tamanna.jhaveri@munioza.com,New Business,2026-03-02 12:13:55
LEAD-00755,LinkedIn,Brand_Awareness,Navi Mumbai,Maharashtra,West,Tablet,Edge,Consulting,Medium,Mid-Market,10Cr-50Cr,146,7,Bootstrapped,25-50%,Director,Referral,balendra.acharya@ravalgroup.com,New Business,2026-05-10 15:16:56
LEAD-01059,Facebook,Retargeting_General,Bangalore,Karnataka,South,Desktop,Chrome,Healthcare,Large,Mid-Market,10Cr-50Cr,646,23,Series A,10-25%,Associate,Display Ad,ikshita.bansal@outlook.com,New Business,2026-03-11 19:43:36
LEAD-00127,Google,SaaS_Enterprise_Q1,Delhi,Delhi,North,Desktop,Safari,SaaS,Small,SMB,10Cr-50Cr,26,14,Public,10-25%,Senior Associate,Display Ad,rayaan.chada@majumdaranne.com,New Business,2026-01-03 12:36:38
LEAD-00268,Google,SaaS_Enterprise_Q1,Navi Mumbai,Maharashtra,West,Mobile,Chrome,Technology,Large,Mid-Market,50Cr-100Cr,529,17,Series C+,50%+,Director,Paid Search,faraj.chana@pillayllc.com,Existing Customer,2026-02-23 18:56:51
LEAD-01771,Email Campaign,Manufacturing_AI,Kolkata,West Bengal,East,Desktop,Edge,Healthcare,Large,Mid-Market,50Cr-100Cr,924,9,Series B,10-25%,Analyst,Email,netra.konda@nigamsarafan.com,New Business,2026-02-25 14:38:01
LEAD-00073,Google,Retargeting_General,Thane,Maharashtra,West,Mobile,Chrome,Technology,Medium,Mid-Market,10Cr-50Cr,88,13,Series C+,0-10%,Founder,Organic Search,reyansh.rastogi@kapoorinc.com,New Business,2026-02-09 20:48:41
LEAD-00148,Google,Q1_BFSI_Pune,Pune,Maharashtra,West,Desktop,Chrome,BFSI,Enterprise,Enterprise,100Cr+,6405,24,Public,0-10%,Manager,Organic Search,upma.manne@yahoo.com,Existing Customer,2026-02-11 18:21:16
LEAD-00963,Facebook,Brand_Awareness,Bangalore,Karnataka,South,Mobile,Chrome,Unknown,Enterprise,Enterprise,1Cr-10Cr,2550,38,Series B,10-25%,Manager,Social Media - Facebook,aadi.toor@gmail.com,Existing Customer,2026-05-18 21:11:12
LEAD-01237,Instagram,Brand_Awareness,Thane,Maharashtra,West,Mobile,Chrome,Healthcare,Small,Startup,1Cr-10Cr,39,5,Seed,25-50%,Associate,Content Marketing,shaurya.kar@outlook.com,New Business,2026-04-01 20:01:49
LEAD-00601,LinkedIn,Retargeting_General,Navi Mumbai,Maharashtra,West,Mobile,Opera,BFSI,Large,Mid-Market,50Cr-100Cr,622,5,Public,50%+,Senior Manager,Social Media - LinkedIn,unnati.murthy@galagroup.com,New Business,2026-01-08 16:07:09
LEAD-01338,Instagram,Startup_Founders,Mumbai,Maharashtra,West,Desktop,Firefox,BFSI,Small,SMB,<1Cr,23,4,Series C+,10-25%,Senior Manager,Display Ad,ikshita.bala@bathdaveandp.com,New Business,2026-05-23 08:49:06
LEAD-01890,Email Campaign,Retargeting_General,Delhi,Delhi,North,Desktop,Chrome,Real Estate,Large,Mid-Market,50Cr-100Cr,459,27,Series B,10-25%,Director,Paid Search,liam.srinivasan@outlook.com,New Business,2026-04-26 12:01:47
LEAD-00334,Google,Q1_BFSI_Pune,Pune,Maharashtra,West,Tablet,Chrome,Consulting,Small,Startup,<1Cr,34,4,Bootstrapped,Unknown,Owner,Paid Search,jyoti.sibal@balpatel.com,New Business,2026-01-26 21:43:49
LEAD-01525,Direct,Retargeting_General,Bangalore,Karnataka,South,Desktop,Chrome,Education,Medium,Mid-Market,1Cr-10Cr,78,11,Series C+,10-25%,Associate,Organic Search,sachi.chad@jhakorpal.com,Existing Customer,2026-01-03 11:01:14
LEAD-01177,Facebook,Brand_Awareness,Pune,Maharashtra,West,Desktop,Opera,Manufacturing,Medium,Mid-Market,100Cr+,221,15,Series B,10-25%,Manager,Social Media - Facebook,jagrati.nath@gmail.com,New Business,2026-05-31 16:43:17
LEAD-00525,LinkedIn,Retargeting_General,Ahmedabad,Gujarat,West,Mobile,Chrome,Technology,Large,Mid-Market,10Cr-50Cr,540,15,Series B,25-50%,Senior Associate,Paid Search,azaan.kannan@butalaplc.com,New Business,2026-01-19 16:38:24
LEAD-01748,Referral,Retargeting_General,Bangalore,Karnataka,South,Mobile,Chrome,Technology,Medium,Mid-Market,10Cr-50Cr,62,13,Public,10-25%,Executive,Email,hemal.purohit@bhattacharyy.com,Partner,2026-01-18 15:20:54
LEAD-00487,Google,Q1_BFSI_Mumbai,Navi Mumbai,Maharashtra,West,Desktop,Chrome,Healthcare,Small,Startup,<1Cr,20,4,Seed,25-50%,Senior Manager,Paid Search,forum.sarraf@natarajanrai.com,New Business,2026-04-17 10:31:58
LEAD-00031,Google,SaaS_Enterprise_Q1,Pune,Maharashtra,West,Mobile,Chrome,Technology,Enterprise,Enterprise,50Cr-100Cr,5558,21,Series C+,0-10%,Founder,Display Ad,siddharth.zacharia@wablesampath.com,Partner,2026-03-04 09:30:22
LEAD-01126,Facebook,Brand_Awareness,Chennai,Tamil Nadu,South,Mobile,Chrome,Manufacturing,Small,SMB,50Cr-100Cr,46,15,Public,25-50%,CXO,Paid Search,liam.guha@kakarghosean.com,Partner,2026-04-16 09:00:43
LEAD-01617,Referral,Retargeting_General,Mumbai,Maharashtra,West,Mobile,Edge,Logistics,Large,Mid-Market,100Cr+,909,7,Series B,25-50%,VP,Email,sai.venkataraman@chadllc.com,New Business,2026-05-04 19:39:19
LEAD-00766,LinkedIn,Brand_Awareness,Mumbai,Maharashtra,West,Mobile,Chrome,Healthcare,Enterprise,Enterprise,50Cr-100Cr,6704,23,Series C+,10-25%,Founder,Paid Search,yashoda.goel@bavasantands.com,New Business,2026-05-28 08:23:52
LEAD-01553,Direct,Retargeting_General,Mumbai,Maharashtra,West,Tablet,Opera,Retail,Small,SMB,1Cr-10Cr,50,13,Series A,Negative,Owner,Referral,ira.puri@balasubraman.com,Existing Customer,2026-04-13 12:55:25
LEAD-00711,LinkedIn,Brand_Awareness,Mumbai,Maharashtra,West,Mobile,Chrome,BFSI,Medium,Startup,,241,3,Series B,10-25%,CXO,Social Media - LinkedIn,nathan.suri@kadakiagangu.com,Existing Customer,2026-05-01 12:58:38
LEAD-00227,Google,Brand_Awareness,Mumbai,Maharashtra,West,Desktop,Safari,Real Estate,Large,Mid-Market,10Cr-50Cr,997,15,Series A,25-50%,Owner,Display Ad,ekta.raj@datellc.com,Existing Customer,2026-03-09 11:15:44
LEAD-00154,Google,Q1_BFSI_Mumbai,Mumbai,Maharashtra,West,Mobile,Chrome,BFSI,Medium,Startup,1Cr-10Cr,162,3,Series A,0-10%,Senior Manager,Display Ad,wakeeta.sarma@outlook.com,Existing Customer,2026-01-11 11:13:57
LEAD-01093,Facebook,Retargeting_General,Hyderabad,Telangana,South,Mobile,Edge,BFSI,Small,SMB,<1Cr,13,10,Public,10-25%,Founder,Social Media - Facebook,shaurya.nagi@munibajajand.com,New Business,2026-03-14 11:50:24
LEAD-01937,Organic Search,SaaS_Enterprise_Q1,Delhi,Delhi,North,Mobile,Chrome,SaaS,Enterprise,Enterprise,50Cr-100Cr,6643,31,Series B,10-25%,Manager,Organic Search,kai.chatterjee@gmail.com,New Business,2026-03-25 15:47:19
LEAD-00333,Google,Q1_BFSI_Mumbai,Pune,Maharashtra,West,Mobile,Edge,Real Estate,Medium,Mid-Market,10Cr-50Cr,174,16,Bootstrapped,0-10%,Senior Associate,Organic Search,liam.khalsa@kapurdaraand.com,New Business,2026-02-26 17:55:17
LEAD-01466,Direct,Retargeting_General,Pune,Maharashtra,West,Desktop,Edge,SaaS,Medium,Startup,10Cr-50Cr,104,3,Seed,Unknown,Executive,Referral,jagvi.sodhi@ramakrishnan.com,Existing Customer,2026-02-15 13:18:23
LEAD-00548,LinkedIn,Brand_Awareness,Navi Mumbai,Maharashtra,West,Mobile,Chrome,Education,Enterprise,Enterprise,,1108,25,Series C+,0-10%,CXO,Paid Search,noah.ben@butalaprabhu.com,Existing Customer,2026-05-02 13:18:32
LEAD-00072,Google,Q1_BFSI_Mumbai,Navi Mumbai,Maharashtra,West,Mobile,Chrome,SaaS,Medium,Mid-Market,10Cr-50Cr,250,10,Bootstrapped,0-10%,Analyst,Organic Search,inaya.mody@iyengargroup.com,New Business,2026-02-02 11:57:49
LEAD-01076,Facebook,Brand_Awareness,Ahmedabad,Gujarat,West,Mobile,Safari,SaaS,Medium,Mid-Market,10Cr-50Cr,66,19,Unknown,10-25%,Analyst,Paid Search,rishi.narayanan@balakrishnan.com,New Business,2026-01-02 09:11:12
LEAD-01679,Referral,Brand_Awareness,Kolkata,West Bengal,East,Desktop,Chrome,Technology,Large,Mid-Market,50Cr-100Cr,292,19,Series C+,Unknown,CXO,Referral,nirja.mitra@bhavsarandso.com,Existing Customer,2026-05-24 21:06:57
LEAD-01901,Organic Search,Brand_Awareness,Thane,Maharashtra,West,Mobile,Chrome,Healthcare,Medium,Mid-Market,10Cr-50Cr,113,30,Seed,25-50%,VP,Content Marketing,bhavini.pall@gmail.com,New Business,2026-04-06 12:11:45
LEAD-01534,Direct,Retargeting_General,Delhi,Delhi,North,Mobile,Chrome,Consulting,Medium,Mid-Market,10Cr-50Cr,236,28,Series B,10-25%,Senior Associate,Referral,wriddhish.khalsa@benandsons.com,New Business,2026-03-05 15:15:40
LEAD-00475,Google,SaaS_Enterprise_Q1,Hyderabad,Telangana,South,Mobile,Chrome,SaaS,Large,Mid-Market,,426,30,Series C+,0-10%,Senior Manager,Display Ad,jalsa.chhabra@duberamachan.com,New Business,2026-02-06 20:54:03
LEAD-00434,Google,Retargeting_General,Mumbai,Maharashtra,West,Mobile,Edge,Technology,Medium,Mid-Market,1Cr-10Cr,219,19,Series A,25-50%,Analyst,Paid Search,krish.rama@sachargroup.com,New Business,2026-02-14 12:50:44
LEAD-00539,LinkedIn,Brand_Awareness,Mumbai,Maharashtra,West,Mobile,Chrome,Retail,,SMB,<1Cr,18,12,Public,0-10%,CXO,Paid Search,girik.rau@yahoo.com,New Business,2026-05-02 09:31:39
LEAD-02000,Organic Search,SaaS_Enterprise_Q1,Hyderabad,Telangana,South,Mobile,Chrome,SaaS,Small,SMB,<1Cr,7,7,Bootstrapped,10-25%,Founder,Content Marketing,sudiksha.parmar@rajabakshian.com,Existing Customer,2026-03-08 14:07:05
LEAD-00195,Google,Retargeting_General,Mumbai,Maharashtra,West,Mobile,Chrome,Consulting,Large,Mid-Market,50Cr-100Cr,772,11,Series B,0-10%,CXO,Display Ad,watika.mangat@gmail.com,Existing Customer,2026-03-17 18:03:50
LEAD-00076,Google,Q1_BFSI_Pune,Mumbai,Maharashtra,West,Mobile,Edge,Healthcare,Large,Mid-Market,1Cr-10Cr,880,24,Series A,10-25%,Associate,Organic Search,alka.barad@lalandsons.com,New Business,2026-02-20 19:57:02
LEAD-00954,Facebook,Retargeting_General,Navi Mumbai,Maharashtra,West,Mobile,Edge,Education,Medium,Startup,10Cr-50Cr,67,3,Bootstrapped,Negative,Associate,Social Media - Facebook,gaurav.kothari@outlook.com,Partner,2026-02-22 11:09:17
LEAD-00069,Google,SaaS_Enterprise_Q1,Hyderabad,Telangana,South,Mobile,Firefox,BFSI,Large,Mid-Market,1Cr-10Cr,547,15,Series C+,10-25%,Associate,Organic Search,nitara.bakshi@gabaandsons.com,New Business,2026-01-23 10:24:34
LEAD-01618,Referral,Brand_Awareness,Pune,Maharashtra,West,Mobile,Chrome,Manufacturing,Large,Mid-Market,50Cr-100Cr,808,19,Series A,10-25%,Analyst,Direct,udyati.vala@karpebarman.com,New Business,2026-05-23 15:09:47
LEAD-00080,Google,SaaS_Enterprise_Q1,Delhi,Delhi,North,Mobile,Chrome,SaaS,Large,Mid-Market,50Cr-100Cr,568,22,Public,10-25%,Senior Manager,Display Ad,ekaraj.narayanan@hegdepatlaan.com,New Business,2026-05-15 09:41:42
LEAD-01806,Email Campaign,Healthcare_Demo,Navi Mumbai,Maharashtra,West,Mobile,Chrome,Healthcare,Large,Mid-Market,50Cr-100Cr,795,26,Series A,0-10%,Senior Associate,Email,amara.bera@datedharandr.com,New Business,2026-03-30 18:57:12
LEAD-00924,Facebook,Manufacturing_AI,Hyderabad,Telangana,South,Desktop,Edge,Manufacturing,Medium,Mid-Market,1Cr-10Cr,80,24,Bootstrapped,0-10%,Senior Manager,Display Ad,vamakshi.sibal@outlook.com,New Business,2026-05-09 13:49:30
LEAD-00619,LinkedIn,SaaS_Enterprise_Q1,Hyderabad,Telangana,South,Mobile,Edge,SaaS,Medium,Startup,10Cr-50Cr,77,5,Bootstrapped,0-10%,Senior Associate,Social Media - LinkedIn,lavanya.parmer@vorakrishand.com,New Business,2026-01-26 09:58:24
LEAD-00502,LinkedIn,Brand_Awareness,Chennai,Tamil Nadu,South,Mobile,Safari,Manufacturing,Enterprise,Enterprise,100Cr+,1346,51,Series B,0-10%,Senior Manager,Social Media - LinkedIn,vasudha.cheema@paiinc.com,New Business,2026-01-09 21:47:42
LEAD-00775,LinkedIn,Retargeting_General,Bangalore,Karnataka,South,Mobile,Firefox,Consulting,Enterprise,Enterprise,50Cr-100Cr,7423,58,Series C+,0-10%,CXO,Social Media - LinkedIn,daksh.iyengar@gmail.com,New Business,2026-03-08 21:35:10
LEAD-01028,Facebook,Brand_Awareness,Delhi,Delhi,North,Desktop,Safari,SaaS,Small,SMB,10Cr-50Cr,34,8,Bootstrapped,10-25%,Senior Associate,Social Media - Facebook,eiravati.sachdev@gmail.com,Existing Customer,2026-02-19 11:38:49
LEAD-01052,Facebook,Retargeting_General,Navi Mumbai,Maharashtra,West,Mobile,Chrome,Healthcare,Medium,Mid-Market,1Cr-10Cr,60,23,Series A,50%+,Director,Paid Search,maanav.gola@doctorgaba.com,Existing Customer,2026-01-06 18:52:58
LEAD-00547,LinkedIn,Brand_Awareness,Delhi,Delhi,North,Mobile,Chrome,Unknown,Large,Mid-Market,50Cr-100Cr,761,28,Series B,10-25%,VP,Social Media - LinkedIn,girik.patel@mittalduttan.com,New Business,2026-02-09 18:23:21
LEAD-00456,Google,Q1_BFSI_Mumbai,Mumbai,Maharashtra,West,Mobile,Chrome,Real Estate,Medium,Mid-Market,50Cr-100Cr,95,24,Series C+,25-50%,Intern,Display Ad,qushi.gola@badalthakkar.com,Partner,2026-02-15 15:39:05
LEAD-01200,Facebook,Retargeting_General,Navi Mumbai,Maharashtra,West,Tablet,Safari,Education,Small,Startup,<1Cr,42,2,Seed,10-25%,Manager,Social Media - Facebook,nisha.khare@yahoo.com,Existing Customer,2026-01-06 09:08:59
LEAD-00440,Google,Retargeting_General,Hyderabad,Telangana,South,Mobile,Chrome,BFSI,Medium,Startup,,74,1,Series A,50%+,VP,Paid Search,wriddhish.nagy@jayaramangro.com,New Business,2026-02-25 17:40:07
LEAD-00685,LinkedIn,Retargeting_General,Thane,Maharashtra,West,Mobile,Safari,BFSI,Enterprise,Enterprise,,9511,60,Public,25-50%,Executive,Paid Search,urvi.palla@sehgalgoel.com,New Business,2026-05-17 15:08:36
LEAD-00319,Google,SaaS_Enterprise_Q1,Bangalore,Karnataka,South,Mobile,Chrome,Consulting,Large,Mid-Market,1Cr-10Cr,807,18,Public,0-10%,Intern,Display Ad,ojas.sawhney@sehgalsandhu.com,New Business,2026-01-01 17:33:07
LEAD-01020,Facebook,Retargeting_General,Thane,Maharashtra,West,Tablet,Firefox,Healthcare,Small,SMB,1Cr-10Cr,15,5,Series A,Unknown,Senior Manager,Display Ad,anya.bhatia@mittalkeeran.com,New Business,2026-04-23 18:51:13
LEAD-01989,Organic Search,Brand_Awareness,Thane,Maharashtra,West,Desktop,Safari,Education,Large,Mid-Market,100Cr+,783,18,Series B,0-10%,Analyst,Organic Search,yashica.mander@gmail.com,New Business,2026-01-29 09:08:56
LEAD-01868,Email Campaign,SaaS_Enterprise_Q1,Delhi,Delhi,North,Mobile,Edge,SaaS,Small,SMB,1Cr-10Cr,46,10,Bootstrapped,25-50%,Senior Manager,Direct,aarush.dutta@magarjhaveri.com,Existing Customer,2026-03-27 16:17:51
LEAD-00423,Google,Q1_BFSI_Pune,Mumbai,Maharashtra,West,Mobile,Opera,BFSI,Large,Mid-Market,10Cr-50Cr,714,22,Series A,10-25%,Director,Display Ad,samuel.bhavsar@outlook.com,Existing Customer,2026-02-13 13:19:36
LEAD-00565,LinkedIn,SaaS_Enterprise_Q1,Bangalore,Karnataka,South,Desktop,Chrome,Technology,Enterprise,Enterprise,100Cr+,1035,17,Series C+,10-25%,Owner,Paid Search,urishilla.bora@salvipauandg.com,Partner,2026-04-17 15:36:19
LEAD-00602,LinkedIn,Brand_Awareness,Navi Mumbai,Maharashtra,West,Desktop,Chrome,BFSI,Large,Mid-Market,50Cr-100Cr,454,11,Unknown,10-25%,Director,Referral,ishita.johal@darawason.com,Existing Customer,2026-02-26 12:46:11
LEAD-00672,LinkedIn,Brand_Awareness,Mumbai,Maharashtra,West,Mobile,Chrome,BFSI,Large,Mid-Market,10Cr-50Cr,481,27,Series A,Negative,VP,Referral,anya.rau@solankibarad.com,New Business,2026-02-15 21:31:46
LEAD-00277,Google,Retargeting_General,Pune,Maharashtra,West,Desktop,Chrome,Technology,Enterprise,Enterprise,50Cr-100Cr,9068,18,Public,10-25%,Manager,Paid Search,kai.chad@mukherjeeram.com,New Business,2026-04-15 09:16:39
LEAD-00317,Google,SaaS_Enterprise_Q1,Bangalore,Karnataka,South,Mobile,Chrome,SaaS,Large,Mid-Market,10Cr-50Cr,868,22,Public,0-10%,Analyst,Organic Search,pranit.memon@outlook.com,New Business,2026-04-21 16:26:23
LEAD-01404,Direct,Brand_Awareness,Chennai,Tamil Nadu,South,Mobile,Safari,SaaS,Medium,Startup,1Cr-10Cr,212,4,Series A,50%+,Manager,Direct,wahab.sinha@bhargavabena.com,Partner,2026-03-29 14:17:03
LEAD-00818,LinkedIn,Brand_Awareness,Mumbai,Maharashtra,West,Mobile,Chrome,Logistics,Small,SMB,1Cr-10Cr,50,10,Series B,Unknown,VP,Paid Search,janya.mutti@gmail.com,New Business,2026-01-23 19:17:09
LEAD-00158,Google,Q1_BFSI_Mumbai,Navi Mumbai,Maharashtra,West,Mobile,Chrome,BFSI,Medium,Mid-Market,10Cr-50Cr,166,20,Series B,25-50%,Analyst,Paid Search,vyanjana.chand@gollasarin.com,Existing Customer,2026-04-21 10:43:37
LEAD-01364,Instagram,Startup_Founders,Navi Mumbai,Maharashtra,West,Mobile,Edge,SaaS,Small,SMB,<1Cr,38,6,Seed,50%+,Owner,Content Marketing,anjali.deshpande@bansaljaggia.com,Partner,2026-04-28 16:57:32
LEAD-01509,Direct,Retargeting_General,Delhi,Delhi,North,Mobile,Chrome,SaaS,,Mid-Market,100Cr+,656,23,Unknown,0-10%,VP,Referral,jacob.kala@shankardayal.com,New Business,2026-05-31 11:48:38
LEAD-00895,LinkedIn,SaaS_Enterprise_Q1,Hyderabad,Telangana,South,Mobile,Chrome,SaaS,Large,Mid-Market,10Cr-50Cr,790,8,Public,Unknown,Director,Referral,tanvi.dara@rameshghosh.com,New Business,2026-02-06 12:01:14
LEAD-01132,Facebook,Manufacturing_AI,Thane,Maharashtra,West,Mobile,Chrome,Manufacturing,Small,SMB,<1Cr,33,5,Series A,Negative,Manager,Paid Search,upkaar.grewal@senguptaraja.com,New Business,2026-01-31 08:10:05
LEAD-01808,Email Campaign,Healthcare_Demo,Bangalore,Karnataka,South,Mobile,Chrome,Healthcare,Enterprise,Enterprise,100Cr+,7160,10,Unknown,10-25%,Senior Associate,Email,yadavi.mangat@pandyasidhu.com,New Business,2026-03-13 09:47:34
LEAD-01967,Organic Search,Brand_Awareness,Navi Mumbai,Maharashtra,West,Mobile,Chrome,Retail,Medium,Mid-Market,1Cr-10Cr,204,14,Series B,10-25%,Manager,Organic Search,siya.saini@gmail.com,Existing Customer,2026-04-26 17:39:51
LEAD-00254,Google,Q1_BFSI_Pune,Delhi,Delhi,North,Mobile,Chrome,Manufacturing,Enterprise,Enterprise,100Cr+,8710,13,Unknown,10-25%,Senior Associate,Paid Search,brijesh.sarin@pandyaboraan.com,New Business,2026-02-09 09:30:56
LEAD-00413,Google,Q1_BFSI_Mumbai,Hyderabad,Telangana,South,Mobile,Safari,BFSI,Medium,Mid-Market,1Cr-10Cr,187,15,Series C+,0-10%,Associate,Organic Search,aarush.kamdar@bainsrandhaw.com,New Business,2026-01-18 10:10:17
LEAD-00922,Facebook,Retargeting_General,Mumbai,Maharashtra,West,Mobile,Safari,Education,Large,Mid-Market,50Cr-100Cr,434,10,Unknown,10-25%,Senior Associate,Paid Search,bhanumati.savant@yahoo.com,New Business,2026-05-13 21:06:29
LEAD-00167,Google,Q1_BFSI_Mumbai,Thane,Maharashtra,West,Mobile,Safari,BFSI,Enterprise,Enterprise,100Cr+,7933,60,Public,10-25%,Associate,Organic Search,girik.kar@atwalreddy.com,Existing Customer,2026-05-03 17:25:34
LEAD-00068,Google,SaaS_Enterprise_Q1,Bangalore,Karnataka,South,Mobile,Edge,Retail,Enterprise,Enterprise,100Cr+,8973,43,Unknown,0-10%,Senior Manager,Paid Search,niharika.dubey@krishchauhan.com,New Business,2026-02-20 17:03:00
LEAD-01154,Facebook,Brand_Awareness,Hyderabad,Telangana,South,Mobile,Chrome,SaaS,,Mid-Market,10Cr-50Cr,146,9,Unknown,25-50%,Analyst,Display Ad,radhika.arora@laladhillon.com,New Business,2026-04-07 10:50:25
LEAD-01936,Organic Search,Brand_Awareness,Mumbai,Maharashtra,West,Desktop,Chrome,Healthcare,Large,Mid-Market,10Cr-50Cr,335,15,Series B,25-50%,Analyst,Direct,xiti.hayer@mandalrao.com,New Business,2026-01-14 14:38:42
LEAD-01612,Referral,Retargeting_General,Mumbai,Maharashtra,West,Desktop,Safari,Healthcare,,Enterprise,-1,9985,40,Public,0-10%,Owner,Direct,kashvi.vora@golanagy.com,Partner,2026-04-02 16:14:46
LEAD-01997,Organic Search,Retargeting_General,Hyderabad,Telangana,South,Mobile,Firefox,Healthcare,Enterprise,Enterprise,100Cr+,6410,22,Public,25-50%,Manager,Content Marketing,abha.dutt@ramanathanlt.com,New Business,2026-01-27 12:32:41
LEAD-01573,Direct,Brand_Awareness,Pune,Maharashtra,West,Mobile,Chrome,Consulting,Large,Mid-Market,50Cr-100Cr,835,14,Series B,25-50%,Founder,Referral,gauri.venkatesh@oakinc.com,Existing Customer,2026-01-20 16:12:51
LEAD-00769,LinkedIn,Brand_Awareness,Bangalore,Karnataka,South,Tablet,Safari,Logistics,Enterprise,Enterprise,50Cr-100Cr,2701,15,Public,Negative,Founder,Referral,kiaan.devi@menonsethi.com,New Business,2026-04-16 09:31:47
LEAD-01689,Referral,Retargeting_General,Chennai,Tamil Nadu,South,Mobile,Chrome,Consulting,Enterprise,Enterprise,50Cr-100Cr,7955,17,Public,Negative,Senior Manager,Referral,oeshi.mani@nadkarnibara.com,New Business,2026-03-05 16:21:20
LEAD-00928,Facebook,Brand_Awareness,Chennai,Tamil Nadu,South,Mobile,Chrome,BFSI,Large,Mid-Market,10Cr-50Cr,795,28,Series B,25-50%,Manager,Social Media - Facebook,abha.dugal@pausachar.com,Existing Customer,2026-02-14 09:34:06
LEAD-00898,LinkedIn,Brand_Awareness,Delhi,Delhi,North,Mobile,Chrome,Real Estate,Enterprise,Enterprise,50Cr-100Cr,4321,16,Series C+,0-10%,Founder,Social Media - LinkedIn,warjas.luthra@ladgroverand.com,New Business,2026-05-28 15:24:18
LEAD-00015,Google,Q1_BFSI_Pune,Mumbai,Maharashtra,West,Desktop,Firefox,Logistics,Large,Mid-Market,10Cr-50Cr,752,8,Series B,50%+,Founder,Organic Search,diya.rattan@karnikinc.com,New Business,2026-02-23 15:45:09
LEAD-00232,Google,Brand_Awareness,Mumbai,Maharashtra,West,Mobile,Edge,BFSI,Large,Mid-Market,50Cr-100Cr,653,23,Series C+,25-50%,Associate,Paid Search,michael.som@kumerprasad.com,New Business,2026-05-06 10:03:23
LEAD-01535,Direct,Retargeting_General,Mumbai,Maharashtra,West,Mobile,Chrome,Technology,Enterprise,Enterprise,50Cr-100Cr,2634,18,Series C+,0-10%,Analyst,Direct,lekha.contractor@gmail.com,Partner,2026-01-13 09:33:29
LEAD-00765,LinkedIn,Retargeting_General,Bangalore,Karnataka,South,Mobile,Opera,Technology,Large,Mid-Market,10Cr-50Cr,379,25,Series A,10-25%,Owner,Social Media - LinkedIn,aayush.wali@thamandesaia.com,New Business,2026-05-29 09:02:13
LEAD-00968,Facebook,Retargeting_General,Thane,Maharashtra,West,Desktop,Chrome,Retail,Medium,Mid-Market,10Cr-50Cr,194,28,Unknown,10-25%,Senior Manager,Social Media - Facebook,saksham.chhabra@gmail.com,Existing Customer,2026-02-25 17:32:28
LEAD-00111,Google,Q1_BFSI_Pune,Mumbai,Maharashtra,West,Mobile,Chrome,BFSI,Large,Mid-Market,50Cr-100Cr,760,5,Unknown,25-50%,Manager,Display Ad,inaya.kapur@zachariainc.com,New Business,2026-01-16 11:37:22
LEAD-00106,Google,Brand_Awareness,Chennai,Tamil Nadu,South,Mobile,Chrome,Consulting,Medium,Mid-Market,1Cr-10Cr,219,24,Series A,10-25%,Senior Manager,Paid Search,avi.ramesh@gandhisibala.com,New Business,2026-03-28 21:59:36
LEAD-00598,LinkedIn,Retargeting_General,Bangalore,Karnataka,South,Tablet,Chrome,Healthcare,Large,Mid-Market,10Cr-50Cr,456,25,Series C+,50%+,Senior Associate,Referral,divya.ramaswamy@mannellc.com,New Business,2026-01-18 13:12:42
LEAD-00732,LinkedIn,SaaS_Enterprise_Q1,Hyderabad,Telangana,South,Mobile,Safari,BFSI,Enterprise,Enterprise,100Cr+,1711,48,Public,0-10%,Senior Associate,Referral,wahab.agate@srivastavall.com,Existing Customer,2026-03-18 10:43:27
LEAD-01770,Email Campaign,Manufacturing_AI,,Karnataka,South,Desktop,Chrome,Consulting,Enterprise,Enterprise,50Cr-100Cr,7251,50,Public,Negative,Senior Associate,Email,jacob.varma@gmail.com,Existing Customer,2026-03-15 16:43:52
LEAD-01961,Organic Search,SaaS_Enterprise_Q1,Hyderabad,Telangana,South,Desktop,Safari,Logistics,Medium,Mid-Market,1Cr-10Cr,188,30,Seed,10-25%,Director,Content Marketing,arya.sha@soniinc.com,Existing Customer,2026-02-05 08:58:53
LEAD-01131,Facebook,Retargeting_General,Mumbai,Maharashtra,West,Desktop,Chrome,Logistics,Medium,Mid-Market,,145,25,Unknown,Unknown,Manager,Paid Search,yashodhara.samra@sandalgolean.com,New Business,2026-04-18 15:02:17
LEAD-00914,Facebook,Retargeting_General,Hyderabad,Telangana,South,Mobile,Chrome,BFSI,Enterprise,Enterprise,100Cr+,5919,12,Series B,Negative,Founder,Display Ad,hemal.kari@gmail.com,New Business,2026-03-01 20:59:57
LEAD-00999,Facebook,Retargeting_General,Navi Mumbai,Maharashtra,West,Mobile,Firefox,Logistics,Medium,Mid-Market,1Cr-10Cr,181,11,Unknown,50%+,Intern,Paid Search,vasana.hora@yahoo.com,New Business,2026-02-26 20:01:12
LEAD-00754,LinkedIn,Brand_Awareness,Bangalore,Karnataka,South,Mobile,Edge,Logistics,Large,Mid-Market,100Cr+,750,6,Series B,0-10%,Director,Referral,widisha.badami@muttidani.com,New Business,2026-03-15 14:26:54
LEAD-01978,Organic Search,Retargeting_General,Bangalore,Karnataka,South,Mobile,Brave,Technology,Enterprise,Enterprise,50Cr-100Cr,6585,23,Series C+,25-50%,Senior Associate,Organic Search,januja.babu@outlook.com,Existing Customer,2026-02-05 08:06:06
LEAD-00236,Google,Q1_BFSI_Pune,Pune,Maharashtra,West,Desktop,Edge,Real Estate,Large,Mid-Market,10Cr-50Cr,954,20,Series A,10-25%,Executive,Organic Search,hemang.tripathi@munipandey.com,New Business,2026-01-06 14:57:54
LEAD-00056,Google,Q1_BFSI_Mumbai,Mumbai,Maharashtra,West,Mobile,Opera,Real Estate,Medium,Mid-Market,1Cr-10Cr,106,12,Bootstrapped,25-50%,Executive,Organic Search,tanay.toor@gmail.com,Existing Customer,2026-02-08 08:17:54
LEAD-00091,Google,Q1_BFSI_Pune,,Maharashtra,West,Desktop,Chrome,BFSI,Large,Mid-Market,10Cr-50Cr,604,12,Series C+,10-25%,Manager,Paid Search,yagnesh.divan@rajagopalant.com,New Business,2026-02-19 17:47:48
LEAD-01964,Organic Search,Brand_Awareness,Mumbai,Maharashtra,West,Mobile,Edge,Education,Small,SMB,<1Cr,14,3,Public,0-10%,CXO,Content Marketing,chatura.kakar@solankikala.com,Existing Customer,2026-05-31 10:32:02
LEAD-00346,Google,Q1_BFSI_Mumbai,Hyderabad,Telangana,South,Tablet,Chrome,SaaS,,Mid-Market,10Cr-50Cr,172,19,Seed,10-25%,Director,Organic Search,bimala.mittal@outlook.com,Partner,2026-01-18 16:28:08
LEAD-00485,Google,Brand_Awareness,Mumbai,Maharashtra,West,Mobile,Chrome,Retail,Small,Startup,1Cr-10Cr,38,4,Seed,25-50%,Manager,Organic Search,warhi.hayre@krishnamurth.com,New Business,2026-04-15 18:58:17
LEAD-01842,Email Campaign,Q1_BFSI_Mumbai,Chennai,Tamil Nadu,South,Mobile,Chrome,BFSI,Medium,Mid-Market,10Cr-50Cr,55,5,Seed,Unknown,Senior Manager,Email,adya.kota@gmail.com,New Business,2026-01-29 14:47:44
LEAD-01879,Email Campaign,Retargeting_General,Mumbai,Maharashtra,West,Mobile,Chrome,Healthcare,Medium,Mid-Market,10Cr-50Cr,232,13,Bootstrapped,0-10%,Analyst,Email,samar.rana@nairllc.com,New Business,2026-03-21 13:32:34
LEAD-00811,LinkedIn,Retargeting_General,Thane,Maharashtra,West,Desktop,Chrome,Retail,Enterprise,Enterprise,100Cr+,5934,55,Series B,0-10%,Director,Referral,hemangini.kakar@chadamodyand.com,New Business,2026-05-13 20:42:54
LEAD-01678,Referral,Retargeting_General,Mumbai,Maharashtra,West,Desktop,Chrome,Healthcare,Medium,Mid-Market,100Cr+,245,23,Seed,0-10%,Owner,Email,arya.pillay@bhattiltd.com,Existing Customer,2026-04-09 12:30:31
LEAD-00220,Google,Brand_Awareness,Delhi,Delhi,North,Mobile,Chrome,Technology,Large,Mid-Market,50Cr-100Cr,431,12,Series B,25-50%,Executive,Organic Search,ekiya.babu@parmarandson.com,New Business,2026-04-02 17:01:45
LEAD-01814,Email Campaign,Q1_BFSI_Mumbai,Delhi,Delhi,North,Mobile,Edge,Consulting,Enterprise,Enterprise,100Cr+,5224,27,Series C+,Negative,Owner,Paid Search,akshay.gupta@waliadashand.com,New Business,2026-01-09 08:20:18
LEAD-00173,Google,Brand_Awareness,Mumbai,Maharashtra,West,Mobile,Opera,Education,Enterprise,Enterprise,100Cr+,4023,21,Series C+,0-10%,Associate,Paid Search,chanchal.suri@mandalltd.com,New Business,2026-04-21 14:01:47
LEAD-00503,LinkedIn,Retargeting_General,Mumbai,Maharashtra,West,Mobile,Chrome,Education,Small,SMB,<1Cr,45,7,Seed,10-25%,Founder,Paid Search,jack.dhar@sagarchada.com,Partner,2026-02-01 16:55:15
LEAD-00205,Google,Q1_BFSI_Mumbai,Thane,Maharashtra,West,Desktop,Chrome,Healthcare,Medium,Mid-Market,10Cr-50Cr,130,15,Unknown,50%+,VP,Organic Search,hritik.kaur@lalarajandpr.com,Existing Customer,2026-01-13 12:36:50
LEAD-00667,LinkedIn,Retargeting_General,Ahmedabad,Gujarat,West,Mobile,Safari,SaaS,Enterprise,Enterprise,50Cr-100Cr,5768,15,Series B,10-25%,Director,Social Media - LinkedIn,mekhala.nanda@bhavsarchaha.com,Partner,2026-03-29 19:37:59
LEAD-01982,Organic Search,SaaS_Enterprise_Q1,Hyderabad,Telangana,South,Tablet,Chrome,Technology,Large,Mid-Market,10Cr-50Cr,891,9,Series B,10-25%,Owner,Content Marketing,peter.gaba@sanghaprakas.com,New Business,2026-03-14 14:20:24
LEAD-01754,Referral,Retargeting_General,Bangalore,Karnataka,South,Mobile,Chrome,Education,Enterprise,Enterprise,,5564,25,Unknown,50%+,VP,Referral,tristan.chhabra@datevenkates.com,Partner,2026-01-05 21:51:02
LEAD-01564,Direct,Retargeting_General,Bangalore,Karnataka,South,Mobile,Edge,Logistics,Medium,Mid-Market,10Cr-50Cr,102,12,Series A,0-10%,Executive,Direct,rachana.ray@outlook.com,New Business,2026-02-09 09:43:34
LEAD-01926,Organic Search,Brand_Awareness,Ahmedabad,Gujarat,West,Mobile,Chrome,Real Estate,,Mid-Market,10Cr-50Cr,923,30,Unknown,Unknown,Director,Direct,jeremiah.kakar@viggroup.com,New Business,2026-03-12 16:50:06
LEAD-01974,Organic Search,Retargeting_General,Pune,Maharashtra,West,Mobile,Edge,Logistics,,Mid-Market,10Cr-50Cr,988,14,Series A,25-50%,Senior Manager,Organic Search,adya.verma@comarray.com,New Business,2026-04-05 14:14:58
LEAD-00675,LinkedIn,Brand_Awareness,Thane,Maharashtra,West,Mobile,Safari,Manufacturing,Large,Mid-Market,100Cr+,719,25,Series A,25-50%,Director,Social Media - LinkedIn,deepa.mand@nazarethllc.com,Existing Customer,2026-02-05 15:44:30
LEAD-01516,Direct,Retargeting_General,Ahmedabad,Gujarat,West,Desktop,Chrome,SaaS,Large,Mid-Market,50Cr-100Cr,459,28,Unknown,10-25%,Senior Associate,Referral,ikshita.bir@sureshagatea.com,New Business,2026-03-27 21:25:55
LEAD-00986,Facebook,Manufacturing_AI,Kolkata,West Bengal,East,Mobile,Safari,Manufacturing,Large,Mid-Market,1Cr-10Cr,382,21,Public,25-50%,Manager,Paid Search,ishani.dugal@baradgroup.com,New Business,2026-02-05 08:38:51
LEAD-00163,Google,Q1_BFSI_Mumbai,Navi Mumbai,Maharashtra,West,Mobile,,BFSI,Large,Mid-Market,50Cr-100Cr,257,17,Series A,10-25%,Director,Organic Search,chatura.guha@agarwalshere.com,Existing Customer,2026-02-25 13:28:21
LEAD-01345,Instagram,Startup_Founders,Bangalore,Karnataka,South,Desktop,Safari,Healthcare,Large,Mid-Market,10Cr-50Cr,777,8,Series B,10-25%,Senior Manager,Social Media - Instagram,krishna.ramakrishnan@yahoo.com,New Business,2026-04-16 16:14:06
LEAD-01017,Facebook,Retargeting_General,Navi Mumbai,Maharashtra,West,Mobile,Safari,Consulting,Small,SMB,<1Cr,11,7,Unknown,0-10%,Senior Manager,Paid Search,yug.wagle@bainsbaral.com,New Business,2026-02-18 17:19:58
LEAD-01160,Facebook,Manufacturing_AI,Ahmedabad,Gujarat,West,Mobile,Chrome,Real Estate,Small,SMB,1Cr-10Cr,48,4,Seed,0-10%,Senior Manager,Paid Search,guneet.vohra@outlook.com,Partner,2026-02-12 11:01:51
LEAD-01254,Instagram,Startup_Founders,Hyderabad,Telangana,South,Mobile,Chrome,Technology,Small,SMB,<1Cr,47,6,Series A,50%+,Senior Associate,Display Ad,jackson.barman@dubeedwinand.com,New Business,2026-01-11 21:23:40
LEAD-00692,LinkedIn,Retargeting_General,Thane,Maharashtra,West,Tablet,Chrome,Technology,Enterprise,Enterprise,,5245,10,Public,0-10%,Owner,Referral,tejas.shukla@sharafkrishn.com,New Business,2026-02-09 18:08:09
LEAD-01561,Direct,Retargeting_General,Bangalore,Karnataka,South,Mobile,Edge,Unknown,Large,Mid-Market,,500,12,Series B,10-25%,Manager,Organic Search,dhruv.datta@gillbhattach.com,Partner,2026-05-23 11:56:55
LEAD-00134,Google,Q1_BFSI_Mumbai,Thane,Maharashtra,West,Mobile,Chrome,Real Estate,Medium,Mid-Market,10Cr-50Cr,65,19,Seed,0-10%,Associate,Paid Search,qasim.handa@outlook.com,Existing Customer,2026-01-04 16:29:43
LEAD-00352,Google,Q1_BFSI_Pune,Delhi,Delhi,North,Mobile,Chrome,BFSI,Large,Mid-Market,10Cr-50Cr,983,19,Series C+,25-50%,Associate,Display Ad,shivani.kota@dasloke.com,New Business,2026-01-10 08:31:13
LEAD-01858,Email Campaign,Manufacturing_AI,Bangalore,Karnataka,South,Mobile,Safari,Manufacturing,Medium,Mid-Market,10Cr-50Cr,147,29,Bootstrapped,Negative,Associate,Paid Search,rayaan.hans@darainc.com,Existing Customer,2026-04-07 08:36:20
LEAD-01624,Referral,Brand_Awareness,Mumbai,Maharashtra,West,Mobile,Chrome,Real Estate,Enterprise,Enterprise,50Cr-100Cr,4543,49,Series C+,0-10%,CXO,Referral,balvan.iyer@borallc.com,Existing Customer,2026-02-18 20:49:02
LEAD-00203,Google,Q1_BFSI_Pune,Pune,Maharashtra,West,Mobile,Safari,BFSI,Small,Startup,<1Cr,31,3,Series A,10-25%,Owner,Organic Search,megha.atwal@outlook.com,New Business,2026-02-24 08:35:51
LEAD-01070,Facebook,Manufacturing_AI,Mumbai,Maharashtra,West,Mobile,Chrome,Logistics,Small,SMB,1Cr-10Cr,3,13,Seed,10-25%,Executive,Display Ad,bina.hari@yahoo.com,New Business,2026-03-15 13:51:32
LEAD-01687,Referral,Retargeting_General,Thane,Maharashtra,West,Mobile,Chrome,BFSI,Enterprise,Enterprise,100Cr+,7178,40,Series C+,10-25%,Executive,Referral,keya.jayaraman@jaggidoshi.com,New Business,2026-05-21 14:44:18
LEAD-00020,Google,Retargeting_General,Bangalore,Karnataka,South,Desktop,Chrome,Real Estate,Enterprise,Enterprise,100Cr+,5439,29,Series B,10-25%,Senior Associate,Organic Search,imaran.dua@chandbatta.com,New Business,2026-01-31 19:12:20
LEAD-00927,Facebook,Brand_Awareness,Pune,Maharashtra,West,Mobile,Opera,Manufacturing,Medium,Mid-Market,10Cr-50Cr,57,22,Public,Unknown,Manager,Display Ad,gaurav.sathe@zachariakara.com,New Business,2026-03-17 13:26:01
LEAD-00394,Google,Q1_BFSI_Pune,Pune,Maharashtra,West,Desktop,Chrome,Real Estate,Medium,Startup,1Cr-10Cr,156,3,Seed,Negative,Analyst,Display Ad,wakeeta.desai@gmail.com,Existing Customer,2026-02-27 19:57:12
LEAD-01762,Email Campaign,Manufacturing_AI,Mumbai,Maharashtra,West,Desktop,Chrome,Healthcare,Medium,Mid-Market,1Cr-10Cr,228,26,Public,Unknown,Associate,Email,geetika.sami@duttabainsan.com,Existing Customer,2026-04-10 09:26:30
LEAD-01767,Email Campaign,Healthcare_Demo,Hyderabad,Telangana,South,Mobile,Safari,Consulting,Enterprise,Enterprise,50Cr-100Cr,9318,52,Public,0-10%,Associate,Email,tejas.hayre@dhillonkadak.com,New Business,2026-02-17 18:41:29
LEAD-00594,LinkedIn,Brand_Awareness,Ahmedabad,Gujarat,West,Mobile,Safari,Real Estate,Enterprise,Enterprise,50Cr-100Cr,7291,39,Series C+,0-10%,Owner,Paid Search,ati.chander@bhasindhar.com,New Business,2026-01-26 13:41:43
LEAD-01622,Referral,Retargeting_General,Mumbai,Maharashtra,West,Desktop,Chrome,Healthcare,Enterprise,Enterprise,100Cr+,4874,35,Public,0-10%,Director,Referral,fitan.menon@borraparmer.com,New Business,2026-04-17 19:08:04
LEAD-00396,Google,Q1_BFSI_Mumbai,Delhi,Delhi,North,Mobile,Chrome,BFSI,Large,Mid-Market,50Cr-100Cr,594,23,Series B,Negative,Senior Manager,Display Ad,aarini.grewal@gmail.com,New Business,2026-02-11 21:09:11
LEAD-01300,Instagram,Brand_Awareness,Mumbai,Maharashtra,West,Mobile,Chrome,Technology,Small,SMB,1Cr-10Cr,11,8,Bootstrapped,50%+,Manager,Content Marketing,hritik.bali@outlook.com,Partner,2026-02-26 21:44:14
LEAD-01907,Organic Search,SaaS_Enterprise_Q1,Delhi,Delhi,North,Mobile,Opera,SaaS,Large,Mid-Market,10Cr-50Cr,470,10,Series A,10-25%,Manager,Content Marketing,panini.srivastava@nagartalwar.com,Partner,2026-02-22 18:18:21
LEAD-01859,Email Campaign,SaaS_Enterprise_Q1,Ahmedabad,Gujarat,West,Mobile,Opera,SaaS,,Mid-Market,1Cr-10Cr,200,25,Public,25-50%,Senior Associate,Direct,hemal.mitra@sehgalchaudh.com,New Business,2026-03-26 14:00:10
LEAD-01127,Facebook,Brand_Awareness,Navi Mumbai,Maharashtra,West,Mobile,Edge,Logistics,Medium,Mid-Market,50Cr-100Cr,179,10,Bootstrapped,50%+,Executive,Paid Search,mitesh.mani@rajagopalanp.com,New Business,2026-05-25 14:51:59
LEAD-00883,LinkedIn,Brand_Awareness,Mumbai,Maharashtra,West,Mobile,Edge,Consulting,Medium,Mid-Market,10Cr-50Cr,80,16,Bootstrapped,50%+,Director,Paid Search,thomas.karpe@rajaltd.com,Existing Customer,2026-02-26 19:04:20
LEAD-00095,Google,Brand_Awareness,Bangalore,Karnataka,South,Mobile,Safari,SaaS,Medium,Mid-Market,10Cr-50Cr,71,18,Series A,25-50%,Founder,Display Ad,nathan.soman@thamansandhu.com,New Business,2026-02-16 16:18:20
LEAD-00365,Google,Brand_Awareness,Hyderabad,Telangana,South,Desktop,Chrome,Unknown,Large,Mid-Market,50Cr-100Cr,976,6,Series B,10-25%,Senior Manager,Display Ad,xiti.baria@upadhyaygrou.com,Existing Customer,2026-03-10 16:02:46
LEAD-01511,Direct,Brand_Awareness,Mumbai,Maharashtra,West,Mobile,Chrome,Healthcare,Enterprise,Enterprise,100Cr+,3808,19,Series B,10-25%,Manager,Organic Search,jai.pingle@regeinc.com,Partner,2026-03-26 16:26:08
LEAD-00140,Google,SaaS_Enterprise_Q1,Delhi,Delhi,North,Desktop,Firefox,SaaS,Large,Mid-Market,10Cr-50Cr,490,28,Series C+,25-50%,Senior Manager,Display Ad,qarin.behl@sastryoak.com,Existing Customer,2026-01-19 18:33:14
LEAD-00952,Facebook,Retargeting_General,Hyderabad,Telangana,South,Mobile,Chrome,Technology,Small,SMB,1Cr-10Cr,15,2,Series A,10-25%,VP,Display Ad,oliver.majumdar@sarafnairand.com,New Business,2026-05-30 12:09:37
LEAD-01531,Direct,Retargeting_General,Mumbai,Maharashtra,West,Mobile,Chrome,BFSI,Medium,Mid-Market,10Cr-50Cr,172,25,Bootstrapped,25-50%,Executive,Referral,pratyush.bala@garabhargava.com,Partner,2026-05-07 13:52:16
LEAD-01403,Direct,Brand_Awareness,Pune,Maharashtra,West,Mobile,Chrome,BFSI,Medium,Mid-Market,10Cr-50Cr,250,21,Series A,50%+,Manager,Direct,elijah.chandran@yahoo.com,Partner,2026-05-28 10:08:54
LEAD-01696,Referral,Brand_Awareness,Chennai,Tamil Nadu,South,Desktop,Firefox,Unknown,Enterprise,Enterprise,100Cr+,7600,19,Series C+,10-25%,CXO,Referral,deepa.gala@brarsandhuan.com,New Business,2026-02-17 16:33:53
LEAD-01484,Direct,Retargeting_General,Mumbai,Maharashtra,West,Desktop,Firefox,BFSI,Medium,Mid-Market,1Cr-10Cr,102,17,Seed,Unknown,CXO,Organic Search,nimrat.shanker@sanghvigroup.com,Partner,2026-01-04 15:07:09
LEAD-01374,Instagram,Brand_Awareness,Mumbai,Maharashtra,West,Mobile,Brave,Education,Small,SMB,<1Cr,3,15,Bootstrapped,25-50%,Director,Social Media - Instagram,pallavi.soman@yahoo.com,New Business,2026-03-16 12:01:50
LEAD-01887,Email Campaign,Q1_BFSI_Mumbai,Mumbai,Maharashtra,West,Mobile,Chrome,BFSI,Enterprise,Enterprise,1Cr-10Cr,8716,55,Series C+,0-10%,Senior Manager,Direct,ansh.choudhary@chaudhrypuro.com,Existing Customer,2026-01-23 19:40:36
LEAD-01517,Direct,Retargeting_General,Delhi,Delhi,North,Mobile,Edge,Retail,Enterprise,Enterprise,50Cr-100Cr,8723,10,Series B,10-25%,Senior Manager,Direct,dayita.sethi@sahnigroup.com,Existing Customer,2026-04-21 20:05:59
LEAD-01144,Facebook,Retargeting_General,Mumbai,Maharashtra,West,Mobile,Chrome,Retail,Enterprise,Enterprise,100Cr+,6262,23,Series B,10-25%,Associate,Paid Search,arunima.krishnan@yahoo.com,Partner,2026-05-29 16:11:07
LEAD-01037,Facebook,Retargeting_General,Pune,Maharashtra,West,Desktop,Chrome,Retail,Medium,Mid-Market,10Cr-50Cr,123,15,Series C+,10-25%,Senior Associate,Display Ad,tanvi.koshy@surinair.com,Existing Customer,2026-02-20 12:40:27
LEAD-00876,LinkedIn,Brand_Awareness,Mumbai,Maharashtra,West,Desktop,Firefox,Retail,Enterprise,Enterprise,50Cr-100Cr,8355,36,Public,0-10%,Senior Associate,Referral,bhavani.pall@biswasinc.com,New Business,2026-04-22 12:48:30
LEAD-00728,LinkedIn,Brand_Awareness,Bangalore,Karnataka,South,Mobile,Chrome,Retail,Large,Mid-Market,1Cr-10Cr,975,7,Public,10-25%,VP,Social Media - LinkedIn,omya.cheema@venkateshmad.com,Existing Customer,2026-05-03 20:36:57
LEAD-01469,Direct,Brand_Awareness,Navi Mumbai,Maharashtra,West,Mobile,Safari,Education,Enterprise,Enterprise,50Cr-100Cr,3008,28,Public,0-10%,VP,Direct,chavvi.keer@sagargroup.com,Existing Customer,2026-03-09 18:34:37
LEAD-01155,Facebook,Brand_Awareness,Thane,Maharashtra,West,Mobile,Chrome,Manufacturing,Medium,Mid-Market,10Cr-50Cr,148,24,Public,10-25%,Analyst,Paid Search,diya.wagle@senraja.com,New Business,2026-01-07 18:59:36
LEAD-00301,Google,Retargeting_General,Mumbai,Maharashtra,West,Mobile,Chrome,SaaS,,Enterprise,50Cr-100Cr,5108,16,Public,10-25%,Founder,Organic Search,amol.varma@choudhrygrou.com,New Business,2026-05-29 15:21:22
LEAD-01259,Instagram,Retargeting_General,Thane,Maharashtra,West,Mobile,Chrome,Real Estate,Medium,Mid-Market,<1Cr,111,20,Series A,0-10%,Senior Manager,Social Media - Instagram,tara.nagarajan@tatadhillon.com,New Business,2026-05-21 19:57:33
LEAD-01510,Direct,Retargeting_General,Bangalore,Karnataka,South,Desktop,Chrome,Consulting,Large,Mid-Market,50Cr-100Cr,712,14,Series B,Negative,VP,Referral,naksh.pingle@solankibali.com,Existing Customer,2026-03-11 14:16:01
LEAD-00121,Google,Q1_BFSI_Mumbai,Thane,Maharashtra,West,Desktop,Safari,Education,Large,Mid-Market,50Cr-100Cr,972,11,Series C+,0-10%,Senior Manager,Display Ad,patrick.vig@outlook.com,Existing Customer,2026-01-31 13:35:59
LEAD-00929,Facebook,Brand_Awareness,Thane,Maharashtra,West,Mobile,Safari,Technology,Small,SMB,1Cr-10Cr,30,13,Series B,50%+,Founder,Display Ad,laban.padmanabhan@anneacharya.com,New Business,2026-05-15 17:29:02
LEAD-01048,Facebook,Retargeting_General,Pune,Maharashtra,West,Mobile,Chrome,Healthcare,,Mid-Market,1Cr-10Cr,62,23,Bootstrapped,10-25%,Executive,Display Ad,nihal.dasgupta@yahoo.com,New Business,2026-02-09 13:55:16
LEAD-01492,Direct,Brand_Awareness,Mumbai,Maharashtra,West,Desktop,Firefox,Technology,Large,Mid-Market,50Cr-100Cr,646,7,Series C+,0-10%,Manager,Organic Search,balhaar.yogi@mitrainc.com,New Business,2026-03-12 20:30:02
LEAD-00576,LinkedIn,SaaS_Enterprise_Q1,Hyderabad,Telangana,South,Mobile,Brave,Technology,Large,Mid-Market,10Cr-50Cr,819,19,Public,10-25%,VP,Paid Search,amruta.dalal@prabhuandson.com,New Business,2026-03-16 18:10:00
LEAD-01882,Email Campaign,Healthcare_Demo,Chennai,Tamil Nadu,South,Mobile,Chrome,Healthcare,Large,Mid-Market,10Cr-50Cr,893,13,Series A,10-25%,Senior Associate,Email,ranbir.swaminathan@goyalgoda.com,New Business,2026-03-14 15:36:51
LEAD-00171,Google,Q1_BFSI_Pune,Bangalore,Karnataka,South,Mobile,Safari,BFSI,Medium,Mid-Market,1Cr-10Cr,138,19,Seed,25-50%,Senior Manager,Display Ad,laban.boase@yahoo.com,New Business,2026-01-23 15:06:28
LEAD-01066,Facebook,Retargeting_General,Mumbai,Maharashtra,West,Desktop,Chrome,Consulting,Large,Mid-Market,50Cr-100Cr,629,7,Series B,25-50%,Associate,Paid Search,shaurya.kadakia@vyassachdev.com,Partner,2026-03-18 18:25:58
LEAD-00580,LinkedIn,SaaS_Enterprise_Q1,Bangalore,Karnataka,South,Mobile,Chrome,SaaS,Medium,Mid-Market,1Cr-10Cr,52,5,Bootstrapped,10-25%,Manager,Social Media - LinkedIn,aadhya.chauhan@ganesanpilla.com,Existing Customer,2026-03-31 19:31:48
LEAD-01030,Facebook,Manufacturing_AI,Ahmedabad,Gujarat,West,Mobile,Chrome,Manufacturing,Large,Mid-Market,50Cr-100Cr,509,20,Public,25-50%,Senior Manager,Display Ad,qasim.bal@chhabraandso.com,New Business,2026-03-02 13:41:40
LEAD-01537,Direct,Brand_Awareness,Navi Mumbai,Maharashtra,West,Desktop,Firefox,Retail,Enterprise,Enterprise,50Cr-100Cr,2697,47,Series C+,10-25%,Manager,Referral,nikita.kaur@suleinc.com,Existing Customer,2026-03-06 19:22:11
LEAD-00809,LinkedIn,Brand_Awareness,Navi Mumbai,Maharashtra,West,Desktop,Chrome,Real Estate,Large,Mid-Market,50Cr-100Cr,504,20,Series B,25-50%,Founder,Referral,lohit.dasgupta@prakashapte.com,New Business,2026-01-05 17:43:18
LEAD-01045,Facebook,Manufacturing_AI,Ahmedabad,Gujarat,West,Desktop,Opera,Manufacturing,Medium,Startup,1Cr-10Cr,176,1,Bootstrapped,0-10%,Manager,Paid Search,isaiah.gole@yahoo.com,New Business,2026-03-05 18:45:59
LEAD-01273,Instagram,Startup_Founders,Bangalore,Karnataka,South,Mobile,Safari,Technology,Small,SMB,<1Cr,18,3,Bootstrapped,10-25%,Senior Associate,Content Marketing,chavvi.soman@outlook.com,New Business,2026-03-24 08:29:26
LEAD-00718,LinkedIn,SaaS_Enterprise_Q1,Bangalore,Karnataka,South,Mobile,Chrome,SaaS,Medium,Mid-Market,10Cr-50Cr,51,10,Unknown,25-50%,Director,Paid Search,bina.shah@bathllc.com,New Business,2026-05-12 15:32:45
LEAD-01233,Instagram,Retargeting_General,Chennai,Tamil Nadu,South,Mobile,Chrome,Manufacturing,Medium,Mid-Market,<1Cr,117,10,Series A,50%+,Executive,Display Ad,yutika.patla@yahoo.com,New Business,2026-02-07 17:42:36
LEAD-00554,LinkedIn,Brand_Awareness,Mumbai,Maharashtra,West,Mobile,Chrome,Technology,Enterprise,Enterprise,50Cr-100Cr,8245,54,Series B,50%+,Owner,Social Media - LinkedIn,jhalak.mistry@chaudrychauh.com,New Business,2026-04-14 20:12:56
LEAD-00309,Google,SaaS_Enterprise_Q1,Bangalore,Karnataka,South,Desktop,Edge,Technology,Medium,Mid-Market,1Cr-10Cr,77,27,Public,0-10%,Intern,Organic Search,krishna.bhatnagar@shettysriniv.com,New Business,2026-02-05 21:47:16
LEAD-01353,Instagram,Brand_Awareness,Thane,Maharashtra,West,Desktop,Edge,Manufacturing,Medium,Mid-Market,<1Cr,131,12,Seed,0-10%,Intern,Content Marketing,charita.sant@mittalplc.com,New Business,2026-01-17 13:50:11
LEAD-00159,Google,Q1_BFSI_Mumbai,Navi Mumbai,Maharashtra,West,Mobile,Safari,BFSI,Medium,Mid-Market,50Cr-100Cr,72,13,Bootstrapped,50%+,Director,Paid Search,gauri.nagi@pallrege.com,New Business,2026-01-10 19:24:20
LEAD-01781,Email Campaign,Healthcare_Demo,Ahmedabad,Gujarat,West,Desktop,Chrome,Healthcare,Small,SMB,10Cr-50Cr,48,5,Seed,25-50%,Manager,Email,jacob.golla@yohannandash.com,New Business,2026-03-05 10:25:00
LEAD-01745,Referral,Retargeting_General,Bangalore,Karnataka,South,Desktop,Safari,Education,Large,Mid-Market,,925,9,Series C+,25-50%,VP,Direct,eta.rajagopal@balakrishnan.com,Existing Customer,2026-01-29 11:55:56
LEAD-00297,Google,Q1_BFSI_Mumbai,Kolkata,West Bengal,East,Tablet,Chrome,BFSI,Enterprise,Enterprise,50Cr-100Cr,2418,28,Unknown,10-25%,Senior Associate,Organic Search,abdul.buch@dewansinghan.com,Existing Customer,2026-01-26 21:42:01
LEAD-00945,Facebook,Retargeting_General,Mumbai,Maharashtra,West,Mobile,Firefox,Retail,Enterprise,Enterprise,-1,8560,42,Series C+,0-10%,Senior Associate,Display Ad,rehaan.krishna@singhalandso.com,New Business,2026-03-26 21:58:58
LEAD-01608,Referral,Brand_Awareness,Navi Mumbai,Maharashtra,West,Mobile,Safari,Education,Enterprise,Enterprise,50Cr-100Cr,5262,54,Public,0-10%,Manager,Direct,yug.bera@menondixitan.com,New Business,2026-01-01 17:11:11
LEAD-01670,Referral,Retargeting_General,Kolkata,West Bengal,East,Desktop,Chrome,BFSI,Enterprise,Enterprise,10Cr-50Cr,2941,55,Series B,0-10%,CXO,Referral,ryan.chand@prasadandson.com,New Business,2026-03-21 17:47:33
LEAD-00698,LinkedIn,Retargeting_General,Thane,Maharashtra,West,Tablet,Safari,SaaS,Enterprise,Enterprise,100Cr+,6538,53,Series B,10-25%,Manager,Paid Search,chakrika.lad@deybalandtan.com,Partner,2026-05-19 21:49:54
LEAD-01675,Referral,Retargeting_General,Pune,Maharashtra,West,Desktop,Opera,Manufacturing,Large,Mid-Market,50Cr-100Cr,260,25,Public,10-25%,Owner,Referral,tanay.cherian@darakata.com,Partner,2026-02-22 15:21:14
LEAD-00566,LinkedIn,SaaS_Enterprise_Q1,Hyderabad,Telangana,South,Desktop,Chrome,Consulting,,Mid-Market,50Cr-100Cr,386,29,Series B,0-10%,Founder,Social Media - LinkedIn,adweta.kale@birinc.com,Existing Customer,2026-03-27 15:09:55
LEAD-00124,Google,Retargeting_General,Mumbai,Maharashtra,West,Mobile,Firefox,Logistics,Enterprise,Enterprise,50Cr-100Cr,4698,50,Series B,50%+,Executive,Organic Search,ladli.nayar@kohlishetty.com,New Business,2026-01-26 14:21:45
LEAD-01197,Facebook,Manufacturing_AI,Ahmedabad,Gujarat,West,Mobile,Chrome,Retail,Medium,Mid-Market,10Cr-50Cr,222,23,Series B,25-50%,Associate,Display Ad,vidhi.buch@puridugarand.com,New Business,2026-03-02 08:14:52
LEAD-00216,Google,Retargeting_General,,Maharashtra,West,Desktop,,SaaS,Medium,Startup,10Cr-50Cr,209,5,Series A,0-10%,VP,Paid Search,samesh.biswas@kohlidass.com,New Business,2026-03-17 15:26:56
LEAD-00585,LinkedIn,Brand_Awareness,Hyderabad,Telangana,South,Mobile,Chrome,Consulting,Large,Mid-Market,,830,26,Series B,0-10%,Senior Associate,Social Media - LinkedIn,jagdish.thakkar@brahmbhattpr.com,New Business,2026-05-25 10:04:37
LEAD-01473,Direct,Brand_Awareness,Thane,Maharashtra,West,Desktop,Chrome,Real Estate,Large,Mid-Market,50Cr-100Cr,300,8,Series B,25-50%,CXO,Referral,aarna.oak@gmail.com,Existing Customer,2026-02-11 21:41:59
LEAD-01755,Referral,Brand_Awareness,Ahmedabad,Gujarat,West,Mobile,Firefox,Education,Large,Mid-Market,10Cr-50Cr,302,14,Series B,50%+,Executive,Email,triveni.mutti@andrayohanna.com,Partner,2026-04-16 19:06:18
LEAD-00200,Google,Q1_BFSI_Mumbai,Kolkata,West Bengal,East,Mobile,Chrome,BFSI,Medium,Mid-Market,10Cr-50Cr,240,26,Public,50%+,Director,Display Ad,yachana.mahajan@zachariallc.com,New Business,2026-02-15 10:44:00
LEAD-01163,Facebook,Manufacturing_AI,Pune,Maharashtra,West,Mobile,Chrome,Consulting,Medium,Mid-Market,1Cr-10Cr,197,30,Series C+,25-50%,Owner,Social Media - Facebook,jairaj.dar@gmail.com,New Business,2026-02-15 19:15:10
LEAD-00931,Facebook,Brand_Awareness,Delhi,Delhi,North,Mobile,Chrome,Consulting,Large,Mid-Market,10Cr-50Cr,694,8,Series B,0-10%,Manager,Social Media - Facebook,qushi.master@mistryandra.com,New Business,2026-05-27 12:19:39
LEAD-00777,LinkedIn,SaaS_Enterprise_Q1,Delhi,Delhi,North,Mobile,Chrome,Technology,Enterprise,Enterprise,50Cr-100Cr,4057,25,Unknown,0-10%,Analyst,Paid Search,bachittar.parmer@merchantands.com,New Business,2026-01-25 16:53:15
LEAD-00350,Google,Q1_BFSI_Mumbai,Thane,Maharashtra,West,Mobile,Edge,BFSI,Medium,Mid-Market,1Cr-10Cr,207,30,Series B,10-25%,Owner,Paid Search,mohini.de@nagarpai.com,New Business,2026-02-11 19:34:51
LEAD-00529,LinkedIn,Brand_Awareness,Bangalore,Karnataka,South,Tablet,Chrome,Logistics,Enterprise,Enterprise,100Cr+,2376,28,Unknown,Negative,Senior Manager,Social Media - LinkedIn,harsh.kota@sastrykamdar.com,Partner,2026-01-21 20:30:19
LEAD-01714,Referral,Retargeting_General,Pune,Maharashtra,West,Mobile,Chrome,Technology,Enterprise,Enterprise,50Cr-100Cr,8415,35,Series C+,25-50%,Founder,Direct,jackson.chanda@edwininc.com,New Business,2026-02-13 15:55:10
LEAD-00460,Google,Retargeting_General,Navi Mumbai,Maharashtra,West,Desktop,Chrome,Retail,Large,Mid-Market,50Cr-100Cr,486,29,Series B,Negative,VP,Paid Search,faris.balay@kohlikaraand.com,New Business,2026-02-28 09:15:47
LEAD-00857,LinkedIn,SaaS_Enterprise_Q1,Delhi,Delhi,North,Mobile,Chrome,BFSI,Large,Mid-Market,100Cr+,874,29,Public,10-25%,VP,Social Media - LinkedIn,fiyaz.mander@soodkaul.com,New Business,2026-03-09 20:48:37
LEAD-00461,Google,Q1_BFSI_Pune,Mumbai,Maharashtra,West,Mobile,Chrome,Technology,Enterprise,Enterprise,50Cr-100Cr,1891,37,Unknown,0-10%,Founder,Display Ad,krishna.soni@ravigroup.com,Existing Customer,2026-01-24 10:29:46
LEAD-01795,Email Campaign,SaaS_Enterprise_Q1,Ahmedabad,Gujarat,West,Desktop,Chrome,SaaS,Large,Mid-Market,50Cr-100Cr,924,10,Series A,0-10%,Executive,Direct,mitesh.mutti@vaidyagadean.com,Partner,2026-01-11 12:22:24
LEAD-00913,Facebook,Brand_Awareness,Pune,Maharashtra,West,Mobile,Safari,Consulting,Medium,Mid-Market,1Cr-10Cr,198,27,Public,25-50%,Manager,Display Ad,oviya.ravel@dhillonganes.com,New Business,2026-04-13 15:53:15
LEAD-01405,Direct,Retargeting_General,Thane,Maharashtra,West,Desktop,Chrome,Real Estate,Medium,Mid-Market,10Cr-50Cr,179,10,Seed,10-25%,Director,Direct,zehaan.thaman@bathahluwali.com,New Business,2026-03-25 19:56:50
LEAD-00673,LinkedIn,Brand_Awareness,Mumbai,Maharashtra,West,Mobile,Chrome,BFSI,Enterprise,Enterprise,,9978,35,Series C+,Negative,Owner,Referral,meghana.narula@rattiinc.com,Partner,2026-05-02 13:48:25
LEAD-01390,Instagram,Retargeting_General,Thane,Maharashtra,West,Mobile,Firefox,Technology,Medium,Mid-Market,1Cr-10Cr,155,30,Bootstrapped,25-50%,Manager,Content Marketing,jhalak.gopal@chadgroup.com,New Business,2026-02-12 18:51:27
LEAD-01000,Facebook,Manufacturing_AI,Kolkata,West Bengal,East,Mobile,Chrome,Technology,,SMB,<1Cr,35,7,Series B,Unknown,Executive,Social Media - Facebook,yatin.kibe@ranahayre.com,New Business,2026-05-16 10:23:10
LEAD-01164,Facebook,Brand_Awareness,Bangalore,Karnataka,South,Desktop,,Manufacturing,Small,SMB,50Cr-100Cr,32,12,Bootstrapped,0-10%,Associate,Paid Search,qasim.choudhry@yahoo.com,Existing Customer,2026-05-21 16:46:25
LEAD-00358,Google,Q1_BFSI_Pune,Pune,Maharashtra,West,Mobile,Safari,Healthcare,Enterprise,Enterprise,100Cr+,1984,13,Public,10-25%,VP,Organic Search,baghyawati.talwar@panditbavaan.com,New Business,2026-02-20 09:08:31
LEAD-01448,Direct,Brand_Awareness,Bangalore,Karnataka,South,Mobile,Firefox,SaaS,Large,Mid-Market,10Cr-50Cr,318,18,Public,10-25%,Senior Associate,Direct,vansha.sharma@aryaandsons.com,New Business,2026-04-03 17:38:45
LEAD-01373,Instagram,Brand_Awareness,Navi Mumbai,Maharashtra,West,Desktop,Firefox,Manufacturing,Small,SMB,<1Cr,33,3,Seed,10-25%,Associate,Display Ad,daksh.swaminathan@yahoo.com,New Business,2026-01-06 10:23:58
LEAD-00612,LinkedIn,Brand_Awareness,Mumbai,Maharashtra,West,Mobile,Chrome,Technology,Enterprise,Enterprise,50Cr-100Cr,4732,16,Unknown,10-25%,Founder,Referral,jason.basak@chandallc.com,Partner,2026-04-03 08:34:12
LEAD-01775,Email Campaign,Manufacturing_AI,Ahmedabad,Gujarat,West,Mobile,Safari,Consulting,Small,SMB,<1Cr,32,5,Bootstrapped,0-10%,Manager,Direct,jairaj.suresh@gmail.com,New Business,2026-04-13 14:09:12
LEAD-01631,Referral,Retargeting_General,Delhi,Delhi,North,Mobile,Chrome,Manufacturing,Medium,Mid-Market,10Cr-50Cr,57,26,Bootstrapped,0-10%,Executive,Direct,raghav.sanghvi@chadamunshi.com,Partner,2026-03-30 21:44:22
LEAD-01620,Referral,Brand_Awareness,Thane,Maharashtra,West,Mobile,Edge,SaaS,Large,Mid-Market,10Cr-50Cr,361,22,Public,0-10%,CXO,Direct,edhitha.mahajan@pillaitank.com,New Business,2026-01-14 08:12:19
LEAD-01731,Referral,Retargeting_General,Thane,Maharashtra,West,Desktop,Chrome,SaaS,Medium,Mid-Market,100Cr+,111,27,Bootstrapped,25-50%,Director,Email,gayathri.prabhakar@nazarethsang.com,New Business,2026-03-24 19:59:34
LEAD-01315,Instagram,Retargeting_General,Pune,Maharashtra,West,Desktop,Chrome,SaaS,Small,SMB,10Cr-50Cr,12,13,Series A,25-50%,Director,Social Media - Instagram,bina.sangha@gmail.com,New Business,2026-01-28 19:08:12
LEAD-00364,Google,Q1_BFSI_Mumbai,Bangalore,Karnataka,South,Mobile,Chrome,BFSI,Small,SMB,1Cr-10Cr,5,2,Bootstrapped,25-50%,VP,Display Ad,jasmit.dhawan@gmail.com,Partner,2026-02-01 21:05:29
LEAD-01265,Instagram,Brand_Awareness,Hyderabad,Telangana,South,Mobile,Edge,Education,Small,SMB,10Cr-50Cr,30,14,Series B,Negative,Analyst,Content Marketing,arunima.hayre@yahoo.com,Partner,2026-01-08 18:28:11
LEAD-00509,LinkedIn,Brand_Awareness,Hyderabad,Telangana,South,Mobile,Safari,Logistics,Medium,Mid-Market,10Cr-50Cr,157,16,Unknown,25-50%,Senior Associate,Social Media - LinkedIn,nidhi.gour@sandhusherea.com,New Business,2026-04-07 21:56:36
LEAD-01923,Organic Search,Retargeting_General,Navi Mumbai,Maharashtra,West,Mobile,Firefox,Healthcare,Large,Mid-Market,50Cr-100Cr,643,27,Series A,10-25%,Associate,Direct,naveen.apte@balayghosean.com,Partner,2026-04-28 09:39:26
LEAD-00966,Facebook,Manufacturing_AI,Kolkata,West Bengal,East,Desktop,Chrome,Manufacturing,Large,Mid-Market,50Cr-100Cr,592,28,Unknown,10-25%,Executive,Display Ad,ekantika.rout@gmail.com,New Business,2026-03-12 14:36:25
LEAD-01761,Email Campaign,Healthcare_Demo,Chennai,Tamil Nadu,South,Desktop,Chrome,Healthcare,Large,Mid-Market,100Cr+,627,13,Series A,0-10%,Analyst,Direct,manya.mistry@outlook.com,Existing Customer,2026-03-31 12:14:35
LEAD-01305,Instagram,Brand_Awareness,Thane,Maharashtra,West,Mobile,Firefox,Retail,Medium,Mid-Market,1Cr-10Cr,105,18,Bootstrapped,25-50%,Associate,Social Media - Instagram,xiti.khurana@yahoo.com,New Business,2026-05-15 09:15:51
LEAD-00260,Google,Brand_Awareness,Pune,Maharashtra,West,Mobile,Chrome,Real Estate,Large,Mid-Market,10Cr-50Cr,618,29,Series B,50%+,Director,Paid Search,om.bose@gmail.com,New Business,2026-04-14 08:14:14
LEAD-00785,LinkedIn,Retargeting_General,Delhi,Delhi,North,Mobile,Chrome,Consulting,Medium,Mid-Market,10Cr-50Cr,103,28,Series A,25-50%,Founder,Paid Search,unnati.dubey@kumerahluwal.com,New Business,2026-04-25 14:38:47
LEAD-00752,LinkedIn,Retargeting_General,Delhi,Delhi,North,Desktop,Chrome,SaaS,Medium,Mid-Market,10Cr-50Cr,167,15,Public,0-10%,Senior Manager,Paid Search,wahab.brar@kapoorradhak.com,New Business,2026-03-17 10:04:17
LEAD-00112,Google,Retargeting_General,Delhi,Delhi,North,Mobile,Chrome,BFSI,Large,Mid-Market,50Cr-100Cr,361,18,Series A,10-25%,Senior Associate,Paid Search,yug.iyengar@biswasbariaa.com,New Business,2026-03-09 19:23:48
LEAD-00784,LinkedIn,SaaS_Enterprise_Q1,Pune,Maharashtra,West,Mobile,Chrome,Technology,Enterprise,Enterprise,100Cr+,8145,42,Unknown,10-25%,Founder,Referral,kalpit.dyal@mallicklalla.com,Partner,2026-03-06 10:12:43
LEAD-00660,LinkedIn,SaaS_Enterprise_Q1,Hyderabad,Telangana,South,Mobile,Chrome,SaaS,Large,Mid-Market,-1,505,16,Series C+,Unknown,Director,Social Media - LinkedIn,odika.karan@yahoo.com,New Business,2026-03-26 11:00:40
LEAD-00157,Google,Brand_Awareness,Mumbai,Maharashtra,West,Mobile,,Retail,Large,Mid-Market,10Cr-50Cr,305,8,Series C+,10-25%,Intern,Organic Search,zilmil.sathe@bariagilland.com,New Business,2026-01-20 13:38:49
LEAD-01744,Referral,Retargeting_General,Pune,Maharashtra,West,Mobile,Edge,Healthcare,Enterprise,Enterprise,100Cr+,9614,55,Series B,0-10%,Owner,Referral,gaurav.cherian@gardeltd.com,Partner,2026-01-03 08:36:20
LEAD-00215,Google,Retargeting_General,Pune,Maharashtra,West,Mobile,Chrome,Consulting,Small,SMB,1Cr-10Cr,47,8,Unknown,50%+,Senior Associate,Paid Search,ansh.bedi@chandkala.com,Partner,2026-04-08 18:27:11
LEAD-00643,LinkedIn,Retargeting_General,Mumbai,Maharashtra,West,Tablet,Chrome,Technology,Large,Mid-Market,10Cr-50Cr,871,12,Series C+,50%+,Manager,Paid Search,indali.prashad@tailorradhak.com,New Business,2026-05-28 15:40:12
LEAD-00572,LinkedIn,SaaS_Enterprise_Q1,Mumbai,Maharashtra,West,Desktop,,Technology,,Enterprise,50Cr-100Cr,3773,13,Series C+,50%+,Senior Manager,Paid Search,gabriel.saraf@kharebhardwa.com,New Business,2026-01-04 19:03:19
LEAD-01120,Facebook,Manufacturing_AI,Pune,Maharashtra,West,Desktop,Chrome,Manufacturing,Medium,Mid-Market,10Cr-50Cr,180,30,Unknown,50%+,Owner,Social Media - Facebook,edhitha.mistry@sekhonhayrea.com,Existing Customer,2026-03-20 11:48:25
LEAD-00618,LinkedIn,SaaS_Enterprise_Q1,Hyderabad,Telangana,South,Mobile,Chrome,Consulting,Enterprise,Enterprise,1Cr-10Cr,3519,31,Public,10-25%,VP,Paid Search,oni.iyengar@rajagopaldev.com,New Business,2026-02-22 14:04:34
LEAD-01541,Direct,Retargeting_General,Hyderabad,Telangana,South,Mobile,Edge,BFSI,Enterprise,Enterprise,100Cr+,1304,29,Series B,25-50%,Senior Associate,Organic Search,pallavi.seth@korpalplc.com,Existing Customer,2026-05-13 15:32:38
LEAD-01908,Organic Search,Brand_Awareness,Pune,Maharashtra,West,Mobile,Chrome,Manufacturing,Small,SMB,1Cr-10Cr,28,14,Series C+,25-50%,Senior Manager,Content Marketing,yatan.rajagopal@sachdevnatha.com,Partner,2026-03-09 17:32:27
LEAD-01034,Facebook,Manufacturing_AI,Pune,Maharashtra,West,Desktop,Chrome,Healthcare,Medium,Mid-Market,1Cr-10Cr,125,8,Seed,50%+,Senior Associate,Display Ad,reyansh.kara@outlook.com,New Business,2026-02-22 09:31:12
LEAD-01192,Facebook,Retargeting_General,Thane,Maharashtra,West,Mobile,Chrome,Consulting,Small,SMB,<1Cr,32,7,Series A,50%+,Manager,Display Ad,neelima.nair@sandhullc.com,New Business,2026-02-05 11:32:38
LEAD-00839,LinkedIn,Brand_Awareness,Hyderabad,Telangana,South,Mobile,Chrome,Consulting,Enterprise,Enterprise,1Cr-10Cr,1398,50,Public,Negative,Director,Social Media - LinkedIn,victor.bose@sarrafandson.com,Partner,2026-01-25 11:02:51
LEAD-01636,Referral,Retargeting_General,Mumbai,Maharashtra,West,Desktop,Chrome,Logistics,Enterprise,Enterprise,50Cr-100Cr,4304,35,Series C+,0-10%,Senior Associate,Referral,mitesh.narayanan@bajajbalayan.com,Existing Customer,2026-02-02 21:12:50
LEAD-00556,LinkedIn,Brand_Awareness,Bangalore,Karnataka,South,Mobile,Safari,Logistics,Large,Mid-Market,10Cr-50Cr,857,13,Series C+,10-25%,Manager,Social Media - LinkedIn,indali.kala@anandgalaand.com,Existing Customer,2026-03-19 19:27:32
LEAD-00584,LinkedIn,Retargeting_General,Pune,Maharashtra,West,Desktop,Firefox,Healthcare,Large,Mid-Market,,465,5,Series C+,10-25%,Associate,Paid Search,omaja.nagarajan@nagyandsons.com,New Business,2026-04-12 09:55:17
LEAD-00932,Facebook,Manufacturing_AI,Hyderabad,Telangana,South,Desktop,Chrome,Logistics,Medium,Mid-Market,1Cr-10Cr,162,13,Series A,Unknown,Founder,Paid Search,ranbir.sabharwal@gmail.com,New Business,2026-03-08 16:42:02
LEAD-01861,Email Campaign,Healthcare_Demo,Navi Mumbai,Maharashtra,West,Desktop,Brave,Healthcare,Medium,Startup,10Cr-50Cr,241,4,Series B,10-25%,Manager,Email,zayyan.palan@handagroup.com,New Business,2026-03-18 14:29:23
LEAD-01976,Organic Search,SaaS_Enterprise_Q1,Hyderabad,Telangana,South,Mobile,Edge,Unknown,Medium,Mid-Market,1Cr-10Cr,69,11,Unknown,10-25%,Analyst,Direct,raghav.salvi@kamdarltd.com,New Business,2026-03-26 18:32:54
LEAD-00727,LinkedIn,Brand_Awareness,Pune,Maharashtra,West,Desktop,Chrome,BFSI,Enterprise,Enterprise,10Cr-50Cr,1717,18,Public,50%+,Analyst,Social Media - LinkedIn,osha.chaudhuri@andrallc.com,Existing Customer,2026-01-22 12:09:40
LEAD-01759,Referral,Brand_Awareness,Mumbai,Maharashtra,West,Desktop,Chrome,Unknown,,Mid-Market,10Cr-50Cr,79,5,Series A,10-25%,Owner,Email,krisha.bhargava@kaletalwaran.com,Partner,2026-03-20 13:02:44
LEAD-01968,Organic Search,SaaS_Enterprise_Q1,Thane,Maharashtra,West,Mobile,Chrome,Manufacturing,Large,Mid-Market,50Cr-100Cr,473,9,Unknown,0-10%,Owner,Direct,chatura.chanda@kalaladandgo.com,New Business,2026-02-19 18:40:29
LEAD-01898,Email Campaign,Q1_BFSI_Mumbai,Delhi,Delhi,North,Desktop,Firefox,Healthcare,,Mid-Market,10Cr-50Cr,142,23,Seed,10-25%,VP,Email,jagat.patel@yahoo.com,Existing Customer,2026-02-01 18:28:24
LEAD-00442,Google,Q1_BFSI_Mumbai,Mumbai,Maharashtra,West,Mobile,Chrome,Education,Medium,Mid-Market,10Cr-50Cr,248,15,Bootstrapped,10-25%,Senior Manager,Display Ad,widisha.shukla@yahoo.com,New Business,2026-01-04 14:24:21
LEAD-01303,Instagram,Brand_Awareness,Hyderabad,Telangana,South,Desktop,Chrome,Real Estate,Small,SMB,<1Cr,37,3,Public,0-10%,Analyst,Social Media - Instagram,ryan.goyal@jhaplc.com,New Business,2026-01-29 15:38:30
LEAD-00578,LinkedIn,Brand_Awareness,Navi Mumbai,Maharashtra,West,Desktop,Opera,SaaS,Enterprise,Enterprise,50Cr-100Cr,3289,56,Series C+,Negative,Founder,Paid Search,faraj.taneja@lallltd.com,New Business,2026-03-13 14:13:39
LEAD-00362,Google,SaaS_Enterprise_Q1,Hyderabad,Telangana,South,Desktop,Chrome,SaaS,,Mid-Market,10Cr-50Cr,188,17,Unknown,50%+,Manager,Display Ad,libni.thaman@maniborah.com,Existing Customer,2026-01-20 17:18:20
LEAD-01436,Direct,Retargeting_General,Kolkata,West Bengal,East,Mobile,Chrome,SaaS,Large,Mid-Market,10Cr-50Cr,341,17,Series B,25-50%,Senior Associate,Referral,warhi.vyas@yahoo.com,Partner,2026-02-26 20:08:39
LEAD-01333,Instagram,Retargeting_General,Bangalore,Karnataka,South,Mobile,,Consulting,Medium,Mid-Market,1Cr-10Cr,223,7,Public,0-10%,Analyst,Social Media - Instagram,raagini.desai@gmail.com,Existing Customer,2026-04-08 14:06:08
LEAD-01291,Instagram,Retargeting_General,Mumbai,Maharashtra,West,Mobile,Safari,Manufacturing,Small,SMB,1Cr-10Cr,22,15,Series B,25-50%,Intern,Display Ad,nicholas.chaudry@yahoo.com,New Business,2026-05-12 16:40:04
LEAD-01831,Email Campaign,Manufacturing_AI,Kolkata,West Bengal,East,Mobile,Firefox,Logistics,Enterprise,Enterprise,100Cr+,6302,37,Series C+,Negative,Executive,Paid Search,radha.ahluwalia@pandyaltd.com,Existing Customer,2026-02-26 16:14:07
LEAD-00798,LinkedIn,SaaS_Enterprise_Q1,Delhi,Delhi,North,Desktop,Chrome,Technology,Enterprise,Enterprise,100Cr+,4701,15,Public,0-10%,VP,Referral,panini.chawla@kalaltd.com,Partner,2026-02-15 16:53:55
LEAD-00109,Google,SaaS_Enterprise_Q1,Bangalore,Karnataka,South,Desktop,Chrome,SaaS,Large,Mid-Market,50Cr-100Cr,384,29,Series B,25-50%,Senior Associate,Paid Search,geetika.raghavan@shallc.com,Partner,2026-03-01 09:17:28
LEAD-00861,LinkedIn,Retargeting_General,Pune,Maharashtra,West,Desktop,Chrome,Consulting,Enterprise,Enterprise,50Cr-100Cr,6260,26,Unknown,Negative,VP,Social Media - LinkedIn,zehaan.lal@sandhultd.com,New Business,2026-04-24 15:01:28
LEAD-00915,Facebook,Manufacturing_AI,Ahmedabad,Gujarat,West,Desktop,Chrome,Education,Small,SMB,1Cr-10Cr,2,4,Series C+,50%+,Analyst,Paid Search,amara.rana@nadigmanne.com,Existing Customer,2026-05-15 11:36:48
LEAD-00611,LinkedIn,Brand_Awareness,Pune,Maharashtra,West,Mobile,Chrome,Healthcare,Medium,Mid-Market,10Cr-50Cr,148,5,Series C+,0-10%,Founder,Social Media - LinkedIn,rudra.sawhney@bainsinc.com,New Business,2026-03-01 12:41:04
LEAD-00005,Google,Q1_BFSI_Pune,Bangalore,Karnataka,South,Mobile,Chrome,BFSI,Medium,Mid-Market,10Cr-50Cr,121,29,Unknown,Unknown,Executive,Paid Search,pahal.oak@mallahujaand.com,Existing Customer,2026-01-16 12:28:04
LEAD-01026,Facebook,Manufacturing_AI,Thane,Maharashtra,West,Desktop,Safari,Manufacturing,Medium,Mid-Market,10Cr-50Cr,237,5,Seed,0-10%,Founder,Paid Search,qushi.dhillon@viswanathand.com,New Business,2026-02-18 14:13:42
LEAD-01110,Facebook,Manufacturing_AI,Pune,Maharashtra,West,Mobile,Chrome,Consulting,Large,Mid-Market,10Cr-50Cr,717,23,Unknown,Negative,Senior Manager,Paid Search,eshana.bobal@chauhanravia.com,New Business,2026-02-03 19:36:30
LEAD-00941,Facebook,Retargeting_General,Mumbai,Maharashtra,West,Mobile,Chrome,Manufacturing,Medium,Startup,50Cr-100Cr,136,4,Seed,50%+,Senior Manager,Display Ad,matthew.aurora@anandkauland.com,New Business,2026-01-26 14:37:41
LEAD-00274,Google,SaaS_Enterprise_Q1,Hyderabad,Telangana,South,Desktop,Chrome,SaaS,Small,SMB,50Cr-100Cr,48,12,Bootstrapped,25-50%,Senior Associate,Organic Search,charles.natt@regenigam.com,Partner,2026-03-13 16:00:52
LEAD-01181,Facebook,Retargeting_General,Pune,Maharashtra,West,Desktop,Safari,Retail,Small,Startup,,16,4,Seed,25-50%,VP,Social Media - Facebook,vidhi.chad@ramakrishnan.com,Partner,2026-05-06 14:37:13
LEAD-01742,Referral,Brand_Awareness,Mumbai,Maharashtra,West,Desktop,Edge,Consulting,Large,Mid-Market,50Cr-100Cr,478,17,Series C+,10-25%,Senior Manager,Direct,unni.ganguly@chahalmitra.com,New Business,2026-01-12 14:01:59
LEAD-01264,Instagram,Retargeting_General,Chennai,Tamil Nadu,South,Mobile,Safari,Healthcare,Medium,Mid-Market,1Cr-10Cr,87,29,Series B,25-50%,Associate,Social Media - Instagram,eta.bhakta@outlook.com,New Business,2026-04-14 17:35:03
LEAD-00378,Google,Q1_BFSI_Mumbai,Thane,Maharashtra,West,Mobile,Safari,BFSI,Medium,Mid-Market,10Cr-50Cr,203,25,Unknown,10-25%,Manager,Paid Search,veda.handa@pandyalalla.com,Existing Customer,2026-01-23 17:52:51
LEAD-01499,Direct,Brand_Awareness,Delhi,Delhi,North,Mobile,Chrome,Healthcare,,Mid-Market,50Cr-100Cr,897,26,Public,0-10%,Director,Organic Search,harinakshi.keer@ahluwaliaset.com,New Business,2026-03-21 11:07:38
LEAD-01660,Referral,Retargeting_General,Mumbai,Maharashtra,West,Mobile,Chrome,Education,Large,Mid-Market,1Cr-10Cr,971,30,Series B,0-10%,Senior Associate,Direct,advaith.krishna@gmail.com,Existing Customer,2026-03-31 19:50:25
LEAD-00214,Google,Q1_BFSI_Pune,Pune,Maharashtra,West,Mobile,Chrome,BFSI,Medium,Mid-Market,10Cr-50Cr,117,7,Seed,25-50%,Intern,Display Ad,ranveer.das@raollc.com,New Business,2026-02-11 15:51:08
LEAD-00668,LinkedIn,Brand_Awareness,Delhi,Delhi,North,Mobile,Safari,Real Estate,Enterprise,Enterprise,50Cr-100Cr,7230,46,Public,0-10%,Manager,Paid Search,advik.virk@venkateshsha.com,New Business,2026-03-21 08:37:34
LEAD-01959,Organic Search,SaaS_Enterprise_Q1,Hyderabad,Telangana,South,Desktop,Chrome,Technology,Medium,Mid-Market,10Cr-50Cr,134,22,Series B,25-50%,Owner,Content Marketing,ryan.ratti@outlook.com,New Business,2026-03-16 08:24:11
LEAD-00593,LinkedIn,Retargeting_General,Mumbai,Maharashtra,West,Mobile,Chrome,BFSI,Enterprise,Enterprise,100Cr+,1856,28,Series C+,0-10%,Owner,Referral,wazir.saini@mohantychawl.com,New Business,2026-04-13 09:39:48
LEAD-01212,Instagram,Startup_Founders,Bangalore,Karnataka,South,Mobile,Chrome,SaaS,Small,SMB,50Cr-100Cr,33,12,Series A,Negative,Executive,Content Marketing,warjas.sachar@yahoo.com,Partner,2026-05-17 13:33:16
LEAD-00783,LinkedIn,Brand_Awareness,Bangalore,Karnataka,South,Desktop,Edge,Technology,,Mid-Market,10Cr-50Cr,476,7,Series B,10-25%,Owner,Social Media - LinkedIn,krishna.baria@varkeyinc.com,New Business,2026-02-02 12:17:30
LEAD-01891,Email Campaign,Retargeting_General,Ahmedabad,Gujarat,West,Mobile,Brave,Manufacturing,Medium,Mid-Market,100Cr+,112,11,Series A,Negative,Senior Associate,Direct,garima.srinivas@outlook.com,New Business,2026-01-08 20:09:27
LEAD-00996,Facebook,Retargeting_General,Ahmedabad,Gujarat,West,Mobile,Brave,BFSI,Enterprise,Enterprise,50Cr-100Cr,9430,31,Public,0-10%,CXO,Display Ad,meera.divan@outlook.com,Partner,2026-02-17 12:21:51
LEAD-00064,Google,SaaS_Enterprise_Q1,Delhi,Delhi,North,Mobile,Chrome,Logistics,Medium,Mid-Market,1Cr-10Cr,193,16,Public,10-25%,CXO,Organic Search,prisha.andra@outlook.com,New Business,2026-02-24 21:35:49
LEAD-00709,LinkedIn,Retargeting_General,Mumbai,Maharashtra,West,Mobile,Chrome,Consulting,Large,Mid-Market,50Cr-100Cr,455,7,Unknown,10-25%,Owner,Social Media - LinkedIn,vinaya.natarajan@golebuch.com,Existing Customer,2026-04-08 14:33:19
LEAD-01543,Direct,Brand_Awareness,Navi Mumbai,Maharashtra,West,Desktop,Chrome,Real Estate,Large,Mid-Market,50Cr-100Cr,759,13,Unknown,0-10%,Executive,Direct,anjali.krishna@bhasingroup.com,New Business,2026-02-16 14:27:40
LEAD-00070,Google,Q1_BFSI_Pune,Mumbai,Maharashtra,West,Desktop,Opera,BFSI,Medium,Mid-Market,10Cr-50Cr,168,7,Public,10-25%,Senior Manager,Paid Search,yuvraj.loke@natarajangro.com,New Business,2026-02-06 14:45:40
LEAD-01621,Referral,Retargeting_General,Delhi,Delhi,North,Mobile,Chrome,Real Estate,Small,Startup,1Cr-10Cr,35,4,Seed,Negative,CXO,Referral,riya.kaur@bakshigola.com,New Business,2026-02-13 08:59:59
LEAD-01481,Direct,Brand_Awareness,Pune,Maharashtra,West,Mobile,Chrome,Technology,Enterprise,Enterprise,50Cr-100Cr,8254,24,Unknown,0-10%,Senior Manager,Organic Search,harita.mangat@korpalgroup.com,Existing Customer,2026-02-18 16:38:38
LEAD-00926,Facebook,Brand_Awareness,Pune,Maharashtra,West,Mobile,Firefox,Real Estate,Medium,Mid-Market,10Cr-50Cr,63,19,Unknown,10-25%,Associate,Paid Search,dayita.palan@saranviswana.com,Existing Customer,2026-02-01 21:31:29
LEAD-01603,Referral,Retargeting_General,Navi Mumbai,Maharashtra,West,Mobile,Chrome,Education,Large,Mid-Market,50Cr-100Cr,916,17,Series C+,0-10%,Owner,Direct,dalaja.shan@choudhryniga.com,Partner,2026-03-29 11:18:11
LEAD-00030,Google,Brand_Awareness,Kolkata,West Bengal,East,Desktop,Chrome,Consulting,Medium,Mid-Market,10Cr-50Cr,57,7,Unknown,10-25%,Owner,Display Ad,vaishnavi.gandhi@daveltd.com,New Business,2026-05-28 17:01:48
LEAD-01302,Instagram,Retargeting_General,Mumbai,Maharashtra,West,Desktop,Opera,BFSI,Small,SMB,<1Cr,49,9,Bootstrapped,50%+,Director,Display Ad,advaith.char@bhattillc.com,New Business,2026-03-15 21:16:14
LEAD-01639,Referral,Brand_Awareness,Thane,Maharashtra,West,Desktop,Chrome,Healthcare,Enterprise,Enterprise,100Cr+,4569,10,Series C+,Negative,Senior Associate,Direct,onveer.chawla@sethmodiandc.com,Existing Customer,2026-01-05 16:33:24
LEAD-00510,LinkedIn,SaaS_Enterprise_Q1,Mumbai,Maharashtra,West,Mobile,Firefox,SaaS,Medium,Mid-Market,100Cr+,169,11,Series A,0-10%,Executive,Paid Search,ayush.hora@sankarangrou.com,New Business,2026-03-21 14:38:16
LEAD-00315,Google,Brand_Awareness,Bangalore,Karnataka,South,Mobile,Safari,Logistics,Large,Mid-Market,50Cr-100Cr,521,10,Series B,50%+,Manager,Display Ad,watika.tank@norigrover.com,New Business,2026-03-29 15:38:37
LEAD-00298,Google,Retargeting_General,Hyderabad,Telangana,South,Mobile,Edge,Healthcare,Medium,Mid-Market,10Cr-50Cr,126,25,Series B,0-10%,Manager,Paid Search,mason.wable@kundaandsons.com,New Business,2026-04-06 08:35:55
LEAD-01386,Instagram,Retargeting_General,Mumbai,Maharashtra,West,Desktop,,BFSI,Medium,Startup,10Cr-50Cr,223,4,Bootstrapped,25-50%,Senior Manager,Display Ad,dalaja.murthy@yahoo.com,New Business,2026-02-17 09:11:09
LEAD-00850,LinkedIn,Brand_Awareness,Thane,Maharashtra,West,Mobile,Safari,Technology,Enterprise,Enterprise,50Cr-100Cr,1245,56,Series C+,Unknown,Founder,Paid Search,ikbal.babu@rajandeo.com,New Business,2026-01-15 09:03:08
LEAD-00245,Google,Q1_BFSI_Pune,Mumbai,Maharashtra,West,Desktop,,Technology,Medium,Mid-Market,1Cr-10Cr,176,24,Seed,25-50%,Owner,Organic Search,nakul.bawa@outlook.com,New Business,2026-01-23 13:10:53
LEAD-00603,LinkedIn,Retargeting_General,Chennai,Tamil Nadu,South,Desktop,Edge,Manufacturing,Enterprise,Enterprise,50Cr-100Cr,2658,11,Series B,50%+,Director,Paid Search,alka.dar@morarsheth.com,Existing Customer,2026-02-05 14:41:50
LEAD-00586,LinkedIn,SaaS_Enterprise_Q1,Mumbai,Maharashtra,West,Desktop,Chrome,BFSI,Medium,Mid-Market,1Cr-10Cr,121,11,Bootstrapped,50%+,Founder,Referral,zaitra.batra@bengolaandka.com,New Business,2026-03-30 18:34:39
LEAD-00892,LinkedIn,SaaS_Enterprise_Q1,Thane,Maharashtra,West,Mobile,Safari,Technology,Enterprise,Enterprise,50Cr-100Cr,4626,46,Public,0-10%,Associate,Referral,vritti.goswami@murtytailora.com,Partner,2026-03-22 09:39:39
LEAD-00336,Google,SaaS_Enterprise_Q1,Thane,Maharashtra,West,Mobile,Firefox,SaaS,Medium,Mid-Market,50Cr-100Cr,104,18,Series A,25-50%,VP,Organic Search,nimrat.borah@srinivasvora.com,New Business,2026-02-21 12:28:11
LEAD-00267,Google,Brand_Awareness,Hyderabad,Telangana,South,Desktop,Firefox,Technology,Medium,Mid-Market,1Cr-10Cr,94,15,Bootstrapped,10-25%,Associate,Display Ad,siya.barad@yahoo.com,Existing Customer,2026-04-23 17:17:56
LEAD-00617,LinkedIn,SaaS_Enterprise_Q1,Pune,Maharashtra,West,Desktop,Chrome,Technology,Large,Mid-Market,50Cr-100Cr,686,26,Series B,10-25%,Founder,Referral,darsh.chahal@sabharwalsri.com,New Business,2026-03-30 16:19:20
LEAD-01888,Email Campaign,SaaS_Enterprise_Q1,Bangalore,Karnataka,South,Mobile,Firefox,Consulting,Enterprise,Enterprise,100Cr+,2883,37,Public,Negative,Senior Associate,Direct,yuvraj.chacko@bassiandsons.com,Existing Customer,2026-01-21 10:04:32
LEAD-01601,Referral,Brand_Awareness,Delhi,Delhi,North,Mobile,,SaaS,Enterprise,Enterprise,100Cr+,4923,47,Series C+,Negative,Senior Associate,Referral,anthony.goda@korpalgokhal.com,Partner,2026-02-17 13:22:50
LEAD-00679,LinkedIn,SaaS_Enterprise_Q1,Hyderabad,Telangana,South,Mobile,,Technology,Large,Mid-Market,50Cr-100Cr,342,29,Unknown,10-25%,Analyst,Social Media - LinkedIn,nathan.bhatti@prakashbhall.com,New Business,2026-03-25 15:23:00
LEAD-00772,LinkedIn,Retargeting_General,Mumbai,Maharashtra,West,Desktop,Firefox,Education,Medium,Mid-Market,10Cr-50Cr,52,18,Public,25-50%,VP,Referral,ekantika.d’alia@deogokhalean.com,New Business,2026-01-07 10:50:23
LEAD-00270,Google,Retargeting_General,Mumbai,Maharashtra,West,Desktop,Edge,Technology,Enterprise,Enterprise,100Cr+,8915,41,Unknown,0-10%,Senior Associate,Display Ad,yachana.dora@guhanagyands.com,Partner,2026-04-16 15:02:04
LEAD-00230,Google,Q1_BFSI_Mumbai,Bangalore,Karnataka,South,Mobile,Chrome,BFSI,Enterprise,Enterprise,50Cr-100Cr,7152,20,Series B,0-10%,Director,Organic Search,harinakshi.setty@yahoo.com,New Business,2026-02-27 09:21:38
LEAD-00648,LinkedIn,Brand_Awareness,Mumbai,Maharashtra,West,Mobile,Brave,Education,Enterprise,Enterprise,50Cr-100Cr,5183,59,Public,0-10%,Manager,Paid Search,raagini.gala@subramanianb.com,New Business,2026-03-31 16:45:31
LEAD-00343,Google,Q1_BFSI_Mumbai,Thane,Maharashtra,West,Mobile,Safari,Consulting,Large,Mid-Market,50Cr-100Cr,622,28,Series A,25-50%,Associate,Display Ad,om.dube@outlook.com,New Business,2026-01-12 21:01:08
LEAD-01183,Facebook,Retargeting_General,Mumbai,Maharashtra,West,Mobile,Brave,Logistics,Large,Mid-Market,10Cr-50Cr,965,25,Public,10-25%,Manager,Display Ad,lopa.bhatnagar@kharegroup.com,Partner,2026-01-14 08:30:11
LEAD-00873,LinkedIn,Retargeting_General,Mumbai,Maharashtra,West,Desktop,Chrome,Healthcare,Enterprise,Enterprise,50Cr-100Cr,3948,39,Series B,50%+,VP,Paid Search,jagvi.khare@katagaraandb.com,Partner,2026-01-31 14:16:48
LEAD-00627,LinkedIn,SaaS_Enterprise_Q1,Delhi,Delhi,North,Mobile,Chrome,Technology,,Enterprise,100Cr+,4186,35,Unknown,10-25%,Director,Paid Search,parth.swaminathan@guhatailoran.com,Partner,2026-01-18 13:42:47
LEAD-00758,LinkedIn,SaaS_Enterprise_Q1,Delhi,Delhi,North,Mobile,Chrome,Technology,Enterprise,Enterprise,100Cr+,4269,35,Series C+,0-10%,Associate,Social Media - LinkedIn,sneha.comar@solankipatla.com,New Business,2026-03-19 15:13:44
LEAD-01566,Direct,Retargeting_General,Mumbai,Maharashtra,West,Mobile,Safari,Education,Large,Mid-Market,50Cr-100Cr,348,25,Series C+,10-25%,Director,Referral,udarsh.batta@varughesebas.com,Partner,2026-04-05 21:37:10
LEAD-01336,Instagram,Startup_Founders,Pune,Maharashtra,West,Mobile,Chrome,Technology,Medium,Mid-Market,1Cr-10Cr,211,21,Series A,50%+,Analyst,Display Ad,warda.purohit@ramanllc.com,Existing Customer,2026-05-28 18:20:08
LEAD-00021,Google,Q1_BFSI_Pune,Mumbai,Maharashtra,West,Mobile,Safari,Logistics,Large,Mid-Market,1Cr-10Cr,447,11,Series C+,0-10%,Senior Manager,Paid Search,lekha.raj@duttasamiand.com,New Business,2026-02-07 20:33:38
LEAD-00198,Google,Retargeting_General,Mumbai,Maharashtra,West,Desktop,Chrome,Education,Medium,Startup,10Cr-50Cr,188,5,Series B,25-50%,Director,Paid Search,karan.chana@patlaltd.com,New Business,2026-03-13 09:19:05
LEAD-00128,Google,Retargeting_General,Kolkata,West Bengal,East,Desktop,Edge,Consulting,Medium,Startup,10Cr-50Cr,180,4,Seed,50%+,Executive,Display Ad,wridesh.soni@raygroup.com,New Business,2026-01-29 13:10:46
LEAD-01640,Referral,Brand_Awareness,Thane,Maharashtra,West,Mobile,Chrome,Consulting,Enterprise,Enterprise,100Cr+,2823,49,Series B,0-10%,Founder,Referral,avi.grover@goelbalayand.com,New Business,2026-05-13 16:36:49
LEAD-00750,LinkedIn,Brand_Awareness,Hyderabad,Telangana,South,Mobile,Edge,Healthcare,Medium,Mid-Market,1Cr-10Cr,237,24,Seed,0-10%,Director,Paid Search,falan.swamy@singhtandona.com,Partner,2026-03-29 15:50:08
LEAD-01459,Direct,Brand_Awareness,Ahmedabad,Gujarat,West,Mobile,Chrome,BFSI,Large,Mid-Market,50Cr-100Cr,602,25,Public,25-50%,Manager,Referral,vedika.varghese@suragroup.com,Existing Customer,2026-03-24 12:43:09
LEAD-00132,Google,SaaS_Enterprise_Q1,Delhi,Delhi,North,Mobile,,SaaS,Enterprise,Enterprise,,8835,19,Public,25-50%,VP,Paid Search,anika.mohan@gmail.com,Partner,2026-03-12 15:48:34
LEAD-00800,LinkedIn,Brand_Awareness,Mumbai,Maharashtra,West,Desktop,Chrome,Healthcare,Medium,Mid-Market,10Cr-50Cr,167,25,Unknown,10-25%,Senior Associate,Paid Search,garima.barad@dubebajwaand.com,Partner,2026-05-10 09:58:08
LEAD-01263,Instagram,Brand_Awareness,Navi Mumbai,Maharashtra,West,Mobile,Chrome,Consulting,Small,Startup,<1Cr,2,5,Bootstrapped,0-10%,Associate,Social Media - Instagram,neelima.kannan@dadamorarand.com,New Business,2026-05-26 17:50:54
LEAD-01085,Facebook,Brand_Awareness,Thane,Maharashtra,West,Mobile,Chrome,SaaS,Enterprise,Enterprise,50Cr-100Cr,2097,30,Public,10-25%,Founder,Display Ad,chasmum.gill@gmail.com,New Business,2026-03-16 10:15:33
LEAD-00097,Google,Brand_Awareness,Mumbai,Maharashtra,West,Mobile,Safari,Education,,Mid-Market,1Cr-10Cr,242,26,Unknown,0-10%,Manager,Display Ad,ria.brahmbhatt@kharemaharaj.com,New Business,2026-01-08 10:54:38
LEAD-01352,Instagram,Startup_Founders,Pune,Maharashtra,West,Mobile,Chrome,Real Estate,Medium,Startup,10Cr-50Cr,115,1,Seed,50%+,VP,Content Marketing,shaurya.palan@outlook.com,New Business,2026-05-05 20:35:04
LEAD-01791,Email Campaign,Manufacturing_AI,Navi Mumbai,Maharashtra,West,Mobile,Firefox,Manufacturing,Small,Startup,1Cr-10Cr,37,2,Series A,50%+,Owner,Paid Search,falan.kumer@davesami.com,New Business,2026-03-15 21:39:47
LEAD-01665,Referral,Brand_Awareness,Delhi,Delhi,North,Mobile,Edge,Retail,Enterprise,Enterprise,100Cr+,3681,32,Series B,10-25%,CXO,Direct,advay.mahajan@ramanganguly.com,New Business,2026-02-14 08:25:42
LEAD-00271,Google,Brand_Awareness,Pune,Maharashtra,West,Mobile,Safari,Technology,Enterprise,Enterprise,50Cr-100Cr,6543,43,Series B,0-10%,Director,Display Ad,hemal.chad@seshadriinc.com,Partner,2026-01-25 14:42:46
LEAD-00045,Google,Brand_Awareness,Mumbai,Maharashtra,West,Mobile,Chrome,Unknown,Large,Mid-Market,10Cr-50Cr,557,25,Unknown,0-10%,Owner,Display Ad,vasana.kala@raygroup.com,New Business,2026-03-06 15:54:19
LEAD-01475,Direct,Retargeting_General,Ahmedabad,Gujarat,West,Desktop,Chrome,BFSI,Large,Mid-Market,10Cr-50Cr,365,13,Public,25-50%,Senior Associate,Direct,tanvi.choudhry@chawlabedian.com,New Business,2026-01-12 20:40:44
LEAD-01461,Direct,Brand_Awareness,Navi Mumbai,Maharashtra,West,Desktop,Safari,SaaS,Medium,Mid-Market,10Cr-50Cr,219,24,Public,Negative,VP,Direct,omisha.solanki@muttibhattan.com,New Business,2026-04-08 12:14:12
LEAD-01117,Facebook,Brand_Awareness,Thane,Maharashtra,West,Desktop,Chrome,Technology,Small,SMB,1Cr-10Cr,35,12,Series B,25-50%,Associate,Social Media - Facebook,warda.bhat@chopraraghav.com,New Business,2026-02-10 21:51:36
LEAD-01022,Facebook,Brand_Awareness,Mumbai,Maharashtra,West,Desktop,Opera,Consulting,Medium,Mid-Market,10Cr-50Cr,144,30,Series C+,0-10%,Analyst,Display Ad,laksh.chahal@gmail.com,New Business,2026-04-21 13:23:57
LEAD-00393,Google,SaaS_Enterprise_Q1,Delhi,Delhi,North,Mobile,Safari,Manufacturing,Enterprise,Enterprise,100Cr+,5685,39,Public,0-10%,Director,Organic Search,hredhaan.nayak@misraplc.com,Existing Customer,2026-01-07 19:33:57
LEAD-01113,Facebook,Brand_Awareness,Bangalore,Karnataka,South,Mobile,Safari,BFSI,Large,Mid-Market,10Cr-50Cr,296,23,Series B,10-25%,Senior Associate,Paid Search,sathvik.sankar@outlook.com,New Business,2026-04-22 16:44:31
LEAD-00560,LinkedIn,Brand_Awareness,Hyderabad,Telangana,South,Desktop,Chrome,BFSI,Large,Mid-Market,50Cr-100Cr,686,9,Series B,Unknown,Director,Referral,avi.mitra@chadkotharia.com,Existing Customer,2026-04-25 09:23:43
LEAD-01036,Facebook,Manufacturing_AI,Pune,Maharashtra,West,Desktop,Edge,Manufacturing,Medium,Startup,10Cr-50Cr,66,4,Bootstrapped,Negative,Senior Manager,Paid Search,dominic.goel@yahoo.com,New Business,2026-01-26 21:33:05
LEAD-01091,Facebook,Retargeting_General,Mumbai,Maharashtra,West,Mobile,Chrome,Healthcare,Medium,Mid-Market,10Cr-50Cr,121,27,Series B,Unknown,Executive,Display Ad,deepa.basu@yahoo.com,Partner,2026-01-16 15:15:14
LEAD-00964,Facebook,Manufacturing_AI,Bangalore,Karnataka,South,Desktop,Edge,Technology,Medium,Mid-Market,10Cr-50Cr,226,14,Public,25-50%,Manager,Display Ad,januja.khare@goyalbahl.com,New Business,2026-04-28 10:20:10
LEAD-00186,Google,Brand_Awareness,Thane,Maharashtra,West,Mobile,Chrome,Consulting,Enterprise,Enterprise,100Cr+,7047,39,Public,Negative,Executive,Paid Search,raagini.dhingra@outlook.com,New Business,2026-03-25 17:00:55
LEAD-01892,Email Campaign,Manufacturing_AI,Pune,Maharashtra,West,Mobile,Chrome,Logistics,Medium,Mid-Market,1Cr-10Cr,216,23,Unknown,50%+,Senior Manager,Paid Search,amara.dasgupta@kohliinc.com,New Business,2026-02-25 14:24:28
LEAD-00640,LinkedIn,Retargeting_General,Mumbai,Maharashtra,West,Desktop,Chrome,Healthcare,Large,Mid-Market,50Cr-100Cr,803,6,Unknown,25-50%,Director,Referral,shaurya.krish@aptelanka.com,New Business,2026-03-05 20:43:44
LEAD-01743,Referral,Brand_Awareness,Pune,Maharashtra,West,Desktop,Safari,Manufacturing,Enterprise,Enterprise,50Cr-100Cr,7558,17,Series C+,0-10%,VP,Direct,wridesh.kohli@daliasubrama.com,New Business,2026-04-18 21:53:03
LEAD-01431,Direct,Brand_Awareness,Kolkata,West Bengal,East,Mobile,Safari,Consulting,Medium,Mid-Market,100Cr+,228,26,Public,10-25%,Senior Associate,Referral,karan.parmer@yahoo.com,New Business,2026-02-25 18:12:36
LEAD-01006,Facebook,Retargeting_General,Mumbai,Maharashtra,West,Desktop,Chrome,Retail,Medium,Mid-Market,1Cr-10Cr,61,17,Series A,10-25%,Owner,Social Media - Facebook,chatura.kibe@chadainc.com,Existing Customer,2026-03-07 09:40:29
LEAD-01711,Referral,Retargeting_General,Hyderabad,Telangana,South,Mobile,Brave,Consulting,Enterprise,Enterprise,50Cr-100Cr,6327,26,Series B,25-50%,CXO,Email,panini.koshy@pillaybhardw.com,New Business,2026-03-31 17:46:39
LEAD-01142,Facebook,Brand_Awareness,Navi Mumbai,Maharashtra,West,Mobile,Chrome,Logistics,Medium,Mid-Market,10Cr-50Cr,109,15,Unknown,25-50%,Senior Manager,Display Ad,omkaar.behl@solankiplc.com,New Business,2026-03-24 11:36:12
LEAD-01262,Instagram,Startup_Founders,Navi Mumbai,Maharashtra,West,Mobile,Edge,BFSI,,Mid-Market,10Cr-50Cr,147,29,Bootstrapped,Negative,Executive,Display Ad,banjeet.dewan@outlook.com,New Business,2026-04-27 09:56:33
LEAD-01418,Direct,Brand_Awareness,Mumbai,Maharashtra,West,Desktop,Chrome,Logistics,Large,Mid-Market,50Cr-100Cr,583,8,Public,0-10%,Manager,Direct,girik.jani@gmail.com,New Business,2026-03-21 19:01:42
LEAD-00004,Google,Q1_BFSI_Pune,Mumbai,Maharashtra,West,Mobile,Safari,Technology,Medium,Mid-Market,1Cr-10Cr,194,24,Bootstrapped,10-25%,VP,Paid Search,thomas.sen@yahoo.com,New Business,2026-02-16 16:27:53
LEAD-00237,Google,Q1_BFSI_Pune,Bangalore,Karnataka,South,Mobile,Edge,Technology,Medium,Mid-Market,1Cr-10Cr,93,11,Series A,Negative,VP,Organic Search,vasatika.kapur@dubeyltd.com,New Business,2026-01-28 09:43:27
LEAD-01972,Organic Search,Brand_Awareness,Bangalore,Karnataka,South,Mobile,Chrome,SaaS,Medium,Mid-Market,1Cr-10Cr,210,6,Public,10-25%,VP,Direct,ekiya.nadig@issacbrahmbh.com,New Business,2026-03-04 09:43:07
LEAD-01965,Organic Search,SaaS_Enterprise_Q1,Mumbai,Maharashtra,West,Desktop,Chrome,SaaS,Large,Mid-Market,10Cr-50Cr,938,23,Series B,10-25%,Associate,Content Marketing,zayyan.goda@sampathllc.com,New Business,2026-01-28 13:39:14
LEAD-01409,Direct,Retargeting_General,Bangalore,Karnataka,South,Mobile,Firefox,Consulting,Medium,Startup,10Cr-50Cr,62,1,Seed,0-10%,Intern,Organic Search,lucky.lad@walisant.com,New Business,2026-04-21 17:20:43
LEAD-01783,Email Campaign,Manufacturing_AI,Ahmedabad,Gujarat,West,Mobile,Brave,Real Estate,Medium,Mid-Market,1Cr-10Cr,238,23,Series A,10-25%,Manager,Email,samuel.edwin@daveplc.com,New Business,2026-02-27 16:51:36
LEAD-01943,Organic Search,SaaS_Enterprise_Q1,Bangalore,Karnataka,South,Mobile,Edge,Consulting,Enterprise,Enterprise,100Cr+,1967,53,Series C+,Negative,Senior Manager,Organic Search,harinakshi.mannan@semdeep.com,New Business,2026-03-10 10:00:30
LEAD-01365,Instagram,Startup_Founders,Bangalore,Karnataka,South,Mobile,Edge,SaaS,Large,Mid-Market,10Cr-50Cr,931,25,Series A,0-10%,Associate,Content Marketing,patrick.basak@gmail.com,New Business,2026-04-15 19:07:16
LEAD-01170,Facebook,Brand_Awareness,Pune,Maharashtra,West,Desktop,Edge,SaaS,Medium,Startup,1Cr-10Cr,233,5,Seed,0-10%,Manager,Social Media - Facebook,ikbal.dhawan@ramaswamygok.com,New Business,2026-01-07 16:13:40
LEAD-01488,Direct,Retargeting_General,Bangalore,Karnataka,South,Mobile,Brave,Technology,Enterprise,Enterprise,100Cr+,3927,56,Series C+,Negative,Director,Organic Search,dalbir.venkatesh@outlook.com,New Business,2026-04-14 08:24:11
LEAD-00321,Google,Q1_BFSI_Mumbai,Navi Mumbai,Maharashtra,West,Mobile,Chrome,BFSI,Small,SMB,10Cr-50Cr,36,9,Series A,25-50%,Director,Organic Search,nidra.patla@yahoo.com,Existing Customer,2026-01-17 12:36:22
LEAD-00398,Google,Retargeting_General,Mumbai,Maharashtra,West,Mobile,Safari,Consulting,Large,Mid-Market,50Cr-100Cr,926,20,Unknown,10-25%,Manager,Organic Search,falak.chadha@ravisaneandv.com,New Business,2026-04-24 09:38:38
LEAD-01440,Direct,Brand_Awareness,Mumbai,Maharashtra,West,Tablet,Chrome,Logistics,Enterprise,Enterprise,1Cr-10Cr,1101,21,Public,10-25%,Associate,Referral,yochana.chokshi@battaboseand.com,Partner,2026-02-13 09:41:50
LEAD-00846,LinkedIn,SaaS_Enterprise_Q1,Bangalore,Karnataka,South,Desktop,Safari,Consulting,Medium,Mid-Market,1Cr-10Cr,207,7,Seed,0-10%,Analyst,Paid Search,frederick.kalita@ravibahlandm.com,New Business,2026-01-17 12:46:02
LEAD-00710,LinkedIn,Brand_Awareness,Pune,Maharashtra,West,Desktop,Chrome,Logistics,,Mid-Market,10Cr-50Cr,64,14,Unknown,0-10%,Executive,Paid Search,aayush.seth@goelmunshian.com,New Business,2026-04-04 12:22:45
LEAD-00269,Google,Brand_Awareness,Bangalore,Karnataka,South,Mobile,Chrome,Retail,Medium,Mid-Market,1Cr-10Cr,77,18,Series A,Unknown,Founder,Organic Search,benjamin.sengupta@tripathiraja.com,New Business,2026-05-04 20:36:43
LEAD-00633,LinkedIn,Retargeting_General,Thane,Maharashtra,West,Mobile,Chrome,Retail,Enterprise,Enterprise,100Cr+,6287,45,Series B,10-25%,Manager,Social Media - LinkedIn,laban.dugar@mittalnaidu.com,New Business,2026-02-23 16:25:27
LEAD-01153,Facebook,Manufacturing_AI,Thane,Maharashtra,West,Mobile,Chrome,Manufacturing,Small,SMB,,2,10,Seed,25-50%,Executive,Display Ad,ladli.ramakrishnan@yahoo.com,Existing Customer,2026-04-28 15:27:50
LEAD-01721,Referral,Retargeting_General,Navi Mumbai,Maharashtra,West,Tablet,Chrome,Technology,Large,Mid-Market,100Cr+,552,12,Unknown,0-10%,VP,Email,onkar.goda@manisankar.com,Existing Customer,2026-02-11 17:27:08
LEAD-01753,Referral,Retargeting_General,Chennai,Tamil Nadu,South,Mobile,Firefox,Technology,Enterprise,Enterprise,50Cr-100Cr,1053,48,Public,Negative,Senior Associate,Direct,pallavi.nagarajan@wasonguptaan.com,New Business,2026-05-09 21:21:40
LEAD-00793,LinkedIn,Retargeting_General,Pune,Maharashtra,West,Mobile,Chrome,BFSI,Large,Mid-Market,50Cr-100Cr,653,14,Series A,10-25%,Associate,Paid Search,ishaan.raju@gmail.com,New Business,2026-04-27 15:54:41
LEAD-00116,Google,Q1_BFSI_Mumbai,Ahmedabad,Gujarat,West,Desktop,Firefox,Logistics,Large,Mid-Market,50Cr-100Cr,557,20,Series B,Negative,Director,Organic Search,mekhala.issac@balmuniandpr.com,New Business,2026-02-13 09:26:37
LEAD-00233,Google,SaaS_Enterprise_Q1,Chennai,Tamil Nadu,South,Mobile,Chrome,SaaS,Large,Mid-Market,50Cr-100Cr,462,10,Unknown,0-10%,Associate,Display Ad,girik.sankaran@yahoo.com,New Business,2026-05-02 21:07:19
LEAD-01243,Instagram,Startup_Founders,Mumbai,Maharashtra,West,Desktop,Firefox,Consulting,Small,SMB,<1Cr,35,12,Bootstrapped,25-50%,Analyst,Display Ad,faraj.chopra@yahoo.com,New Business,2026-01-06 18:05:30
LEAD-00303,Google,Retargeting_General,Pune,Maharashtra,West,Desktop,Chrome,Retail,Medium,Mid-Market,1Cr-10Cr,107,27,Public,0-10%,VP,Organic Search,rachit.chada@panditkhosla.com,Partner,2026-04-22 12:53:23
LEAD-00935,Facebook,Retargeting_General,Bangalore,Karnataka,South,Mobile,Chrome,Technology,Small,Startup,1Cr-10Cr,48,4,Bootstrapped,10-25%,Senior Manager,Paid Search,bhavani.wali@khatrivarugh.com,New Business,2026-02-13 18:24:16
LEAD-01697,Referral,Retargeting_General,Mumbai,Maharashtra,West,Mobile,,BFSI,Large,Mid-Market,50Cr-100Cr,707,25,Series B,Negative,Owner,Email,patrick.kothari@horakondaand.com,Existing Customer,2026-02-22 10:30:04
LEAD-01673,Referral,Brand_Awareness,Mumbai,Maharashtra,West,Mobile,Safari,Real Estate,Large,Mid-Market,10Cr-50Cr,918,22,Series A,0-10%,Director,Referral,yauvani.chokshi@ganeshbasuan.com,New Business,2026-01-27 18:48:24
LEAD-00179,Google,Brand_Awareness,Navi Mumbai,Maharashtra,West,Mobile,Opera,SaaS,Medium,Mid-Market,10Cr-50Cr,245,12,Bootstrapped,25-50%,Director,Display Ad,tanmayi.aurora@sarrafinc.com,Partner,2026-03-12 11:34:18
LEAD-01929,Organic Search,SaaS_Enterprise_Q1,Chennai,Tamil Nadu,South,Mobile,Chrome,Technology,Enterprise,Enterprise,100Cr+,1541,57,Series C+,10-25%,Owner,Organic Search,kamya.samra@galabhagat.com,New Business,2026-01-11 11:18:09
LEAD-00100,Google,Q1_BFSI_Pune,Pune,Maharashtra,West,Mobile,Chrome,SaaS,Enterprise,Enterprise,100Cr+,9048,22,Unknown,25-50%,VP,Organic Search,oeshi.reddy@yahoo.com,New Business,2026-02-27 19:28:05
LEAD-01238,Instagram,Retargeting_General,Delhi,Delhi,North,Mobile,Firefox,BFSI,Medium,Mid-Market,1Cr-10Cr,151,13,Unknown,50%+,Associate,Content Marketing,yahvi.sampath@yahoo.com,New Business,2026-02-01 16:58:33
LEAD-01215,Instagram,Retargeting_General,Thane,Maharashtra,West,Mobile,Chrome,Technology,Medium,Startup,1Cr-10Cr,129,4,Seed,25-50%,Owner,Content Marketing,kashvi.deshpande@outlook.com,New Business,2026-03-11 17:12:40
LEAD-00756,LinkedIn,SaaS_Enterprise_Q1,Chennai,Tamil Nadu,South,Mobile,Safari,Healthcare,Enterprise,Enterprise,,5012,54,Series C+,0-10%,CXO,Social Media - LinkedIn,samuel.shan@modiplc.com,Existing Customer,2026-01-14 12:24:10
LEAD-00114,Google,Q1_BFSI_Mumbai,Navi Mumbai,Maharashtra,West,Desktop,,BFSI,Medium,Mid-Market,1Cr-10Cr,144,29,Series C+,0-10%,Senior Manager,Display Ad,aahana.pillay@contractorka.com,New Business,2026-02-02 08:02:02
LEAD-00304,Google,Q1_BFSI_Mumbai,Mumbai,Maharashtra,West,Mobile,Chrome,BFSI,Enterprise,Enterprise,100Cr+,6005,41,Unknown,10-25%,Manager,Paid Search,yashica.tripathi@outlook.com,New Business,2026-01-06 21:17:54
LEAD-00001,Google,Q1_BFSI_Mumbai,Navi Mumbai,Maharashtra,West,Desktop,Safari,Retail,Medium,Mid-Market,50Cr-100Cr,219,7,Bootstrapped,0-10%,Owner,Display Ad,yash.kapoor@choudhurybak.com,New Business,2026-01-22 09:52:48
LEAD-00854,LinkedIn,Brand_Awareness,Mumbai,Maharashtra,West,Desktop,Edge,Consulting,Enterprise,Enterprise,100Cr+,3326,12,Unknown,50%+,Senior Manager,Paid Search,osha.prabhakar@gmail.com,New Business,2026-04-23 18:48:29
LEAD-00210,Google,SaaS_Enterprise_Q1,Bangalore,Karnataka,South,Tablet,Chrome,Unknown,Large,Mid-Market,10Cr-50Cr,390,29,Public,10-25%,Associate,Paid Search,oni.dubey@prabhakarzac.com,New Business,2026-01-14 10:28:29
LEAD-01054,Facebook,Manufacturing_AI,Pune,Maharashtra,West,Mobile,Chrome,Manufacturing,Small,SMB,1Cr-10Cr,12,8,Series B,10-25%,Senior Manager,Social Media - Facebook,karan.jain@gmail.com,New Business,2026-04-05 19:01:27
LEAD-01954,Organic Search,Retargeting_General,Mumbai,Maharashtra,West,Mobile,Opera,SaaS,Medium,Mid-Market,10Cr-50Cr,150,15,Seed,0-10%,Analyst,Content Marketing,dakshesh.konda@lallbasak.com,New Business,2026-03-03 11:28:48
LEAD-01485,Direct,Brand_Awareness,Navi Mumbai,Maharashtra,West,Mobile,Opera,SaaS,Enterprise,Enterprise,50Cr-100Cr,3997,55,Series C+,10-25%,Associate,Referral,madhav.anne@pathakbalana.com,Existing Customer,2026-05-07 18:50:53
LEAD-01920,Organic Search,Retargeting_General,Mumbai,Maharashtra,West,Mobile,Chrome,Healthcare,Enterprise,Enterprise,50Cr-100Cr,7525,60,Public,25-50%,Manager,Content Marketing,logan.wable@gopalgroup.com,New Business,2026-03-18 20:49:28
LEAD-01269,Instagram,Brand_Awareness,Navi Mumbai,Maharashtra,West,Desktop,Firefox,Unknown,Large,Mid-Market,50Cr-100Cr,351,26,Series B,0-10%,Intern,Display Ad,advik.mane@outlook.com,New Business,2026-02-07 20:12:51
LEAD-00776,LinkedIn,SaaS_Enterprise_Q1,Pune,Maharashtra,West,Mobile,Chrome,Consulting,Enterprise,Enterprise,100Cr+,3508,11,Unknown,Negative,Manager,Social Media - LinkedIn,zashil.dhingra@dyalmangat.com,Partner,2026-01-11 17:24:01
LEAD-00310,Google,SaaS_Enterprise_Q1,Delhi,Delhi,North,Desktop,Safari,SaaS,Medium,Mid-Market,10Cr-50Cr,147,12,Public,25-50%,VP,Organic Search,saksham.bassi@gmail.com,Existing Customer,2026-03-30 15:50:30
LEAD-01760,Referral,Brand_Awareness,,Karnataka,South,Mobile,Edge,Consulting,Large,Mid-Market,50Cr-100Cr,623,18,Unknown,25-50%,Owner,Email,umang.ben@duakade.com,Existing Customer,2026-04-20 08:21:57
LEAD-01952,Organic Search,SaaS_Enterprise_Q1,Delhi,Delhi,North,Mobile,Chrome,SaaS,Medium,Mid-Market,10Cr-50Cr,154,24,Series A,0-10%,VP,Content Marketing,jeevika.vala@dayalsastry.com,Existing Customer,2026-05-22 13:22:58
LEAD-00296,Google,Brand_Awareness,Mumbai,Maharashtra,West,Mobile,Firefox,BFSI,Medium,Mid-Market,10Cr-50Cr,81,22,Bootstrapped,25-50%,Associate,Paid Search,bhavini.sodhi@devaninc.com,New Business,2026-01-17 20:47:37
LEAD-00223,Google,Q1_BFSI_Mumbai,Kolkata,West Bengal,East,Mobile,Chrome,SaaS,Large,Mid-Market,1Cr-10Cr,633,27,Series A,25-50%,Manager,Paid Search,timothy.bassi@choprasethan.com,New Business,2026-01-07 13:19:20
LEAD-01632,Referral,Brand_Awareness,Mumbai,Maharashtra,West,Mobile,Edge,SaaS,,Mid-Market,10Cr-50Cr,839,26,Unknown,25-50%,Senior Manager,Direct,shivani.balan@sahnikadakia.com,Partner,2026-05-18 17:59:53
LEAD-01700,Referral,Brand_Awareness,Mumbai,Maharashtra,West,Mobile,Chrome,Technology,Medium,Mid-Market,10Cr-50Cr,117,5,Series B,10-25%,CXO,Referral,pahal.tiwari@sinhagroup.com,New Business,2026-01-07 18:33:53
LEAD-01740,Referral,Brand_Awareness,Thane,Maharashtra,West,Mobile,,Retail,Enterprise,Enterprise,50Cr-100Cr,1863,47,Series B,10-25%,Director,Email,chaaya.hayer@chaudhryraja.com,Existing Customer,2026-02-19 10:04:30
LEAD-01584,Direct,Brand_Awareness,Thane,Maharashtra,West,Mobile,Safari,Consulting,Enterprise,Enterprise,100Cr+,7568,33,Series C+,0-10%,CXO,Direct,sai.grewal@samasrivasta.com,New Business,2026-01-10 14:09:50
LEAD-01872,Email Campaign,Manufacturing_AI,Navi Mumbai,Maharashtra,West,Mobile,Chrome,Unknown,Large,Mid-Market,50Cr-100Cr,858,17,Series C+,0-10%,Manager,Direct,manbir.mall@khannamannea.com,New Business,2026-04-22 20:42:38
LEAD-01521,Direct,Brand_Awareness,Mumbai,Maharashtra,West,Mobile,Safari,Education,Enterprise,Enterprise,100Cr+,9852,11,Public,0-10%,Founder,Organic Search,saanvi.mall@zachariahbat.com,New Business,2026-03-22 19:45:57
LEAD-00558,LinkedIn,Retargeting_General,Thane,Maharashtra,West,Mobile,Firefox,Education,Enterprise,Enterprise,50Cr-100Cr,9738,48,Series C+,25-50%,CXO,Referral,leena.panchal@deyinc.com,New Business,2026-03-18 12:42:50
LEAD-00201,Google,Q1_BFSI_Mumbai,Mumbai,Maharashtra,West,Mobile,Edge,BFSI,Enterprise,Enterprise,100Cr+,5404,56,Series B,10-25%,Senior Manager,Paid Search,chakrika.nigam@kuriangroup.com,New Business,2026-01-02 13:51:27
LEAD-01778,Email Campaign,Retargeting_General,Mumbai,Maharashtra,West,Mobile,Chrome,Manufacturing,Enterprise,Enterprise,50Cr-100Cr,7688,21,Series C+,50%+,Senior Manager,Paid Search,eshana.bhatt@outlook.com,New Business,2026-03-30 14:39:37
LEAD-01287,Instagram,Retargeting_General,Thane,Maharashtra,West,Mobile,Safari,Technology,Large,Mid-Market,50Cr-100Cr,339,17,Series C+,0-10%,Intern,Social Media - Instagram,qadim.chandra@yahoo.com,New Business,2026-04-04 08:49:21
LEAD-01451,Direct,Brand_Awareness,Kolkata,West Bengal,East,Mobile,Safari,BFSI,Large,Mid-Market,50Cr-100Cr,603,27,Public,25-50%,VP,Organic Search,raghav.bala@choudhuryinc.com,New Business,2026-03-01 21:28:29
LEAD-01402,Direct,Retargeting_General,Delhi,Delhi,North,Mobile,Edge,Consulting,Small,Startup,1Cr-10Cr,4,3,Seed,25-50%,VP,Referral,mitali.kala@naikltd.com,New Business,2026-04-04 12:58:08
LEAD-01571,Direct,Brand_Awareness,Mumbai,Maharashtra,West,Mobile,Chrome,SaaS,Small,SMB,<1Cr,9,11,Unknown,0-10%,Associate,Referral,rachana.bajwa@chatterjeeba.com,Existing Customer,2026-01-06 15:17:40
LEAD-00920,Facebook,Brand_Awareness,Mumbai,Maharashtra,West,Desktop,Chrome,Consulting,Medium,Mid-Market,1Cr-10Cr,111,16,Public,Unknown,Senior Associate,Social Media - Facebook,fiyaz.chawla@yahoo.com,New Business,2026-05-09 21:00:39
LEAD-00026,Google,Retargeting_General,Mumbai,Maharashtra,West,Desktop,Safari,Education,Small,Startup,<1Cr,14,3,Seed,0-10%,Analyst,Paid Search,neel.zacharia@issacduaandp.com,New Business,2026-02-10 11:11:35
LEAD-00225,Google,SaaS_Enterprise_Q1,Delhi,Delhi,North,Mobile,Safari,SaaS,Medium,Startup,1Cr-10Cr,237,1,Seed,10-25%,Owner,Organic Search,hritik.swaminathan@rattisandhu.com,New Business,2026-04-11 21:49:36
LEAD-00557,LinkedIn,Retargeting_General,Bangalore,Karnataka,South,Mobile,Safari,Logistics,Enterprise,Enterprise,1Cr-10Cr,6808,17,Series C+,25-50%,CXO,Paid Search,teerth.chadha@doshisabharw.com,New Business,2026-02-01 15:19:36
LEAD-01122,Facebook,Brand_Awareness,Hyderabad,Telangana,South,Mobile,Chrome,Retail,Medium,Mid-Market,1Cr-10Cr,53,27,Seed,25-50%,Associate,Paid Search,chaitaly.bhatia@uppalravalan.com,New Business,2026-03-29 14:23:13
LEAD-01869,Email Campaign,Retargeting_General,Mumbai,Maharashtra,West,Desktop,Chrome,Real Estate,Enterprise,Enterprise,100Cr+,7894,41,Public,50%+,Senior Associate,Paid Search,tamanna.thakur@outlook.com,New Business,2026-02-21 17:33:04
LEAD-01563,Direct,Retargeting_General,,West Bengal,East,Mobile,Firefox,Healthcare,Medium,Mid-Market,50Cr-100Cr,96,17,Bootstrapped,10-25%,CXO,Direct,sudiksha.agate@gmail.com,New Business,2026-03-05 14:35:19
LEAD-01969,Organic Search,Brand_Awareness,Ahmedabad,Gujarat,West,Mobile,Safari,Education,,SMB,,47,6,Bootstrapped,0-10%,Manager,Content Marketing,nitesh.issac@oommenmishra.com,Partner,2026-04-24 08:50:47
LEAD-01356,Instagram,Brand_Awareness,Delhi,Delhi,North,Mobile,Chrome,Retail,Medium,Mid-Market,10Cr-50Cr,197,13,Bootstrapped,10-25%,Executive,Content Marketing,tanay.sibal@vartygrovera.com,New Business,2026-02-14 20:20:27
LEAD-00970,Facebook,Manufacturing_AI,Mumbai,Maharashtra,West,Tablet,Chrome,Manufacturing,Large,Mid-Market,1Cr-10Cr,354,6,Unknown,0-10%,Analyst,Social Media - Facebook,chandran.peri@surivoraandk.com,Partner,2026-03-20 15:59:18
LEAD-01483,Direct,Retargeting_General,Navi Mumbai,Maharashtra,West,Desktop,,SaaS,Enterprise,Enterprise,50Cr-100Cr,1803,45,Series C+,10-25%,Manager,Direct,oviya.kari@korpaldoshi.com,New Business,2026-01-12 16:11:24
LEAD-01542,Direct,Retargeting_General,Navi Mumbai,Maharashtra,West,Desktop,Chrome,Technology,Enterprise,Enterprise,100Cr+,1170,33,Unknown,Unknown,Senior Manager,Referral,bimala.ganesh@agarwalgroup.com,New Business,2026-04-07 20:32:43
LEAD-01785,Email Campaign,Retargeting_General,Hyderabad,Telangana,South,Mobile,Edge,BFSI,Medium,Mid-Market,1Cr-10Cr,232,25,Unknown,10-25%,Manager,Email,pallavi.acharya@misrapatlaan.com,Existing Customer,2026-05-13 10:14:21
LEAD-00436,Google,Q1_BFSI_Mumbai,Mumbai,Maharashtra,West,Mobile,Chrome,BFSI,Large,Mid-Market,10Cr-50Cr,306,25,Series B,10-25%,Senior Manager,Organic Search,rayaan.behl@prabhakarcha.com,New Business,2026-01-30 14:30:19
LEAD-01646,Referral,Brand_Awareness,Navi Mumbai,Maharashtra,West,Desktop,Chrome,BFSI,Enterprise,Enterprise,100Cr+,4099,50,Series C+,Unknown,CXO,Referral,samesh.mukherjee@jhaveride.com,Existing Customer,2026-01-04 09:23:13
LEAD-01852,Email Campaign,Retargeting_General,Mumbai,Maharashtra,West,Mobile,Chrome,Technology,,Mid-Market,10Cr-50Cr,248,21,Series C+,10-25%,Founder,Email,bhavika.sodhi@nagyandsons.com,Existing Customer,2026-05-01 12:00:09
LEAD-01204,Instagram,Brand_Awareness,Mumbai,Maharashtra,West,Mobile,Chrome,Logistics,Small,Startup,10Cr-50Cr,36,2,Series B,25-50%,Senior Associate,Content Marketing,sathvik.malhotra@tripathikand.com,Partner,2026-02-24 17:42:24
LEAD-00514,LinkedIn,Brand_Awareness,Bangalore,Karnataka,South,Desktop,Chrome,Real Estate,Enterprise,Enterprise,50Cr-100Cr,2405,10,Series B,10-25%,Senior Associate,Paid Search,vrishti.wable@lalaltd.com,Existing Customer,2026-03-24 19:25:43
LEAD-01560,Direct,Retargeting_General,Delhi,Delhi,North,Mobile,Chrome,SaaS,Enterprise,Enterprise,100Cr+,3801,52,Unknown,0-10%,Senior Associate,Organic Search,onkar.hari@tellatak.com,Existing Customer,2026-01-16 08:28:25
LEAD-00457,Google,Brand_Awareness,Delhi,Delhi,North,Mobile,Chrome,Healthcare,Medium,Startup,1Cr-10Cr,186,1,Seed,50%+,Senior Associate,Paid Search,manthan.khosla@outlook.com,Partner,2026-05-19 16:14:29
LEAD-00450,Google,Retargeting_General,Mumbai,Maharashtra,West,Desktop,Chrome,Logistics,Large,Mid-Market,10Cr-50Cr,720,26,Series B,10-25%,Executive,Paid Search,chanakya.ahuja@bordeltd.com,New Business,2026-05-18 10:47:37
LEAD-01109,Facebook,Manufacturing_AI,Bangalore,Karnataka,South,Mobile,Chrome,Manufacturing,Medium,Mid-Market,10Cr-50Cr,103,8,Series B,10-25%,Owner,Social Media - Facebook,ijaya.datta@yahoo.com,Partner,2026-04-29 20:01:56
LEAD-01331,Instagram,Startup_Founders,Mumbai,Maharashtra,West,Mobile,Chrome,Retail,Large,Mid-Market,-1,774,11,Series A,50%+,Senior Associate,Content Marketing,divya.puri@rajagopalgro.com,Existing Customer,2026-05-28 14:30:05
LEAD-00511,LinkedIn,SaaS_Enterprise_Q1,Navi Mumbai,Maharashtra,West,Mobile,Safari,Technology,Enterprise,Enterprise,50Cr-100Cr,8130,59,Public,Negative,VP,Social Media - LinkedIn,aayush.kala@sanghviramac.com,New Business,2026-03-28 15:07:14
LEAD-01252,Instagram,Retargeting_General,Ahmedabad,Gujarat,West,Mobile,Chrome,Real Estate,Large,Mid-Market,10Cr-50Cr,905,29,Series B,10-25%,Senior Manager,Content Marketing,tamanna.ganesan@panditllc.com,New Business,2026-01-28 16:18:14
LEAD-01129,Facebook,Retargeting_General,Thane,Maharashtra,West,Mobile,,Real Estate,Small,Startup,<1Cr,25,2,Seed,0-10%,VP,Paid Search,rajeshri.deshpande@surltd.com,New Business,2026-01-12 12:11:14
LEAD-01425,Direct,Retargeting_General,Thane,Maharashtra,West,Mobile,Chrome,Retail,Medium,Mid-Market,10Cr-50Cr,144,25,Series A,25-50%,Senior Associate,Direct,caleb.sethi@luthraahluwa.com,New Business,2026-03-01 18:48:53
LEAD-01354,Instagram,Brand_Awareness,Bangalore,Karnataka,South,Mobile,Chrome,BFSI,Small,SMB,<1Cr,39,15,Unknown,0-10%,Founder,Social Media - Instagram,oeshi.ratti@outlook.com,Partner,2026-04-12 20:38:33
LEAD-00896,LinkedIn,Brand_Awareness,Bangalore,Karnataka,South,Mobile,Chrome,Logistics,Large,Mid-Market,50Cr-100Cr,637,25,Series A,10-25%,Senior Manager,Referral,abhiram.arora@vasasharmaan.com,New Business,2026-03-11 21:05:04
LEAD-01407,Direct,Brand_Awareness,Bangalore,Karnataka,South,Mobile,Chrome,Retail,Medium,Mid-Market,1Cr-10Cr,215,27,Series C+,0-10%,Analyst,Direct,omkaar.thakur@barmangolaan.com,New Business,2026-01-16 09:07:36
LEAD-01400,Instagram,Startup_Founders,Bangalore,Karnataka,South,Mobile,Chrome,Consulting,Small,SMB,<1Cr,24,6,Seed,50%+,Executive,Display Ad,shravya.kothari@gmail.com,New Business,2026-02-23 21:34:56
LEAD-01377,Instagram,Startup_Founders,Mumbai,Maharashtra,West,Mobile,Edge,Consulting,Small,SMB,,40,12,Bootstrapped,25-50%,Manager,Content Marketing,dayamai.patil@yahoo.com,New Business,2026-05-08 14:44:39
LEAD-00405,Google,Brand_Awareness,Navi Mumbai,Maharashtra,West,Mobile,Chrome,SaaS,Enterprise,Enterprise,100Cr+,6043,29,Public,0-10%,Senior Manager,Display Ad,vanya.dua@kantkandaand.com,New Business,2026-03-24 20:00:07
LEAD-01334,Instagram,Brand_Awareness,Pune,Maharashtra,West,Desktop,Opera,Retail,Medium,Mid-Market,1Cr-10Cr,186,29,Bootstrapped,10-25%,Executive,Social Media - Instagram,imaran.swaminathan@gmail.com,New Business,2026-03-05 11:59:39
LEAD-00146,Google,Retargeting_General,Hyderabad,Telangana,South,Tablet,Opera,Manufacturing,Small,SMB,10Cr-50Cr,35,12,Series C+,Negative,Senior Manager,Paid Search,finn.dugar@kakarllc.com,Partner,2026-03-08 13:32:56
LEAD-01434,Direct,Brand_Awareness,Chennai,Tamil Nadu,South,Mobile,Chrome,Consulting,Medium,Mid-Market,1Cr-10Cr,89,12,Bootstrapped,10-25%,VP,Referral,quincy.saraf@samillc.com,New Business,2026-03-20 13:54:06
LEAD-00946,Facebook,Brand_Awareness,Mumbai,Maharashtra,West,Mobile,Chrome,BFSI,Medium,Mid-Market,1Cr-10Cr,155,21,Series C+,10-25%,Senior Manager,Paid Search,yuvraj.rajan@outlook.com,Partner,2026-04-09 09:50:26
LEAD-00431,Google,SaaS_Enterprise_Q1,Hyderabad,Telangana,South,Desktop,Chrome,BFSI,Small,SMB,<1Cr,1,9,Unknown,50%+,Manager,Paid Search,manthan.mital@saharege.com,Partner,2026-02-12 14:22:51
LEAD-00373,Google,Brand_Awareness,Ahmedabad,Gujarat,West,Desktop,Opera,Technology,Medium,Mid-Market,1Cr-10Cr,71,29,Series A,0-10%,Senior Associate,Paid Search,rayaan.bahl@kibebalayand.com,New Business,2026-03-27 13:56:52
LEAD-00266,Google,SaaS_Enterprise_Q1,Mumbai,Maharashtra,West,Desktop,Chrome,Technology,Medium,Mid-Market,10Cr-50Cr,169,6,Public,0-10%,Founder,Organic Search,daksh.pandey@mittermahara.com,New Business,2026-03-16 13:51:43
LEAD-00735,LinkedIn,Brand_Awareness,Hyderabad,Telangana,South,Mobile,Firefox,Technology,Large,Mid-Market,10Cr-50Cr,437,29,Public,10-25%,Director,Paid Search,aishani.shetty@kashyapshana.com,New Business,2026-03-23 15:27:30
LEAD-01375,Instagram,Brand_Awareness,Bangalore,Karnataka,South,Mobile,Chrome,Unknown,Small,SMB,1Cr-10Cr,5,14,Public,0-10%,Analyst,Social Media - Instagram,janani.soman@outlook.com,New Business,2026-03-08 17:34:36
LEAD-01873,Email Campaign,Retargeting_General,Chennai,Tamil Nadu,South,Desktop,Chrome,Consulting,Large,Mid-Market,10Cr-50Cr,913,30,Series A,10-25%,Executive,Paid Search,yuvraj.kade@madaninc.com,New Business,2026-04-10 21:41:50
LEAD-01139,Facebook,Manufacturing_AI,Bangalore,Karnataka,South,Desktop,Chrome,Unknown,Medium,Startup,1Cr-10Cr,249,2,Series B,25-50%,Senior Associate,Display Ad,upasna.setty@yahoo.com,New Business,2026-03-08 14:17:29
LEAD-00638,LinkedIn,Retargeting_General,Kolkata,West Bengal,East,Mobile,Chrome,Real Estate,Large,Mid-Market,10Cr-50Cr,554,11,Series B,25-50%,VP,Paid Search,faras.khanna@outlook.com,Existing Customer,2026-02-22 18:02:15
LEAD-00978,Facebook,Retargeting_General,Bangalore,Karnataka,South,Mobile,Chrome,Healthcare,Large,Mid-Market,10Cr-50Cr,581,18,Series B,25-50%,CXO,Display Ad,neelima.thaman@ganesanandso.com,New Business,2026-02-27 17:43:49
LEAD-00897,LinkedIn,Brand_Awareness,,Maharashtra,West,Mobile,Chrome,Logistics,Medium,Mid-Market,10Cr-50Cr,89,8,Series A,10-25%,Founder,Paid Search,eshana.pathak@kaderaghavan.com,New Business,2026-04-11 11:53:38
LEAD-00943,Facebook,Retargeting_General,Thane,Maharashtra,West,Mobile,Chrome,Technology,Medium,Startup,1Cr-10Cr,204,4,Seed,0-10%,Intern,Paid Search,azad.narayanan@prabhusheth.com,New Business,2026-02-19 21:58:10
LEAD-01182,Facebook,Manufacturing_AI,Pune,Maharashtra,West,Mobile,Chrome,Consulting,Medium,Mid-Market,1Cr-10Cr,147,7,Series C+,25-50%,Senior Associate,Social Media - Facebook,balendra.hans@sarmaguptaan.com,New Business,2026-02-02 10:34:27
LEAD-00381,Google,Retargeting_General,Thane,Maharashtra,West,Desktop,Chrome,BFSI,Medium,Mid-Market,1Cr-10Cr,229,24,Bootstrapped,0-10%,Director,Display Ad,bhavna.dara@pallamahal.com,Partner,2026-04-30 18:00:04
LEAD-01106,Facebook,Manufacturing_AI,Mumbai,Maharashtra,West,Mobile,Chrome,Technology,Small,Startup,1Cr-10Cr,47,4,Bootstrapped,25-50%,Associate,Paid Search,manya.goswami@yahoo.com,New Business,2026-03-23 17:48:10
LEAD-00819,LinkedIn,Retargeting_General,Mumbai,Maharashtra,West,Desktop,Chrome,BFSI,Large,Mid-Market,10Cr-50Cr,735,16,Unknown,Unknown,Owner,Paid Search,dhriti.koshy@gangulyagraw.com,New Business,2026-04-09 14:25:57
LEAD-00470,Google,Retargeting_General,Pune,Maharashtra,West,Mobile,Chrome,Healthcare,Large,Mid-Market,10Cr-50Cr,481,15,Series C+,25-50%,Manager,Paid Search,harini.ranganathan@kataborra.com,New Business,2026-03-10 16:43:27
LEAD-01779,Email Campaign,Healthcare_Demo,Chennai,Tamil Nadu,South,Desktop,Chrome,Technology,Large,Mid-Market,10Cr-50Cr,812,12,Series B,50%+,Senior Manager,Direct,anmol.ramesh@yogigoyaland.com,Existing Customer,2026-03-28 14:35:32
LEAD-00185,Google,SaaS_Enterprise_Q1,Delhi,Delhi,North,Desktop,Chrome,BFSI,Large,Mid-Market,50Cr-100Cr,943,17,Series B,Negative,Owner,Display Ad,ekta.bhalla@gmail.com,New Business,2026-02-18 15:04:40
LEAD-01803,Email Campaign,Healthcare_Demo,Chennai,Tamil Nadu,South,Mobile,Chrome,Healthcare,Enterprise,Enterprise,50Cr-100Cr,4644,15,Series C+,10-25%,Founder,Direct,eesha.ramachandran@chaudharybav.com,New Business,2026-02-07 20:24:24
LEAD-00902,Facebook,Manufacturing_AI,Pune,Maharashtra,West,Mobile,Firefox,Manufacturing,Medium,Mid-Market,10Cr-50Cr,84,7,Series B,10-25%,VP,Paid Search,warinder.sankaran@karnikchaudh.com,Existing Customer,2026-04-23 19:03:20
LEAD-00622,LinkedIn,Brand_Awareness,Kolkata,West Bengal,East,Desktop,Opera,BFSI,Large,Mid-Market,50Cr-100Cr,397,19,Series B,0-10%,Director,Referral,dalbir.sodhi@kandabalanan.com,New Business,2026-04-13 17:51:15
LEAD-00546,LinkedIn,Retargeting_General,Pune,Maharashtra,West,Mobile,Chrome,SaaS,Enterprise,Enterprise,100Cr+,1688,42,Unknown,Negative,Owner,Referral,samaksh.deo@acharyasangh.com,Existing Customer,2026-01-31 21:13:58
LEAD-00670,LinkedIn,SaaS_Enterprise_Q1,Delhi,Delhi,North,Desktop,Chrome,Technology,Large,Mid-Market,50Cr-100Cr,762,26,Series B,50%+,Senior Manager,Referral,bhavika.wason@chaudhrycher.com,Partner,2026-03-27 21:51:52
LEAD-01666,Referral,Brand_Awareness,Thane,Maharashtra,West,Mobile,Firefox,Retail,Enterprise,Enterprise,50Cr-100Cr,2657,52,Public,Negative,Senior Associate,Email,pranav.kalita@sastryllc.com,New Business,2026-05-07 20:12:34
LEAD-01851,Email Campaign,Retargeting_General,Mumbai,Maharashtra,West,Desktop,Firefox,Real Estate,Large,Mid-Market,100Cr+,549,26,Series A,10-25%,Analyst,Email,banjeet.acharya@battagopal.com,New Business,2026-01-19 14:24:22
LEAD-01162,Facebook,Retargeting_General,Pune,Maharashtra,West,Mobile,Chrome,Technology,Medium,Mid-Market,1Cr-10Cr,182,5,Seed,0-10%,Senior Manager,Social Media - Facebook,arjun.chanda@hansbandi.com,New Business,2026-01-15 14:08:10
LEAD-01684,Referral,Retargeting_General,Pune,Maharashtra,West,Mobile,Safari,BFSI,Large,Mid-Market,10Cr-50Cr,473,11,Public,0-10%,Director,Direct,viraj.bail@kaulthakuran.com,New Business,2026-05-14 20:16:57
LEAD-01841,Email Campaign,Retargeting_General,Navi Mumbai,Maharashtra,West,Mobile,Chrome,SaaS,Medium,Mid-Market,10Cr-50Cr,191,23,Series B,10-25%,Senior Manager,Email,yasti.grover@kotadua.com,New Business,2026-05-17 20:41:04
LEAD-01857,Email Campaign,Healthcare_Demo,Bangalore,Karnataka,South,Mobile,Chrome,Healthcare,Large,Mid-Market,50Cr-100Cr,595,9,Unknown,10-25%,VP,Direct,gagan.cherian@majumdarkade.com,New Business,2026-03-13 17:17:33
LEAD-01922,Organic Search,Retargeting_General,Hyderabad,Telangana,South,Mobile,Chrome,Consulting,Enterprise,Enterprise,100Cr+,5925,10,Unknown,50%+,VP,Organic Search,nachiket.bhasin@outlook.com,New Business,2026-05-27 12:32:54
LEAD-00468,Google,Q1_BFSI_Mumbai,Bangalore,Karnataka,South,Mobile,Chrome,Technology,Large,Mid-Market,10Cr-50Cr,333,24,Unknown,10-25%,CXO,Paid Search,leena.dey@ramachandran.com,New Business,2026-01-04 16:58:43
LEAD-01342,Instagram,Retargeting_General,Bangalore,Karnataka,South,Desktop,Safari,Real Estate,Medium,Mid-Market,1Cr-10Cr,215,5,Bootstrapped,25-50%,Owner,Content Marketing,geetika.gara@bhattimodyan.com,Partner,2026-03-15 08:15:03
LEAD-00486,Google,Retargeting_General,Mumbai,Maharashtra,West,Desktop,Chrome,Education,Large,Mid-Market,10Cr-50Cr,547,22,Series B,0-10%,CXO,Organic Search,daksha.ahuja@chhabradeshm.com,Partner,2026-03-19 21:37:19
LEAD-01368,Instagram,Retargeting_General,Ahmedabad,Gujarat,West,Mobile,Edge,Healthcare,Small,SMB,1Cr-10Cr,40,8,Bootstrapped,10-25%,Associate,Social Media - Instagram,isaac.tella@deykeer.com,Partner,2026-04-26 16:19:09
LEAD-00830,LinkedIn,Brand_Awareness,,Delhi,North,Mobile,Chrome,SaaS,Small,SMB,1Cr-10Cr,32,7,Series C+,0-10%,Director,Paid Search,madhav.sule@golaplc.com,Partner,2026-04-11 14:44:51
LEAD-01614,Referral,Brand_Awareness,Navi Mumbai,Maharashtra,West,Mobile,Firefox,Consulting,Enterprise,Enterprise,100Cr+,4053,44,Series B,0-10%,VP,Referral,samaksh.seth@bansaljohala.com,Existing Customer,2026-02-04 13:16:50
LEAD-00888,LinkedIn,Retargeting_General,Pune,Maharashtra,West,Mobile,Chrome,Technology,Large,Mid-Market,10Cr-50Cr,550,26,Series A,25-50%,VP,Social Media - LinkedIn,wahab.khurana@guptataraand.com,Partner,2026-04-11 17:22:34
LEAD-01798,Email Campaign,SaaS_Enterprise_Q1,Delhi,Delhi,North,Mobile,Chrome,SaaS,,Mid-Market,1Cr-10Cr,132,14,Series C+,10-25%,Senior Associate,Email,gaurav.patil@narayanltd.com,New Business,2026-03-05 17:59:50
LEAD-00363,Google,Q1_BFSI_Mumbai,Thane,Maharashtra,West,Desktop,Chrome,BFSI,Enterprise,Enterprise,50Cr-100Cr,3927,12,Public,0-10%,Senior Manager,Display Ad,kabir.chatterjee@mammendani.com,Existing Customer,2026-01-03 17:41:53
LEAD-00024,Google,Q1_BFSI_Pune,Mumbai,Maharashtra,West,Mobile,Chrome,BFSI,Medium,Mid-Market,1Cr-10Cr,226,6,Unknown,50%+,Analyst,Organic Search,aarush.lall@dugarsetty.com,New Business,2026-01-16 09:35:48
LEAD-01717,Referral,Brand_Awareness,Bangalore,Karnataka,South,Tablet,Chrome,Logistics,Large,Mid-Market,100Cr+,860,6,Series A,Unknown,Founder,Email,nisha.chakraborty@gmail.com,New Business,2026-01-20 13:49:52
LEAD-01653,Referral,Retargeting_General,Hyderabad,Telangana,South,Desktop,Safari,Education,Large,Mid-Market,10Cr-50Cr,368,6,Series C+,0-10%,Senior Manager,Referral,qadim.chandran@sankaranshan.com,Partner,2026-02-14 11:03:16
LEAD-01251,Instagram,Startup_Founders,Thane,Maharashtra,West,Desktop,Chrome,Education,,SMB,<1Cr,1,11,Series B,0-10%,Executive,Display Ad,bhavya.batta@gmail.com,Existing Customer,2026-05-10 20:22:08
LEAD-00494,Google,SaaS_Enterprise_Q1,Bangalore,Karnataka,South,Mobile,Chrome,SaaS,Large,Mid-Market,100Cr+,280,28,Unknown,0-10%,Senior Associate,Paid Search,zayyan.dube@mitterandson.com,New Business,2026-03-30 10:44:14
LEAD-00439,Google,Q1_BFSI_Pune,Pune,Maharashtra,West,Desktop,Chrome,BFSI,Enterprise,Enterprise,50Cr-100Cr,6133,45,Public,0-10%,Founder,Display Ad,jacob.srinivas@kakarandsons.com,New Business,2026-01-04 14:06:33
LEAD-00498,Google,Q1_BFSI_Pune,Hyderabad,Telangana,South,Desktop,Chrome,BFSI,Large,Mid-Market,10Cr-50Cr,539,10,Series B,50%+,Founder,Display Ad,mugdha.narula@outlook.com,Existing Customer,2026-02-16 09:59:13
LEAD-01082,Facebook,Retargeting_General,Bangalore,Karnataka,South,Desktop,Safari,Education,,Mid-Market,1Cr-10Cr,169,19,Public,25-50%,Manager,Display Ad,lopa.grover@warriorgandh.com,New Business,2026-04-09 14:01:55
LEAD-00314,Google,SaaS_Enterprise_Q1,Hyderabad,Telangana,South,Mobile,Brave,Consulting,Large,Mid-Market,10Cr-50Cr,541,7,Series C+,10-25%,Owner,Organic Search,mugdha.sarraf@pillaigroup.com,New Business,2026-02-13 11:53:26
LEAD-01369,Instagram,Startup_Founders,Mumbai,Maharashtra,West,Mobile,Chrome,SaaS,Small,Startup,1Cr-10Cr,23,5,Series A,10-25%,Senior Associate,Content Marketing,zayan.taneja@vigltd.com,New Business,2026-04-15 12:34:34
LEAD-01893,Email Campaign,Manufacturing_AI,Mumbai,Maharashtra,West,Mobile,Chrome,Manufacturing,Large,Mid-Market,50Cr-100Cr,252,9,Series A,50%+,Senior Manager,Email,chaman.chauhan@gmail.com,New Business,2026-03-03 12:11:51
LEAD-00948,Facebook,Retargeting_General,Mumbai,Maharashtra,West,Mobile,Chrome,Manufacturing,Large,Mid-Market,10Cr-50Cr,844,29,Series C+,10-25%,Director,Social Media - Facebook,urvashi.ramachandran@chandraverma.com,New Business,2026-02-13 13:26:42
LEAD-00013,Google,Q1_BFSI_Mumbai,Delhi,Delhi,North,Mobile,Chrome,BFSI,Large,Mid-Market,<1Cr,570,23,Series B,Negative,Manager,Organic Search,yash.gade@lokeboraandg.com,New Business,2026-04-12 19:12:04
LEAD-01137,Facebook,Brand_Awareness,Mumbai,Maharashtra,West,Mobile,Chrome,Education,Medium,Startup,50Cr-100Cr,133,4,Seed,0-10%,Intern,Paid Search,gaurang.korpal@gmail.com,New Business,2026-04-06 14:28:38
LEAD-00390,Google,SaaS_Enterprise_Q1,Bangalore,Karnataka,South,Desktop,Edge,SaaS,Medium,Mid-Market,10Cr-50Cr,108,6,Series B,10-25%,Senior Manager,Paid Search,vincent.warrior@gmail.com,New Business,2026-04-16 11:47:42
LEAD-00252,Google,Q1_BFSI_Mumbai,Mumbai,Maharashtra,West,Desktop,Chrome,Manufacturing,Large,Mid-Market,50Cr-100Cr,938,16,Public,10-25%,Executive,Organic Search,qushi.gill@amblegroup.com,New Business,2026-05-23 10:18:06
LEAD-01956,Organic Search,Retargeting_General,Mumbai,Maharashtra,West,Mobile,Opera,Retail,Medium,Mid-Market,50Cr-100Cr,56,21,Bootstrapped,10-25%,Senior Associate,Direct,udant.rama@rastogiinc.com,New Business,2026-05-03 19:25:39
LEAD-01060,Facebook,Brand_Awareness,Pune,Maharashtra,West,Mobile,Chrome,Retail,Enterprise,Enterprise,50Cr-100Cr,8678,25,Series C+,10-25%,Executive,Paid Search,chanchal.narula@baliltd.com,New Business,2026-02-03 20:59:31
LEAD-01933,Organic Search,SaaS_Enterprise_Q1,,Maharashtra,West,Tablet,Chrome,SaaS,Small,Startup,<1Cr,35,4,Seed,25-50%,Owner,Direct,bachittar.khosla@guhajaggi.com,New Business,2026-01-18 15:59:44
LEAD-01832,Email Campaign,Q1_BFSI_Mumbai,Chennai,Tamil Nadu,South,Mobile,Safari,SaaS,Large,Mid-Market,10Cr-50Cr,502,11,Series A,10-25%,Intern,Email,ranveer.mane@issacchoudhr.com,New Business,2026-02-18 14:40:46
LEAD-00684,LinkedIn,SaaS_Enterprise_Q1,Ahmedabad,Gujarat,West,Mobile,Chrome,Real Estate,Large,Mid-Market,50Cr-100Cr,286,7,Series A,0-10%,Associate,Social Media - LinkedIn,wyatt.pradhan@outlook.com,New Business,2026-02-16 16:10:27
LEAD-01005,Facebook,Manufacturing_AI,Kolkata,West Bengal,East,Mobile,Edge,Manufacturing,Large,Mid-Market,50Cr-100Cr,784,14,Public,10-25%,Manager,Paid Search,ryan.prakash@outlook.com,Existing Customer,2026-03-02 18:28:19
LEAD-00843,LinkedIn,Brand_Awareness,Pune,Maharashtra,West,Mobile,Safari,Unknown,Large,Mid-Market,100Cr+,498,21,Series C+,0-10%,CXO,Referral,yagnesh.bassi@edwinroyandb.com,Existing Customer,2026-05-09 12:25:39
LEAD-00551,LinkedIn,Retargeting_General,Pune,Maharashtra,West,Mobile,Chrome,Retail,Large,Mid-Market,,662,29,Series C+,10-25%,Senior Associate,Referral,sai.andra@karaplc.com,New Business,2026-01-16 14:48:02
LEAD-00791,LinkedIn,Retargeting_General,Thane,Maharashtra,West,Mobile,Chrome,Healthcare,Large,Mid-Market,50Cr-100Cr,841,5,Series A,50%+,Owner,Paid Search,vaishnavi.andra@memonkamdar.com,Partner,2026-05-28 08:58:29
LEAD-01854,Email Campaign,Manufacturing_AI,Delhi,Delhi,North,Desktop,Firefox,Manufacturing,Medium,Mid-Market,1Cr-10Cr,127,30,Seed,25-50%,Analyst,Email,daksha.choudhury@patlanatt.com,Partner,2026-02-28 16:41:26
LEAD-01637,Referral,Brand_Awareness,Hyderabad,Telangana,South,Tablet,Brave,Manufacturing,Large,Mid-Market,50Cr-100Cr,710,6,Series B,0-10%,Founder,Direct,mahika.bhatt@ramanrajandj.com,Partner,2026-01-31 11:36:33
LEAD-01100,Facebook,Manufacturing_AI,Hyderabad,Telangana,South,Tablet,,Manufacturing,Medium,Mid-Market,1Cr-10Cr,110,9,Series A,25-50%,Owner,Social Media - Facebook,ayush.sinha@yahoo.com,Existing Customer,2026-03-13 13:24:48
LEAD-00421,Google,SaaS_Enterprise_Q1,Delhi,Delhi,North,Mobile,Safari,Real Estate,Large,Mid-Market,10Cr-50Cr,979,23,Series C+,25-50%,CXO,Display Ad,triveni.pal@karpekota.com,New Business,2026-03-18 15:20:35
LEAD-01928,Organic Search,SaaS_Enterprise_Q1,Bangalore,Karnataka,South,Mobile,Chrome,Logistics,Medium,Startup,1Cr-10Cr,130,2,Series A,Unknown,Manager,Content Marketing,dhriti.ravel@brahmbhattsi.com,New Business,2026-03-09 16:53:56
LEAD-00125,Google,Brand_Awareness,Thane,Maharashtra,West,Desktop,Firefox,Logistics,Large,Mid-Market,100Cr+,412,18,Unknown,50%+,Senior Associate,Display Ad,qabil.sura@yahoo.com,New Business,2026-05-02 15:41:12
LEAD-01266,Instagram,Startup_Founders,Pune,Maharashtra,West,Mobile,Chrome,Retail,Large,Mid-Market,1Cr-10Cr,783,24,Series C+,Negative,Intern,Display Ad,sanaya.chahal@gmail.com,New Business,2026-05-28 16:08:42
LEAD-01810,Email Campaign,Retargeting_General,Thane,Maharashtra,West,Mobile,Chrome,Technology,Large,Mid-Market,10Cr-50Cr,999,21,Series A,Unknown,Senior Associate,Email,dhriti.chana@chahalmodyan.com,New Business,2026-01-23 18:40:27
LEAD-01031,Facebook,Brand_Awareness,Navi Mumbai,Maharashtra,West,Mobile,Chrome,BFSI,Large,Mid-Market,10Cr-50Cr,871,6,Series B,50%+,Senior Associate,Paid Search,vihaan.bal@lokekashyapa.com,New Business,2026-01-16 18:23:06
LEAD-01671,Referral,Retargeting_General,Mumbai,Maharashtra,West,Mobile,Safari,Technology,Medium,Mid-Market,1Cr-10Cr,180,17,Series A,0-10%,Owner,Referral,akshay.nazareth@gmail.com,Existing Customer,2026-01-15 11:10:03
LEAD-00781,LinkedIn,SaaS_Enterprise_Q1,Bangalore,Karnataka,South,Mobile,Chrome,SaaS,Enterprise,Enterprise,1Cr-10Cr,3928,52,Public,25-50%,VP,Social Media - LinkedIn,ronith.hari@savantkarand.com,Partner,2026-02-13 13:30:39
LEAD-00827,LinkedIn,SaaS_Enterprise_Q1,Mumbai,Maharashtra,West,Mobile,Chrome,Consulting,Medium,Mid-Market,1Cr-10Cr,102,8,Unknown,0-10%,VP,Paid Search,yachana.uppal@mannandesaia.com,New Business,2026-01-16 16:06:15
LEAD-01570,Direct,Brand_Awareness,Thane,Maharashtra,West,Mobile,Chrome,Real Estate,Large,Mid-Market,10Cr-50Cr,460,14,Public,0-10%,VP,Organic Search,deepa.bhatnagar@galallc.com,New Business,2026-05-25 10:21:20
LEAD-01379,Instagram,Startup_Founders,Mumbai,Maharashtra,West,Mobile,Chrome,SaaS,,SMB,<1Cr,16,13,Seed,10-25%,Founder,Content Marketing,charvi.chana@yahoo.com,Existing Customer,2026-01-12 13:07:04
LEAD-01001,Facebook,Manufacturing_AI,Kolkata,West Bengal,East,Desktop,Chrome,Education,Large,Mid-Market,10Cr-50Cr,984,9,Series A,Negative,VP,Paid Search,ekiya.chakraborty@latagroup.com,Existing Customer,2026-02-26 12:03:25
LEAD-00242,Google,Q1_BFSI_Pune,Mumbai,Maharashtra,West,Mobile,Chrome,Logistics,Medium,Mid-Market,10Cr-50Cr,109,9,Bootstrapped,25-50%,Founder,Paid Search,azaan.chand@dharltd.com,New Business,2026-01-21 12:46:26
LEAD-01712,Referral,Retargeting_General,Chennai,Tamil Nadu,South,Desktop,Edge,Consulting,Enterprise,Enterprise,50Cr-100Cr,4685,18,Series B,10-25%,Owner,Referral,janaki.bala@sridharinc.com,Existing Customer,2026-02-10 20:31:11
LEAD-00174,Google,Retargeting_General,Kolkata,West Bengal,East,Mobile,Chrome,Healthcare,,Mid-Market,10Cr-50Cr,243,27,Unknown,10-25%,Manager,Display Ad,veda.pai@gmail.com,New Business,2026-01-17 17:06:51
LEAD-00561,LinkedIn,Retargeting_General,Mumbai,Maharashtra,West,Desktop,Chrome,Consulting,Enterprise,Enterprise,100Cr+,9173,50,Public,Negative,Founder,Paid Search,yashodhara.gulati@vasaplc.com,Existing Customer,2026-04-23 19:59:31
LEAD-01713,Referral,Brand_Awareness,Chennai,Tamil Nadu,South,Mobile,Edge,BFSI,Enterprise,Enterprise,50Cr-100Cr,4641,32,Unknown,10-25%,Senior Manager,Referral,manan.kumar@divanlalands.com,New Business,2026-03-18 20:36:52
LEAD-01220,Instagram,Startup_Founders,Bangalore,Karnataka,South,Desktop,Chrome,SaaS,Large,Mid-Market,1Cr-10Cr,956,13,Public,25-50%,Analyst,Social Media - Instagram,nisha.vig@yahoo.com,New Business,2026-05-06 21:13:50
LEAD-00241,Google,Brand_Awareness,Thane,Maharashtra,West,Mobile,Opera,Retail,Small,SMB,1Cr-10Cr,4,13,Public,0-10%,Executive,Display Ad,luke.rattan@yahoo.com,New Business,2026-03-10 13:01:21
LEAD-01589,Direct,Retargeting_General,Mumbai,Maharashtra,West,Mobile,Chrome,Technology,Large,Mid-Market,10Cr-50Cr,344,7,Series A,0-10%,Manager,Referral,chatura.sami@khannaplc.com,Existing Customer,2026-05-01 11:59:49
LEAD-01826,Email Campaign,Retargeting_General,Kolkata,West Bengal,East,Mobile,Chrome,Technology,Enterprise,Enterprise,100Cr+,4447,46,Unknown,0-10%,Executive,Paid Search,frado.wadhwa@swamyhora.com,Existing Customer,2026-04-14 12:16:02
LEAD-00153,Google,Retargeting_General,Navi Mumbai,Maharashtra,West,Mobile,Safari,Retail,Small,Startup,<1Cr,44,1,Bootstrapped,10-25%,Owner,Display Ad,upadhriti.modi@manisarnaand.com,New Business,2026-01-09 09:25:24
LEAD-00164,Google,Q1_BFSI_Pune,Mumbai,Maharashtra,West,Mobile,Chrome,BFSI,Enterprise,Enterprise,1Cr-10Cr,4291,40,Series B,Negative,Director,Organic Search,charan.jani@pathaktaraan.com,New Business,2026-03-16 19:44:40
LEAD-01042,Facebook,Retargeting_General,Navi Mumbai,Maharashtra,West,Mobile,Chrome,Logistics,Large,Mid-Market,10Cr-50Cr,255,12,Series C+,0-10%,Senior Manager,Display Ad,ria.rao@bawaguptaand.com,New Business,2026-03-26 10:24:52
LEAD-00559,LinkedIn,Brand_Awareness,Hyderabad,Telangana,South,Mobile,Edge,Healthcare,Large,Mid-Market,50Cr-100Cr,358,15,Unknown,10-25%,Senior Associate,Social Media - LinkedIn,yug.malhotra@murtydey.com,Existing Customer,2026-02-19 21:49:23
LEAD-01246,Instagram,Brand_Awareness,Navi Mumbai,Maharashtra,West,Mobile,Safari,Retail,Medium,Mid-Market,1Cr-10Cr,185,13,Series A,25-50%,Intern,Social Media - Instagram,idika.salvi@gmail.com,New Business,2026-02-01 14:46:14
LEAD-00062,Google,Q1_BFSI_Mumbai,Mumbai,Maharashtra,West,Desktop,Safari,BFSI,Large,Mid-Market,10Cr-50Cr,632,30,Unknown,25-50%,Associate,Display Ad,george.sampath@sureshkrishn.com,Partner,2026-02-05 16:21:42
LEAD-01493,Direct,Retargeting_General,Mumbai,Maharashtra,West,Desktop,Edge,Technology,,SMB,<1Cr,24,3,Series A,Negative,VP,Referral,zinal.zachariah@ramakrishnan.com,New Business,2026-03-10 09:04:36
LEAD-00997,Facebook,Brand_Awareness,Navi Mumbai,Maharashtra,West,Mobile,Safari,Technology,Large,Mid-Market,50Cr-100Cr,520,7,Public,Negative,Executive,Social Media - Facebook,vamakshi.bawa@nayarinc.com,Existing Customer,2026-04-20 18:01:34
LEAD-00251,Google,Retargeting_General,Bangalore,Karnataka,South,Mobile,Chrome,Education,Medium,Mid-Market,10Cr-50Cr,239,6,Unknown,50%+,Associate,Organic Search,bimala.narang@gmail.com,Existing Customer,2026-05-27 21:12:21
LEAD-01877,Email Campaign,Healthcare_Demo,Hyderabad,Telangana,South,Mobile,Chrome,Healthcare,Large,Mid-Market,100Cr+,958,19,Public,10-25%,Director,Paid Search,aahana.babu@mammenandson.com,Existing Customer,2026-03-24 09:49:10
LEAD-01003,Facebook,Retargeting_General,Pune,Maharashtra,West,Desktop,Firefox,Education,Small,Startup,<1Cr,31,2,Series A,0-10%,Senior Manager,Paid Search,arjun.mody@yahoo.com,Partner,2026-03-04 14:50:10
LEAD-00322,Google,Brand_Awareness,Hyderabad,Telangana,South,Mobile,Chrome,Unknown,Large,Mid-Market,10Cr-50Cr,708,30,Public,50%+,Director,Display Ad,raksha.banerjee@duttabalasub.com,Existing Customer,2026-02-11 09:13:32
LEAD-01590,Direct,Brand_Awareness,Mumbai,Maharashtra,West,Mobile,Safari,Education,Large,Mid-Market,50Cr-100Cr,528,22,Public,0-10%,Owner,Referral,saksham.biswas@hayreiyer.com,Existing Customer,2026-03-05 17:22:35
LEAD-01294,Instagram,Startup_Founders,Mumbai,Maharashtra,West,Desktop,Chrome,SaaS,Small,SMB,1Cr-10Cr,37,8,Bootstrapped,10-25%,Executive,Content Marketing,anay.srinivasan@dadaandsons.com,New Business,2026-02-03 13:33:36
LEAD-01592,Direct,Retargeting_General,Mumbai,Maharashtra,West,Mobile,Edge,Consulting,Large,Mid-Market,50Cr-100Cr,337,19,Unknown,0-10%,VP,Organic Search,falguni.gaba@nayakmistrya.com,New Business,2026-03-28 08:33:54
LEAD-01340,Instagram,Retargeting_General,Pune,Maharashtra,West,Mobile,Chrome,Consulting,Medium,Startup,<1Cr,174,1,Bootstrapped,10-25%,Executive,Display Ad,daksh.konda@sabharwalpan.com,New Business,2026-04-03 17:10:30
LEAD-00955,Facebook,Retargeting_General,Bangalore,Karnataka,South,Mobile,Chrome,Consulting,,Mid-Market,10Cr-50Cr,54,28,Series A,10-25%,Founder,Social Media - Facebook,hamsini.bhasin@tatainc.com,New Business,2026-05-15 11:47:12
LEAD-01609,Referral,Brand_Awareness,Bangalore,Karnataka,South,Tablet,Chrome,Manufacturing,Enterprise,Enterprise,<1Cr,6242,58,Public,Negative,Founder,Direct,vrinda.kadakia@mammendatean.com,Existing Customer,2026-01-29 21:45:15
LEAD-01240,Instagram,Brand_Awareness,Mumbai,Maharashtra,West,Mobile,Chrome,Manufacturing,Small,SMB,<1Cr,19,13,Unknown,Negative,Owner,Display Ad,jason.singhal@yahoo.com,New Business,2026-05-27 18:42:42
LEAD-01588,Direct,Retargeting_General,Delhi,Delhi,North,Mobile,Opera,Retail,Large,Mid-Market,50Cr-100Cr,391,14,Public,10-25%,Senior Associate,Referral,zarna.dhillon@pillayanand.com,Existing Customer,2026-03-31 11:06:10
LEAD-01247,Instagram,Startup_Founders,Hyderabad,Telangana,South,Mobile,Chrome,SaaS,Large,Mid-Market,50Cr-100Cr,808,6,Series A,Unknown,Associate,Social Media - Instagram,ranbir.bhatnagar@bailmanne.com,New Business,2026-05-08 09:40:43
LEAD-00046,Google,Retargeting_General,Bangalore,Karnataka,South,Mobile,Chrome,Education,Large,Mid-Market,10Cr-50Cr,836,16,Public,Negative,Analyst,Paid Search,ladli.agate@bhargavagala.com,Existing Customer,2026-03-17 08:53:42
LEAD-01817,Email Campaign,Q1_BFSI_Mumbai,Hyderabad,Telangana,South,Mobile,Chrome,BFSI,Enterprise,Enterprise,100Cr+,7692,16,Series B,0-10%,Senior Associate,Direct,jeevika.deol@gillinc.com,New Business,2026-03-21 16:27:01
LEAD-00518,LinkedIn,Brand_Awareness,Navi Mumbai,Maharashtra,West,Mobile,Safari,Manufacturing,Large,Mid-Market,50Cr-100Cr,878,29,Series A,50%+,Director,Referral,lohit.vaidya@goswamillc.com,Existing Customer,2026-05-13 13:27:57
LEAD-00555,LinkedIn,Brand_Awareness,Mumbai,Maharashtra,West,Mobile,Chrome,Healthcare,,Mid-Market,50Cr-100Cr,380,21,Series A,10-25%,Director,Referral,luke.biswas@rajaandsons.com,Existing Customer,2026-03-14 11:05:32
LEAD-01558,Direct,Retargeting_General,Delhi,Delhi,North,Tablet,Chrome,Manufacturing,Enterprise,Enterprise,100Cr+,3643,44,Public,0-10%,Founder,Organic Search,avni.tailor@patilbansal.com,Existing Customer,2026-05-20 14:12:55
LEAD-00246,Google,Q1_BFSI_Mumbai,Thane,Maharashtra,West,Mobile,Chrome,BFSI,Medium,Mid-Market,,250,11,Bootstrapped,50%+,Executive,Paid Search,panini.sunder@bumbmagarand.com,New Business,2026-02-13 11:17:41
LEAD-01818,Email Campaign,SaaS_Enterprise_Q1,,Delhi,North,Desktop,Edge,Logistics,,Mid-Market,10Cr-50Cr,666,5,Series B,25-50%,Owner,Direct,warhi.raghavan@panditbehlan.com,Existing Customer,2026-01-09 13:32:23
LEAD-01009,Facebook,Retargeting_General,Navi Mumbai,Maharashtra,West,Mobile,Chrome,Retail,Medium,Mid-Market,50Cr-100Cr,115,16,Series A,25-50%,Manager,Display Ad,samar.virk@yogiandsons.com,New Business,2026-01-26 19:51:31
LEAD-00729,LinkedIn,SaaS_Enterprise_Q1,Bangalore,Karnataka,South,Mobile,Chrome,SaaS,Medium,Mid-Market,10Cr-50Cr,119,25,Series B,0-10%,Owner,Paid Search,hitesh.tank@dalalmandala.com,Partner,2026-01-27 16:18:06
LEAD-00550,LinkedIn,Retargeting_General,Ahmedabad,Gujarat,West,Desktop,Safari,Healthcare,Small,SMB,100Cr+,34,14,Seed,25-50%,Director,Referral,vansha.brahmbhatt@chandranagar.com,New Business,2026-01-08 15:09:49
LEAD-01610,Referral,Brand_Awareness,Navi Mumbai,Maharashtra,West,Mobile,Safari,Real Estate,Large,Mid-Market,50Cr-100Cr,377,19,Unknown,0-10%,Director,Email,oliver.trivedi@bumbsinghala.com,New Business,2026-02-20 08:41:27
LEAD-01388,Instagram,Startup_Founders,Mumbai,Maharashtra,West,Mobile,Edge,Technology,,SMB,<1Cr,17,10,Seed,10-25%,Manager,Social Media - Instagram,siya.sridhar@gmail.com,New Business,2026-04-04 08:48:57
LEAD-01464,Direct,Retargeting_General,Kolkata,West Bengal,East,Mobile,Chrome,Manufacturing,Large,Mid-Market,50Cr-100Cr,629,19,Series A,Unknown,Senior Associate,Organic Search,vincent.tripathi@padmanabhans.com,New Business,2026-04-10 19:36:43
LEAD-00357,Google,SaaS_Enterprise_Q1,Hyderabad,Telangana,South,Desktop,Edge,Technology,Medium,Mid-Market,-1,53,6,Public,0-10%,Director,Display Ad,wridesh.kale@tiwarishanka.com,New Business,2026-01-20 13:49:05
LEAD-01210,Instagram,Startup_Founders,Pune,Maharashtra,West,Mobile,Safari,Healthcare,Small,SMB,<1Cr,14,8,Bootstrapped,25-50%,Analyst,Content Marketing,sai.nanda@bobalandsons.com,New Business,2026-04-18 10:27:49
LEAD-00471,Google,SaaS_Enterprise_Q1,Delhi,Delhi,North,Desktop,Chrome,Technology,Medium,Mid-Market,10Cr-50Cr,171,27,Seed,10-25%,VP,Paid Search,shravya.swaminathan@gmail.com,Existing Customer,2026-02-17 20:43:44
LEAD-00707,LinkedIn,Brand_Awareness,Mumbai,Maharashtra,West,Desktop,Safari,Consulting,Medium,Mid-Market,1Cr-10Cr,114,26,Series A,50%+,Founder,Referral,matthew.devan@misrasachdev.com,New Business,2026-02-20 15:45:50
LEAD-00912,Facebook,Manufacturing_AI,Ahmedabad,Gujarat,West,Mobile,Chrome,Manufacturing,Large,Mid-Market,50Cr-100Cr,259,10,Public,10-25%,Owner,Display Ad,bhavini.sheth@rajplc.com,New Business,2026-02-13 10:58:22
LEAD-00900,LinkedIn,Retargeting_General,Chennai,Tamil Nadu,South,Mobile,Safari,Manufacturing,Enterprise,Enterprise,10Cr-50Cr,8410,24,Series C+,10-25%,VP,Paid Search,kashish.patla@kadesaini.com,New Business,2026-01-07 14:49:14
LEAD-00280,Google,SaaS_Enterprise_Q1,Mumbai,Maharashtra,West,Mobile,Chrome,Consulting,,Mid-Market,1Cr-10Cr,133,21,Bootstrapped,25-50%,Manager,Display Ad,tanish.om@moregole.com,New Business,2026-03-19 19:48:15
LEAD-00211,Google,Brand_Awareness,Mumbai,Maharashtra,West,Mobile,Safari,Real Estate,Enterprise,Enterprise,50Cr-100Cr,5342,17,Series C+,Negative,Senior Associate,Paid Search,nikita.mammen@chaudharysur.com,New Business,2026-03-19 21:45:44
LEAD-00737,LinkedIn,SaaS_Enterprise_Q1,Bangalore,Karnataka,South,Mobile,Chrome,SaaS,Medium,Mid-Market,10Cr-50Cr,111,16,Unknown,10-25%,Senior Manager,Paid Search,jack.chandran@munshisandhu.com,New Business,2026-03-02 10:58:07
LEAD-01029,Facebook,Manufacturing_AI,Kolkata,West Bengal,East,Desktop,Chrome,Logistics,Small,SMB,1Cr-10Cr,7,8,Series B,10-25%,Manager,Display Ad,anusha.doshi@mittersavant.com,New Business,2026-03-25 14:44:30
LEAD-01453,Direct,Brand_Awareness,Kolkata,West Bengal,East,Desktop,Safari,Manufacturing,Medium,Mid-Market,10Cr-50Cr,206,6,Public,25-50%,Analyst,Direct,gabriel.mitra@yohannanhald.com,New Business,2026-02-10 17:47:33
LEAD-01267,Instagram,Brand_Awareness,Navi Mumbai,Maharashtra,West,Mobile,Chrome,Unknown,Medium,Mid-Market,10Cr-50Cr,220,8,Series A,Unknown,Manager,Social Media - Instagram,eesha.vaidya@rameshhayera.com,Partner,2026-05-25 17:27:21
LEAD-01645,Referral,Brand_Awareness,Delhi,Delhi,North,Tablet,Safari,SaaS,Large,Mid-Market,100Cr+,786,7,Public,25-50%,Manager,Email,vanya.biswas@yadavgroup.com,Partner,2026-05-23 18:23:44
LEAD-00665,LinkedIn,Retargeting_General,Bangalore,Karnataka,South,Desktop,Chrome,Manufacturing,Medium,Mid-Market,10Cr-50Cr,222,8,Series B,25-50%,Director,Referral,pallavi.brar@dateinc.com,Partner,2026-05-17 18:46:31
LEAD-00982,Facebook,Retargeting_General,Mumbai,Maharashtra,West,Mobile,Chrome,Healthcare,Medium,Mid-Market,10Cr-50Cr,148,23,Bootstrapped,10-25%,Senior Manager,Paid Search,mekhala.acharya@sethisem.com,Partner,2026-01-24 10:32:58
LEAD-01178,Facebook,Manufacturing_AI,Kolkata,West Bengal,East,Mobile,Chrome,Manufacturing,Large,Mid-Market,1Cr-10Cr,587,21,Series A,Negative,Executive,Social Media - Facebook,gautam.pau@gmail.com,New Business,2026-01-14 17:19:51
LEAD-00860,LinkedIn,Retargeting_General,Mumbai,Maharashtra,West,Desktop,Edge,Healthcare,Large,Mid-Market,100Cr+,806,14,Series C+,0-10%,Founder,Referral,janaki.chhabra@jhamuttiandr.com,New Business,2026-04-12 08:39:17
LEAD-01228,Instagram,Startup_Founders,Bangalore,Karnataka,South,Mobile,Firefox,Technology,Small,SMB,<1Cr,16,2,Unknown,10-25%,Senior Associate,Display Ad,amol.srinivasan@yahoo.com,New Business,2026-05-06 09:21:33
LEAD-00464,Google,Q1_BFSI_Mumbai,Navi Mumbai,Maharashtra,West,Desktop,Firefox,Education,Medium,Mid-Market,10Cr-50Cr,134,18,Unknown,25-50%,Director,Display Ad,vaishnavi.madan@karpeandsons.com,New Business,2026-05-27 08:26:02
LEAD-01064,Facebook,Brand_Awareness,Bangalore,Karnataka,South,Mobile,,Education,Large,Mid-Market,50Cr-100Cr,506,8,Series C+,10-25%,Associate,Display Ad,prisha.bhattacharyya@raghavanbir.com,New Business,2026-02-07 15:06:48
LEAD-00983,Facebook,Retargeting_General,Thane,Maharashtra,West,Mobile,Firefox,Real Estate,Large,Mid-Market,10Cr-50Cr,870,16,Series C+,50%+,Senior Manager,Display Ad,zarna.deshmukh@outlook.com,New Business,2026-03-23 14:12:13
LEAD-00324,Google,Retargeting_General,Bangalore,Karnataka,South,Desktop,Chrome,Retail,Medium,Startup,1Cr-10Cr,60,4,Bootstrapped,10-25%,Executive,Organic Search,shivani.prabhakar@balidube.com,Existing Customer,2026-04-13 17:41:33
LEAD-00609,LinkedIn,Brand_Awareness,Pune,Maharashtra,West,Mobile,Chrome,Healthcare,Medium,Mid-Market,1Cr-10Cr,111,17,Bootstrapped,10-25%,CXO,Paid Search,tristan.de@yahoo.com,Existing Customer,2026-04-19 14:36:10
LEAD-00175,Google,Q1_BFSI_Pune,Mumbai,Maharashtra,West,Mobile,Safari,Technology,Medium,Mid-Market,1Cr-10Cr,207,17,Public,10-25%,Intern,Display Ad,ekanta.gulati@purohitshah.com,New Business,2026-01-30 17:11:52
LEAD-00057,Google,Q1_BFSI_Mumbai,Mumbai,Maharashtra,West,Mobile,Opera,BFSI,Medium,Startup,1Cr-10Cr,142,2,Series B,0-10%,Senior Associate,Organic Search,ekapad.konda@deopalla.com,Partner,2026-01-04 10:47:26
LEAD-00834,LinkedIn,Brand_Awareness,Hyderabad,Telangana,South,Mobile,Firefox,Technology,Medium,Startup,10Cr-50Cr,216,4,Series B,50%+,VP,Referral,ekiya.chauhan@batrabaral.com,New Business,2026-05-01 17:42:11
LEAD-01750,Referral,Brand_Awareness,Bangalore,Karnataka,South,Mobile,Chrome,Manufacturing,Enterprise,Enterprise,50Cr-100Cr,5380,14,Series C+,0-10%,Founder,Direct,isaac.chakraborty@mannaninc.com,New Business,2026-02-13 11:17:22
LEAD-00318,Google,Brand_Awareness,Mumbai,Maharashtra,West,Mobile,Safari,Technology,Small,SMB,1Cr-10Cr,38,14,Bootstrapped,10-25%,Director,Paid Search,falak.merchant@chauhanbuch.com,New Business,2026-05-28 09:27:08
LEAD-00763,LinkedIn,Brand_Awareness,Thane,Maharashtra,West,Mobile,Safari,SaaS,Medium,Mid-Market,100Cr+,228,23,Public,50%+,Director,Social Media - LinkedIn,hamsini.chokshi@shankarandso.com,New Business,2026-01-03 16:50:57
LEAD-00885,LinkedIn,Retargeting_General,Mumbai,Maharashtra,West,Mobile,Chrome,Consulting,Enterprise,Enterprise,50Cr-100Cr,7164,24,Public,0-10%,Senior Manager,Referral,bhavna.chander@lallandsons.com,Existing Customer,2026-03-09 15:09:31
LEAD-01594,Direct,Retargeting_General,Kolkata,West Bengal,East,Desktop,Chrome,Real Estate,Enterprise,Enterprise,100Cr+,2952,32,Unknown,10-25%,Senior Associate,Referral,victor.shukla@kapoorltd.com,New Business,2026-05-27 15:12:16
LEAD-00628,LinkedIn,Brand_Awareness,Pune,Maharashtra,West,Mobile,Edge,Consulting,Large,Mid-Market,10Cr-50Cr,699,9,Public,10-25%,Manager,Referral,viraj.kanda@chanainc.com,New Business,2026-03-13 21:10:10
LEAD-00569,LinkedIn,Brand_Awareness,Pune,Maharashtra,West,Mobile,Safari,Logistics,Large,Mid-Market,10Cr-50Cr,785,11,Series A,0-10%,Manager,Social Media - LinkedIn,arunima.chacko@gmail.com,Existing Customer,2026-05-09 08:07:42
LEAD-01063,Facebook,Brand_Awareness,Mumbai,Maharashtra,West,Tablet,Chrome,Logistics,Medium,Mid-Market,10Cr-50Cr,89,10,Series B,10-25%,Senior Associate,Paid Search,chandani.naidu@parsabanikan.com,New Business,2026-05-17 17:26:10
LEAD-01586,Direct,Retargeting_General,Mumbai,Maharashtra,West,Mobile,Chrome,Manufacturing,Large,Mid-Market,50Cr-100Cr,701,30,Unknown,10-25%,CXO,Referral,ishita.mukhopadhyay@sarinvarghes.com,New Business,2026-05-08 12:30:57
LEAD-00250,Google,Q1_BFSI_Mumbai,Mumbai,Maharashtra,West,Mobile,Chrome,BFSI,Enterprise,Enterprise,100Cr+,4087,19,Series C+,10-25%,Director,Paid Search,samarth.mitra@bhaktaamble.com,New Business,2026-04-14 18:20:43
LEAD-01098,Facebook,Manufacturing_AI,Ahmedabad,Gujarat,West,Mobile,Chrome,Manufacturing,Large,Mid-Market,50Cr-100Cr,602,29,Unknown,10-25%,Associate,Social Media - Facebook,yash.garg@dhaliwalmand.com,New Business,2026-04-09 14:41:50
LEAD-00761,LinkedIn,Retargeting_General,Pune,Maharashtra,West,Mobile,Edge,Education,Enterprise,Enterprise,50Cr-100Cr,2339,29,Series C+,0-10%,Founder,Paid Search,nimrat.chhabra@tailorandson.com,Existing Customer,2026-04-26 21:26:33
LEAD-00387,Google,Brand_Awareness,Mumbai,Maharashtra,West,Mobile,Opera,BFSI,Medium,Mid-Market,1Cr-10Cr,91,15,Seed,10-25%,Manager,Paid Search,ganga.sodhi@chaudhrygrou.com,New Business,2026-05-17 19:07:11
LEAD-00662,LinkedIn,Brand_Awareness,Delhi,Delhi,North,Mobile,Chrome,Logistics,Enterprise,Enterprise,10Cr-50Cr,2646,56,Series C+,25-50%,Founder,Referral,chandani.brar@somankeerand.com,New Business,2026-02-19 19:09:55
LEAD-00993,Facebook,Brand_Awareness,Hyderabad,Telangana,South,Mobile,Chrome,Real Estate,Medium,Mid-Market,10Cr-50Cr,184,21,Bootstrapped,25-50%,Senior Associate,Display Ad,benjamin.nagar@modyplc.com,New Business,2026-03-10 20:57:08
LEAD-01844,Email Campaign,Healthcare_Demo,Bangalore,Karnataka,South,Mobile,,Consulting,Large,Mid-Market,50Cr-100Cr,764,21,Public,Negative,Director,Direct,veer.dara@gollagulatia.com,Existing Customer,2026-03-17 18:34:41
LEAD-00007,Google,Q1_BFSI_Mumbai,,Maharashtra,West,Desktop,Firefox,BFSI,Large,Mid-Market,50Cr-100Cr,840,17,Series B,Unknown,Senior Manager,Organic Search,jagrati.padmanabhan@raiinc.com,Existing Customer,2026-01-25 21:57:53
LEAD-01801,Email Campaign,Manufacturing_AI,Pune,Maharashtra,West,Mobile,Chrome,SaaS,Medium,Mid-Market,1Cr-10Cr,235,18,Unknown,Negative,Intern,Paid Search,damini.suri@dasguptaands.com,Existing Customer,2026-04-30 12:16:54
LEAD-00011,Google,Brand_Awareness,Bangalore,Karnataka,South,Mobile,Safari,Education,Medium,Mid-Market,,217,7,Seed,Negative,Founder,Paid Search,arunima.setty@chaudhurigro.com,New Business,2026-01-11 20:01:15
LEAD-00053,Google,SaaS_Enterprise_Q1,Mumbai,Maharashtra,West,Desktop,Safari,Technology,Large,Mid-Market,50Cr-100Cr,680,23,Series B,25-50%,Analyst,Display Ad,advika.jayaraman@virkmutti.com,New Business,2026-02-23 18:06:53
LEAD-01784,Email Campaign,Manufacturing_AI,Kolkata,West Bengal,East,Desktop,Edge,BFSI,Large,Mid-Market,1Cr-10Cr,732,9,Series A,10-25%,Associate,Email,frado.dash@kundainc.com,New Business,2026-04-24 13:53:42
LEAD-01503,Direct,Retargeting_General,Mumbai,Maharashtra,West,Mobile,Chrome,Unknown,Large,Mid-Market,50Cr-100Cr,342,18,Public,0-10%,Associate,Organic Search,pavani.sabharwal@yahoo.com,New Business,2026-04-09 13:27:44
LEAD-01729,Referral,Retargeting_General,Chennai,Tamil Nadu,South,Desktop,Opera,Healthcare,Medium,Mid-Market,,86,8,Series A,Unknown,Director,Email,gunbir.kakar@amblebarman.com,New Business,2026-01-27 12:15:42
LEAD-01979,Organic Search,SaaS_Enterprise_Q1,Delhi,Delhi,North,Mobile,Firefox,Education,Enterprise,Enterprise,10Cr-50Cr,3682,54,Public,10-25%,Executive,Content Marketing,jeet.tata@mohantythakk.com,Existing Customer,2026-02-26 21:50:56
LEAD-01445,Direct,Retargeting_General,Navi Mumbai,Maharashtra,West,Mobile,,Manufacturing,Large,Mid-Market,50Cr-100Cr,772,13,Series C+,Unknown,Owner,Referral,harita.grover@shasenguptaa.com,Partner,2026-03-21 21:03:42
LEAD-01658,Referral,Retargeting_General,Thane,Maharashtra,West,Mobile,,Consulting,Enterprise,Enterprise,50Cr-100Cr,6065,41,Public,0-10%,Founder,Direct,turvi.bala@gmail.com,Partner,2026-03-08 11:22:35
LEAD-00083,Google,SaaS_Enterprise_Q1,Thane,Maharashtra,West,Desktop,Edge,SaaS,Medium,Mid-Market,10Cr-50Cr,207,14,Bootstrapped,10-25%,CXO,Paid Search,ladli.ghosh@yahoo.com,Partner,2026-01-30 16:15:19
LEAD-01737,Referral,Brand_Awareness,Hyderabad,Telangana,South,Desktop,Brave,SaaS,Enterprise,Enterprise,100Cr+,9738,21,Series C+,10-25%,Senior Manager,Referral,anay.parsa@yahoo.com,New Business,2026-04-14 10:48:56
LEAD-01222,Instagram,Startup_Founders,Mumbai,Maharashtra,West,Mobile,Firefox,SaaS,Large,Mid-Market,50Cr-100Cr,490,28,Series A,10-25%,Senior Manager,Display Ad,yatin.kota@outlook.com,New Business,2026-04-14 11:08:18
LEAD-00759,LinkedIn,Retargeting_General,Kolkata,West Bengal,East,Desktop,Chrome,Real Estate,Enterprise,Enterprise,50Cr-100Cr,3385,50,Series B,0-10%,Founder,Paid Search,harita.pant@kapadiainc.com,New Business,2026-05-26 08:38:49
LEAD-00610,LinkedIn,SaaS_Enterprise_Q1,Mumbai,Maharashtra,West,Mobile,Chrome,Consulting,Enterprise,Enterprise,50Cr-100Cr,5835,38,Series C+,10-25%,Director,Paid Search,frado.lad@rattanllc.com,Existing Customer,2026-03-01 16:39:21
LEAD-00355,Google,Retargeting_General,Mumbai,Maharashtra,West,Mobile,Chrome,Healthcare,Large,Mid-Market,10Cr-50Cr,735,17,Unknown,0-10%,Executive,Organic Search,yutika.sibal@outlook.com,New Business,2026-03-21 13:10:40
LEAD-01443,Direct,Retargeting_General,Bangalore,Karnataka,South,Mobile,Chrome,Real Estate,Enterprise,Enterprise,10Cr-50Cr,8708,20,Unknown,25-50%,Analyst,Direct,qabil.ramaswamy@shereandsons.com,New Business,2026-01-25 14:35:33
LEAD-00659,LinkedIn,Retargeting_General,Thane,Maharashtra,West,Mobile,Chrome,SaaS,Large,Mid-Market,100Cr+,353,5,Public,Negative,VP,Referral,david.dora@gmail.com,New Business,2026-04-13 19:53:56
LEAD-01408,Direct,Brand_Awareness,Hyderabad,Telangana,South,Mobile,Brave,Real Estate,Large,Mid-Market,50Cr-100Cr,362,26,Series C+,0-10%,Director,Organic Search,kevin.chakraborty@outlook.com,New Business,2026-02-17 14:05:47
LEAD-01392,Instagram,Retargeting_General,Navi Mumbai,Maharashtra,West,Mobile,Chrome,Real Estate,Medium,Mid-Market,10Cr-50Cr,213,10,Series A,25-50%,Founder,Content Marketing,rushil.lala@karnikchakra.com,New Business,2026-03-09 16:11:19
LEAD-01184,Facebook,Brand_Awareness,Bangalore,Karnataka,South,Tablet,Chrome,Retail,,SMB,1Cr-10Cr,6,2,Public,50%+,Founder,Social Media - Facebook,shivani.babu@gmail.com,Partner,2026-03-21 13:06:02
LEAD-01963,Organic Search,SaaS_Enterprise_Q1,Mumbai,Maharashtra,West,Mobile,Edge,Consulting,Large,Mid-Market,10Cr-50Cr,618,26,Series C+,25-50%,VP,Content Marketing,david.pathak@gmail.com,New Business,2026-04-08 17:13:30
LEAD-01909,Organic Search,Retargeting_General,Thane,Maharashtra,West,Mobile,Chrome,Technology,Small,SMB,<1Cr,23,5,Series A,Negative,CXO,Content Marketing,waida.walia@gmail.com,New Business,2026-04-27 18:42:30
LEAD-00527,LinkedIn,SaaS_Enterprise_Q1,Bangalore,Karnataka,South,Mobile,Opera,SaaS,Large,Mid-Market,50Cr-100Cr,868,9,Series B,10-25%,Director,Paid Search,warhi.vaidya@gangulyshank.com,New Business,2026-05-12 11:31:28
LEAD-01947,Organic Search,Retargeting_General,Delhi,Delhi,North,Tablet,Edge,Technology,Medium,Mid-Market,1Cr-10Cr,52,30,Series B,50%+,Director,Content Marketing,omkaar.merchant@yahoo.com,Partner,2026-03-16 09:40:44
LEAD-00141,Google,Retargeting_General,Mumbai,Maharashtra,West,Mobile,Edge,Education,,Enterprise,50Cr-100Cr,9121,13,Series B,10-25%,Director,Display Ad,dhruv.rattan@sridharcomar.com,Existing Customer,2026-04-08 20:33:20
LEAD-00368,Google,Q1_BFSI_Mumbai,Bangalore,Karnataka,South,Mobile,Chrome,Real Estate,Small,SMB,<1Cr,11,10,Seed,10-25%,Senior Manager,Organic Search,chandani.nayar@yahoo.com,New Business,2026-01-23 13:35:20
LEAD-01271,Instagram,Retargeting_General,Mumbai,Maharashtra,West,Mobile,Chrome,Retail,Small,SMB,<1Cr,11,9,Unknown,10-25%,Senior Manager,Display Ad,ojasvi.savant@outlook.com,New Business,2026-01-01 08:42:54
LEAD-00792,LinkedIn,Brand_Awareness,Thane,Maharashtra,West,Desktop,Opera,BFSI,Enterprise,Enterprise,50Cr-100Cr,2138,40,Public,10-25%,CXO,Paid Search,wridesh.kohli@palgroup.com,New Business,2026-04-17 19:19:17
LEAD-01957,Organic Search,Brand_Awareness,Thane,Maharashtra,West,Desktop,Firefox,Manufacturing,Enterprise,Enterprise,100Cr+,8534,59,Series B,0-10%,Senior Manager,Content Marketing,unnati.sidhu@outlook.com,New Business,2026-02-16 13:51:56
LEAD-01821,Email Campaign,Healthcare_Demo,Hyderabad,Telangana,South,Desktop,Firefox,Consulting,Enterprise,Enterprise,100Cr+,6987,23,Public,10-25%,Owner,Direct,meera.kalla@kalaagate.com,Existing Customer,2026-03-30 15:37:03
LEAD-00797,LinkedIn,Retargeting_General,Mumbai,Maharashtra,West,Mobile,Chrome,Education,Enterprise,Enterprise,100Cr+,7772,50,Series C+,10-25%,Owner,Referral,abhimanyu.bhatti@butalacharan.com,New Business,2026-02-01 16:33:15
LEAD-00446,Google,SaaS_Enterprise_Q1,Delhi,Delhi,North,Mobile,Chrome,Real Estate,Large,Mid-Market,50Cr-100Cr,744,8,Series B,10-25%,Senior Manager,Paid Search,victor.raghavan@outlook.com,New Business,2026-02-08 14:03:40
LEAD-01523,Direct,Retargeting_General,,Maharashtra,West,Mobile,Chrome,Healthcare,Large,Mid-Market,100Cr+,800,30,Series B,Negative,Associate,Organic Search,ranbir.soni@outlook.com,Existing Customer,2026-04-04 08:10:10
LEAD-01195,Facebook,Brand_Awareness,Bangalore,Karnataka,South,Mobile,Chrome,BFSI,Enterprise,Enterprise,1Cr-10Cr,8454,56,Series C+,Negative,VP,Display Ad,kala.gala@sagarandsons.com,New Business,2026-03-16 16:48:29
LEAD-01355,Instagram,Retargeting_General,Mumbai,Maharashtra,West,Mobile,Chrome,Real Estate,Medium,Mid-Market,1Cr-10Cr,157,17,Series B,25-50%,Analyst,Social Media - Instagram,pranit.bahl@gmail.com,New Business,2026-03-16 09:26:58
LEAD-00454,Google,Q1_BFSI_Pune,Pune,Maharashtra,West,Mobile,Safari,BFSI,Medium,Mid-Market,1Cr-10Cr,145,22,Unknown,25-50%,Manager,Display Ad,nisha.arora@outlook.com,Partner,2026-01-11 10:06:50
LEAD-00330,Google,SaaS_Enterprise_Q1,Delhi,Delhi,North,Mobile,Chrome,SaaS,Large,Mid-Market,10Cr-50Cr,486,30,Series B,25-50%,CXO,Paid Search,siya.gera@deshmukhinc.com,Existing Customer,2026-01-02 19:53:16
LEAD-00806,LinkedIn,Brand_Awareness,Thane,Maharashtra,West,Mobile,Chrome,Manufacturing,Large,Mid-Market,50Cr-100Cr,758,11,Series C+,0-10%,Senior Manager,Paid Search,baghyawati.sarma@mitrachadha.com,New Business,2026-02-22 13:40:18
LEAD-01724,Referral,Brand_Awareness,Mumbai,Maharashtra,West,Mobile,Chrome,BFSI,Enterprise,Enterprise,100Cr+,7291,21,Public,50%+,Director,Direct,qadim.handa@iyerinc.com,Partner,2026-03-10 18:05:36
LEAD-01642,Referral,Brand_Awareness,Hyderabad,Telangana,South,Mobile,Chrome,Manufacturing,Medium,Mid-Market,100Cr+,187,29,Bootstrapped,25-50%,CXO,Referral,ekaraj.sha@manneltd.com,Existing Customer,2026-04-28 19:45:39
LEAD-01322,Instagram,Retargeting_General,Delhi,Delhi,North,Desktop,Chrome,Technology,Large,Mid-Market,10Cr-50Cr,583,25,Unknown,50%+,Executive,Display Ad,vamakshi.ravel@gmail.com,New Business,2026-03-04 20:36:54
LEAD-01871,Email Campaign,Healthcare_Demo,Chennai,Tamil Nadu,South,Desktop,Safari,Consulting,Large,Mid-Market,50Cr-100Cr,466,21,Series B,0-10%,Senior Manager,Email,udarsh.bath@loyaldaniand.com,New Business,2026-03-07 16:01:55
LEAD-01292,Instagram,Brand_Awareness,Bangalore,Karnataka,South,Mobile,Edge,Real Estate,Medium,Mid-Market,10Cr-50Cr,60,27,Bootstrapped,10-25%,Analyst,Content Marketing,timothy.guha@dubeyplc.com,New Business,2026-01-24 13:59:11
LEAD-01217,Instagram,Retargeting_General,Hyderabad,Telangana,South,Desktop,Chrome,Logistics,Medium,Startup,10Cr-50Cr,70,1,Seed,0-10%,Intern,Display Ad,darpan.mand@dattabalay.com,Partner,2026-02-05 11:26:55
LEAD-00101,Google,Q1_BFSI_Pune,Delhi,Delhi,North,Mobile,Chrome,BFSI,Small,SMB,<1Cr,11,13,Public,Negative,Manager,Paid Search,david.jhaveri@shuklasagar.com,New Business,2026-01-12 20:23:32
LEAD-00911,Facebook,Manufacturing_AI,Ahmedabad,Gujarat,West,Mobile,Edge,Unknown,Small,SMB,<1Cr,41,4,Bootstrapped,Negative,Senior Manager,Display Ad,vinaya.sekhon@gmail.com,Existing Customer,2026-03-20 17:24:42
LEAD-00160,Google,SaaS_Enterprise_Q1,Hyderabad,Telangana,South,Mobile,,SaaS,Enterprise,Enterprise,100Cr+,2675,18,Series B,0-10%,Director,Display Ad,nisha.tandon@cheemadyalan.com,Existing Customer,2026-03-13 16:26:06
LEAD-00634,LinkedIn,Retargeting_General,Chennai,Tamil Nadu,South,Desktop,Chrome,Education,Enterprise,Enterprise,100Cr+,6182,10,Series B,Unknown,Founder,Referral,owen.parikh@sarkarsurand.com,New Business,2026-04-28 11:04:42
LEAD-00840,LinkedIn,SaaS_Enterprise_Q1,Hyderabad,Telangana,South,Mobile,Chrome,SaaS,Large,Mid-Market,50Cr-100Cr,599,10,Public,25-50%,Director,Paid Search,rachit.dugar@mandkakarand.com,Existing Customer,2026-05-16 15:12:53
LEAD-01449,Direct,Brand_Awareness,Hyderabad,Telangana,South,Mobile,Firefox,Healthcare,Large,Mid-Market,10Cr-50Cr,302,13,Series C+,Unknown,Manager,Organic Search,jalsa.rana@ravelsurandm.com,Existing Customer,2026-02-08 11:54:08
LEAD-01478,Direct,Retargeting_General,Hyderabad,Telangana,South,Mobile,Edge,Consulting,Medium,Mid-Market,1Cr-10Cr,82,29,Seed,10-25%,Director,Organic Search,riya.toor@dugarmaster.com,Existing Customer,2026-04-12 16:51:40
LEAD-01186,Facebook,Retargeting_General,,Maharashtra,West,Mobile,Chrome,Logistics,Small,Startup,1Cr-10Cr,39,2,Series B,10-25%,Manager,Display Ad,tara.yadav@outlook.com,New Business,2026-01-09 14:54:21
LEAD-00749,LinkedIn,Brand_Awareness,Mumbai,Maharashtra,West,Mobile,Chrome,Technology,Medium,Mid-Market,100Cr+,169,7,Bootstrapped,50%+,Analyst,Referral,advay.dugar@rajandixitan.com,New Business,2026-01-24 19:14:56
LEAD-00055,Google,Q1_BFSI_Pune,Mumbai,Maharashtra,West,Mobile,Chrome,BFSI,Small,SMB,1Cr-10Cr,30,3,Series B,10-25%,VP,Paid Search,elijah.andra@mitalshankar.com,Partner,2026-02-08 08:03:50
LEAD-00762,LinkedIn,Brand_Awareness,Pune,Maharashtra,West,Mobile,Opera,Education,Enterprise,Enterprise,50Cr-100Cr,6604,58,Series C+,10-25%,Founder,Referral,jai.ramaswamy@hayreguha.com,Partner,2026-02-20 13:26:30
LEAD-01272,Instagram,Brand_Awareness,Bangalore,Karnataka,South,Mobile,Firefox,BFSI,Medium,Startup,<1Cr,246,4,Bootstrapped,25-50%,Senior Manager,Social Media - Instagram,oeshi.dewan@yahoo.com,New Business,2026-01-20 09:42:12
LEAD-00921,Facebook,Retargeting_General,Pune,Maharashtra,West,Desktop,Edge,BFSI,Large,Mid-Market,10Cr-50Cr,467,14,Public,50%+,Manager,Display Ad,madhavi.more@dugalchad.com,New Business,2026-03-28 14:41:11
LEAD-00702,LinkedIn,SaaS_Enterprise_Q1,Hyderabad,Telangana,South,Desktop,Chrome,SaaS,Large,Mid-Market,50Cr-100Cr,800,30,Series B,25-50%,Founder,Social Media - LinkedIn,qadim.nayak@davekuruvill.com,New Business,2026-02-26 10:08:22
LEAD-00145,Google,SaaS_Enterprise_Q1,Bangalore,Karnataka,South,Mobile,Chrome,SaaS,Large,Mid-Market,50Cr-100Cr,467,11,Series B,50%+,Owner,Display Ad,darpan.chaudhary@sanghvimody.com,Existing Customer,2026-03-03 11:44:38
LEAD-00438,Google,SaaS_Enterprise_Q1,Bangalore,Karnataka,South,Mobile,Edge,SaaS,Large,Mid-Market,50Cr-100Cr,594,13,Public,25-50%,Director,Paid Search,gaurangi.mitter@kallasriniva.com,New Business,2026-03-16 14:29:49
LEAD-01710,Referral,Brand_Awareness,Chennai,Tamil Nadu,South,Tablet,Chrome,Healthcare,Medium,Mid-Market,50Cr-100Cr,163,10,Series A,0-10%,Director,Email,yashodhara.suresh@kumerpall.com,New Business,2026-04-24 14:15:58
LEAD-01330,Instagram,Brand_Awareness,Navi Mumbai,Maharashtra,West,Mobile,Safari,SaaS,Small,Startup,10Cr-50Cr,10,5,Series B,10-25%,Intern,Display Ad,azad.sani@ozazachariah.com,New Business,2026-05-31 19:22:42
LEAD-00522,LinkedIn,Brand_Awareness,Mumbai,Maharashtra,West,Mobile,Chrome,Consulting,Large,Mid-Market,10Cr-50Cr,435,18,Public,Unknown,Manager,Paid Search,aditya.sundaram@beraparmer.com,New Business,2026-03-05 20:31:43
LEAD-01084,Facebook,Retargeting_General,Mumbai,Maharashtra,West,Mobile,Opera,Education,Medium,Mid-Market,1Cr-10Cr,191,13,Series A,0-10%,Senior Associate,Social Media - Facebook,wazir.prabhu@chadhataneja.com,New Business,2026-05-05 17:46:31
LEAD-01332,Instagram,Brand_Awareness,Chennai,Tamil Nadu,South,Tablet,Chrome,Unknown,Small,SMB,<1Cr,47,4,Series C+,50%+,Analyst,Display Ad,bachittar.goel@yahoo.com,New Business,2026-02-10 09:55:43
LEAD-01876,Email Campaign,Q1_BFSI_Mumbai,Thane,Maharashtra,West,Mobile,Chrome,Manufacturing,Enterprise,Enterprise,100Cr+,4975,55,Public,0-10%,Manager,Email,advaith.parekh@outlook.com,Existing Customer,2026-01-30 16:39:26
LEAD-00463,Google,Brand_Awareness,Delhi,Delhi,North,Mobile,Chrome,Logistics,Medium,Mid-Market,1Cr-10Cr,73,18,Series B,10-25%,Senior Associate,Display Ad,girish.wable@sarafnarula.com,New Business,2026-05-06 21:13:37
LEAD-01107,Facebook,Brand_Awareness,Delhi,Delhi,North,Tablet,Edge,SaaS,Large,Mid-Market,10Cr-50Cr,251,5,Public,25-50%,Director,Display Ad,vinaya.balan@narayanannai.com,New Business,2026-01-03 12:59:00
LEAD-00829,LinkedIn,Brand_Awareness,Hyderabad,Telangana,South,Desktop,Firefox,BFSI,Large,Mid-Market,50Cr-100Cr,440,9,Series A,Negative,VP,Social Media - LinkedIn,logan.sehgal@kharegandhia.com,New Business,2026-03-03 10:32:47
LEAD-00348,Google,SaaS_Enterprise_Q1,Bangalore,Karnataka,South,Mobile,Chrome,Technology,Large,Mid-Market,50Cr-100Cr,390,16,Series A,0-10%,Senior Associate,Display Ad,ria.sagar@bhasinandson.com,Existing Customer,2026-03-04 20:30:19
LEAD-01296,Instagram,Brand_Awareness,,Maharashtra,West,Mobile,Chrome,Education,,SMB,<1Cr,40,7,Public,0-10%,Senior Manager,Display Ad,daksha.balakrishnan@virkoommenan.com,New Business,2026-05-26 08:01:43
LEAD-00400,Google,Retargeting_General,Thane,Maharashtra,West,Mobile,Safari,Education,Medium,Mid-Market,50Cr-100Cr,92,26,Bootstrapped,10-25%,Intern,Organic Search,advika.rajagopal@outlook.com,New Business,2026-05-27 20:35:11
LEAD-01147,Facebook,Manufacturing_AI,Mumbai,Maharashtra,West,Tablet,Opera,Manufacturing,Large,Mid-Market,50Cr-100Cr,688,25,Series A,50%+,Executive,Social Media - Facebook,warinder.sundaram@lalltd.com,New Business,2026-04-02 14:24:20
LEAD-00620,LinkedIn,Retargeting_General,Mumbai,Maharashtra,West,Desktop,Chrome,Retail,Medium,Mid-Market,1Cr-10Cr,94,15,Bootstrapped,Negative,Founder,Paid Search,yadavi.nagy@sundarampadm.com,New Business,2026-04-16 14:10:07
LEAD-00479,Google,Brand_Awareness,Pune,Maharashtra,West,Mobile,Edge,Manufacturing,,Mid-Market,50Cr-100Cr,838,26,Series C+,25-50%,Director,Organic Search,girik.nair@chakrabortyl.com,Existing Customer,2026-05-25 19:58:59
LEAD-00690,LinkedIn,SaaS_Enterprise_Q1,Mumbai,Maharashtra,West,Mobile,Edge,SaaS,Medium,Mid-Market,10Cr-50Cr,136,29,Series A,50%+,Senior Manager,Social Media - LinkedIn,abhiram.kapur@gmail.com,New Business,2026-01-13 14:14:24
LEAD-00118,Google,Q1_BFSI_Pune,Bangalore,Karnataka,South,Mobile,Chrome,BFSI,Large,Mid-Market,50Cr-100Cr,283,23,Series A,0-10%,Analyst,Organic Search,priya.prabhakar@barmanpalana.com,New Business,2026-01-02 15:20:26
LEAD-00599,LinkedIn,Brand_Awareness,Navi Mumbai,Maharashtra,West,Desktop,Chrome,Retail,Large,Mid-Market,50Cr-100Cr,843,23,Series A,0-10%,Owner,Social Media - LinkedIn,anita.kaur@narainnadkar.com,New Business,2026-03-18 14:21:10
LEAD-01380,Instagram,Retargeting_General,Chennai,Tamil Nadu,South,Mobile,Chrome,Unknown,Small,SMB,<1Cr,50,10,Seed,50%+,Executive,Content Marketing,naveen.sarna@outlook.com,New Business,2026-02-23 14:20:15
LEAD-01574,Direct,Retargeting_General,Delhi,Delhi,North,Mobile,Opera,Real Estate,Small,Startup,1Cr-10Cr,30,5,Seed,10-25%,Executive,Referral,reva.chandran@boraplc.com,Existing Customer,2026-03-29 11:25:46
LEAD-00418,Google,Q1_BFSI_Pune,Pune,Maharashtra,West,Mobile,Edge,BFSI,Enterprise,Enterprise,100Cr+,6321,39,Public,Negative,Senior Associate,Display Ad,jagat.gokhale@zachariadeol.com,New Business,2026-01-23 15:29:54
LEAD-01166,Facebook,Manufacturing_AI,Ahmedabad,Gujarat,West,Mobile,Chrome,Logistics,Small,Startup,1Cr-10Cr,27,4,Series A,10-25%,Senior Associate,Paid Search,ekiya.kurian@settymalhotr.com,New Business,2026-04-04 11:48:01
LEAD-00329,Google,Retargeting_General,,Telangana,South,Mobile,Edge,Healthcare,,SMB,1Cr-10Cr,50,9,Unknown,10-25%,Manager,Paid Search,vritti.iyengar@mangalltd.com,Existing Customer,2026-05-31 21:01:30
LEAD-01158,Facebook,Retargeting_General,Mumbai,Maharashtra,West,Mobile,Chrome,Technology,Enterprise,Enterprise,50Cr-100Cr,2514,49,Series B,50%+,VP,Social Media - Facebook,wyatt.hayer@yahoo.com,Existing Customer,2026-01-13 12:05:33
LEAD-01981,Organic Search,Brand_Awareness,Bangalore,Karnataka,South,Desktop,Chrome,Real Estate,Large,Mid-Market,50Cr-100Cr,774,14,Series B,10-25%,Executive,Direct,ishaan.goda@yahoo.com,New Business,2026-02-10 10:17:52
LEAD-00695,LinkedIn,Brand_Awareness,Mumbai,Maharashtra,West,Desktop,Chrome,Real Estate,,Mid-Market,50Cr-100Cr,261,18,Series B,0-10%,Associate,Referral,ekta.malhotra@nayarllc.com,New Business,2026-02-04 15:31:32
LEAD-01838,Email Campaign,Q1_BFSI_Mumbai,Navi Mumbai,Maharashtra,West,Mobile,Safari,Consulting,Large,Mid-Market,50Cr-100Cr,912,23,Series C+,0-10%,Manager,Paid Search,agastya.khalsa@padmanabhanp.com,Existing Customer,2026-05-31 19:49:36
LEAD-01157,Facebook,Brand_Awareness,Mumbai,Maharashtra,West,Mobile,Firefox,Technology,Large,Mid-Market,50Cr-100Cr,475,23,Series B,25-50%,Manager,Display Ad,amara.chaudhari@mahajannayak.com,New Business,2026-05-16 20:12:54
LEAD-01387,Instagram,Retargeting_General,Pune,Maharashtra,West,Mobile,Chrome,Real Estate,Medium,Mid-Market,<1Cr,85,29,Public,10-25%,Analyst,Display Ad,zaid.varty@butalachoudh.com,Existing Customer,2026-01-18 14:01:06
LEAD-01290,Instagram,Brand_Awareness,Chennai,Tamil Nadu,South,Mobile,Firefox,Retail,Small,SMB,10Cr-50Cr,39,13,Seed,10-25%,Executive,Content Marketing,baghyawati.pradhan@yahoo.com,New Business,2026-05-19 14:46:38
LEAD-00681,LinkedIn,Retargeting_General,Navi Mumbai,Maharashtra,West,Desktop,Firefox,SaaS,,Mid-Market,10Cr-50Cr,981,30,Public,Negative,Senior Associate,Referral,sai.bhardwaj@balakrishnan.com,New Business,2026-04-14 21:44:01
LEAD-01080,Facebook,Manufacturing_AI,Ahmedabad,Gujarat,West,Mobile,Safari,Manufacturing,Large,Mid-Market,50Cr-100Cr,965,26,Series A,10-25%,Associate,Display Ad,garima.pandya@wasonbahland.com,New Business,2026-05-26 12:46:53
LEAD-01924,Organic Search,Brand_Awareness,Bangalore,Karnataka,South,Mobile,Chrome,Healthcare,Large,Mid-Market,10Cr-50Cr,865,8,Unknown,Negative,Founder,Organic Search,aarna.thaker@outlook.com,New Business,2026-04-10 09:10:22
LEAD-01253,Instagram,Startup_Founders,Mumbai,Maharashtra,West,Mobile,Edge,SaaS,Small,Startup,<1Cr,47,2,Bootstrapped,10-25%,Senior Manager,Display Ad,qabil.gill@yahoo.com,Existing Customer,2026-05-03 10:04:15
LEAD-00703,LinkedIn,Retargeting_General,Mumbai,Maharashtra,West,Desktop,Brave,Manufacturing,Enterprise,Enterprise,50Cr-100Cr,1660,18,Series C+,50%+,Senior Associate,Paid Search,udant.mohanty@chakrabortyk.com,New Business,2026-03-26 08:10:42
LEAD-00987,Facebook,Brand_Awareness,Mumbai,Maharashtra,West,Mobile,,Technology,Medium,Mid-Market,10Cr-50Cr,95,21,Public,Negative,Associate,Social Media - Facebook,zaid.kaul@lankallc.com,New Business,2026-02-16 13:56:59
LEAD-00908,Facebook,Manufacturing_AI,Ahmedabad,Gujarat,West,Mobile,Chrome,Technology,Large,Mid-Market,10Cr-50Cr,530,11,Public,Negative,Associate,Display Ad,jalsa.parsa@nattlad.com,New Business,2026-03-29 12:05:31
LEAD-00087,Google,SaaS_Enterprise_Q1,Thane,Maharashtra,West,Mobile,Chrome,SaaS,Medium,Startup,10Cr-50Cr,124,4,Bootstrapped,25-50%,VP,Display Ad,yutika.nayak@gmail.com,New Business,2026-03-02 15:39:00
LEAD-00815,LinkedIn,Brand_Awareness,Mumbai,Maharashtra,West,Mobile,Opera,Retail,Large,Mid-Market,10Cr-50Cr,878,8,Unknown,0-10%,Senior Manager,Social Media - LinkedIn,vidhi.narayanan@chaudharihor.com,New Business,2026-04-27 17:50:50
LEAD-00231,Google,Q1_BFSI_Mumbai,Mumbai,Maharashtra,West,Mobile,Safari,BFSI,Enterprise,Enterprise,50Cr-100Cr,3574,13,Public,25-50%,Analyst,Display Ad,dhriti.sane@outlook.com,New Business,2026-04-15 19:35:46
LEAD-01547,Direct,Retargeting_General,Kolkata,West Bengal,East,Desktop,Chrome,Real Estate,Large,Mid-Market,10Cr-50Cr,935,28,Series C+,25-50%,Senior Associate,Referral,yamini.nadkarni@mammensankar.com,Partner,2026-04-15 10:52:39
LEAD-00630,LinkedIn,Brand_Awareness,Hyderabad,Telangana,South,Mobile,Chrome,Real Estate,Medium,Mid-Market,1Cr-10Cr,164,27,Series A,10-25%,Manager,Social Media - LinkedIn,peter.naik@jaggideandoa.com,New Business,2026-05-14 18:42:45
LEAD-00905,Facebook,Brand_Awareness,Chennai,Tamil Nadu,South,Mobile,Chrome,BFSI,Small,SMB,1Cr-10Cr,36,7,Seed,25-50%,Senior Associate,Display Ad,vidhi.mital@varughesewal.com,Partner,2026-04-30 17:53:44
LEAD-00447,Google,SaaS_Enterprise_Q1,Bangalore,Karnataka,South,Desktop,,Technology,Enterprise,Enterprise,,5751,51,Series C+,0-10%,Executive,Organic Search,aarini.suresh@outlook.com,New Business,2026-02-18 12:44:24
LEAD-00255,Google,Q1_BFSI_Pune,Mumbai,Maharashtra,West,Desktop,Opera,BFSI,Large,Mid-Market,1Cr-10Cr,674,6,Public,25-50%,Senior Manager,Paid Search,dhriti.sanghvi@yahoo.com,New Business,2026-01-13 13:26:36
LEAD-00307,Google,Retargeting_General,Pune,Maharashtra,West,Desktop,Chrome,BFSI,,SMB,1Cr-10Cr,40,12,Series A,10-25%,Founder,Organic Search,gaurangi.deol@khoslachawla.com,New Business,2026-05-12 10:28:10
LEAD-01381,Instagram,Startup_Founders,Pune,Maharashtra,West,Mobile,Firefox,Consulting,Medium,Startup,10Cr-50Cr,175,1,Seed,10-25%,Executive,Display Ad,anusha.buch@nadigrayandb.com,New Business,2026-03-18 16:37:16
LEAD-01506,Direct,Retargeting_General,Pune,Maharashtra,West,Mobile,Chrome,BFSI,Large,Mid-Market,50Cr-100Cr,434,16,Public,10-25%,Analyst,Direct,megha.lalla@vorarauandve.com,Existing Customer,2026-02-11 16:10:29
LEAD-01223,Instagram,Startup_Founders,Hyderabad,Telangana,South,Mobile,Chrome,Technology,Small,SMB,<1Cr,49,14,Seed,10-25%,Analyst,Social Media - Instagram,manthan.ahluwalia@gmail.com,New Business,2026-04-05 21:57:10
LEAD-01051,Facebook,Brand_Awareness,Pune,Maharashtra,West,Desktop,Firefox,Manufacturing,Medium,Mid-Market,1Cr-10Cr,60,9,Unknown,50%+,Senior Manager,Display Ad,caleb.garde@duttaradhakr.com,New Business,2026-03-01 08:24:00
LEAD-00534,LinkedIn,Retargeting_General,Mumbai,Maharashtra,West,Mobile,Chrome,Consulting,Enterprise,Enterprise,,8975,29,Public,10-25%,Founder,Paid Search,ekiya.master@yohannangang.com,New Business,2026-04-03 19:43:44
LEAD-00088,Google,Brand_Awareness,Mumbai,Maharashtra,West,Desktop,Chrome,Consulting,Enterprise,Enterprise,50Cr-100Cr,9648,37,Unknown,Negative,VP,Display Ad,dayita.kar@keerltd.com,Existing Customer,2026-03-15 11:19:07
LEAD-01406,Direct,Brand_Awareness,Hyderabad,Telangana,South,Mobile,Chrome,Manufacturing,Medium,Mid-Market,1Cr-10Cr,112,7,Series A,10-25%,Founder,Organic Search,kamala.deo@rajmittaland.com,Existing Customer,2026-04-18 09:24:59
LEAD-00199,Google,Q1_BFSI_Pune,Hyderabad,Telangana,South,Mobile,Chrome,BFSI,Large,Mid-Market,1Cr-10Cr,651,23,Public,0-10%,Owner,Paid Search,parth.iyer@gmail.com,New Business,2026-01-17 12:44:27
LEAD-00265,Google,Brand_Awareness,Mumbai,Maharashtra,West,Mobile,Safari,Unknown,Large,Mid-Market,10Cr-50Cr,838,26,Series A,0-10%,Manager,Display Ad,ekansh.singh@gmail.com,Existing Customer,2026-01-24 20:32:04
LEAD-00644,LinkedIn,SaaS_Enterprise_Q1,Hyderabad,Telangana,South,Mobile,Safari,SaaS,Enterprise,Enterprise,100Cr+,8713,38,Series B,Unknown,VP,Social Media - LinkedIn,umang.gaba@srinivasplc.com,New Business,2026-03-03 08:48:24
LEAD-00293,Google,Retargeting_General,Thane,Maharashtra,West,Mobile,Chrome,Logistics,,Mid-Market,10Cr-50Cr,62,14,Series C+,25-50%,Executive,Organic Search,chatresh.randhawa@gmail.com,New Business,2026-02-19 13:32:05
LEAD-00767,LinkedIn,SaaS_Enterprise_Q1,Delhi,Delhi,North,Desktop,Chrome,SaaS,Medium,Mid-Market,50Cr-100Cr,217,19,Series A,Negative,CXO,Social Media - LinkedIn,lila.nagy@ghosedaveand.com,New Business,2026-03-11 14:33:48
LEAD-00025,Google,Brand_Awareness,Ahmedabad,Gujarat,West,Mobile,Firefox,Logistics,Large,Mid-Market,100Cr+,640,19,Public,10-25%,Founder,Organic Search,chanchal.tripathi@gokhaletripa.com,New Business,2026-03-18 21:37:27
LEAD-01018,Facebook,Manufacturing_AI,Kolkata,West Bengal,East,Desktop,Chrome,Manufacturing,Medium,Mid-Market,1Cr-10Cr,74,27,Series C+,10-25%,Associate,Display Ad,maya.dugar@nathsuri.com,New Business,2026-03-06 10:45:21
LEAD-01628,Referral,Retargeting_General,Navi Mumbai,Maharashtra,West,Mobile,Safari,BFSI,Enterprise,Enterprise,50Cr-100Cr,3361,31,Public,10-25%,Founder,Email,manthan.rao@arorasodhian.com,Existing Customer,2026-05-31 12:48:05
LEAD-00340,Google,SaaS_Enterprise_Q1,Mumbai,Maharashtra,West,Mobile,Opera,Consulting,Enterprise,Enterprise,50Cr-100Cr,4260,46,Unknown,0-10%,VP,Organic Search,neel.naidu@duamodiandga.com,Partner,2026-03-14 13:20:43
LEAD-00736,LinkedIn,Brand_Awareness,Thane,Maharashtra,West,Desktop,Chrome,Healthcare,Large,Mid-Market,50Cr-100Cr,643,18,Series A,10-25%,Director,Social Media - LinkedIn,balveer.mannan@chaudhryands.com,New Business,2026-05-18 16:31:34
LEAD-00113,Google,Brand_Awareness,Mumbai,Maharashtra,West,Desktop,Chrome,Manufacturing,Large,Mid-Market,10Cr-50Cr,326,17,Unknown,10-25%,Analyst,Paid Search,jonathan.solanki@duaandsons.com,Partner,2026-05-21 12:52:39
LEAD-01173,Facebook,Manufacturing_AI,Pune,Maharashtra,West,Mobile,,Logistics,Small,SMB,10Cr-50Cr,41,6,Seed,25-50%,VP,Display Ad,manthan.acharya@bahltank.com,Existing Customer,2026-03-22 12:25:14
LEAD-01763,Email Campaign,SaaS_Enterprise_Q1,Bangalore,Karnataka,South,Mobile,Chrome,Logistics,Large,Mid-Market,,528,26,Public,Unknown,Senior Associate,Email,mahika.bora@solankipalla.com,New Business,2026-03-24 16:37:55
LEAD-01951,Organic Search,SaaS_Enterprise_Q1,Ahmedabad,Gujarat,West,Tablet,Chrome,SaaS,Small,SMB,<1Cr,32,10,Bootstrapped,Unknown,Director,Organic Search,bhavini.rattan@outlook.com,New Business,2026-02-28 15:35:37
LEAD-00190,Google,Q1_BFSI_Pune,Navi Mumbai,Maharashtra,West,Desktop,Firefox,BFSI,Enterprise,Enterprise,50Cr-100Cr,1849,35,Series C+,10-25%,Senior Associate,Paid Search,udyati.mani@kumerandra.com,New Business,2026-02-18 11:27:41
LEAD-01314,Instagram,Retargeting_General,Mumbai,Maharashtra,West,Mobile,Edge,SaaS,Small,SMB,1Cr-10Cr,27,4,Unknown,0-10%,Manager,Social Media - Instagram,tanmayi.muni@outlook.com,Partner,2026-02-03 13:54:32
LEAD-01281,Instagram,Retargeting_General,Bangalore,Karnataka,South,Mobile,Chrome,Consulting,Small,Startup,<1Cr,18,3,Series A,25-50%,Intern,Social Media - Instagram,ekalinga.pathak@malhotragrou.com,New Business,2026-03-02 15:13:43
LEAD-00453,Google,Retargeting_General,Hyderabad,Telangana,South,Desktop,Chrome,Consulting,Large,Mid-Market,50Cr-100Cr,809,9,Series C+,Negative,Owner,Paid Search,vinaya.babu@subramanianl.com,New Business,2026-02-24 20:02:37
LEAD-00380,Google,Q1_BFSI_Pune,Mumbai,Maharashtra,West,Mobile,Safari,Technology,,Startup,1Cr-10Cr,104,5,Bootstrapped,Negative,Manager,Paid Search,vrinda.nadig@manijohal.com,New Business,2026-02-09 19:09:44
LEAD-00786,LinkedIn,Retargeting_General,Kolkata,West Bengal,East,Mobile,Chrome,Consulting,,Mid-Market,50Cr-100Cr,612,16,Public,10-25%,Director,Referral,charan.mitra@dubellc.com,New Business,2026-01-17 15:10:56
LEAD-01320,Instagram,Brand_Awareness,Ahmedabad,Gujarat,West,Mobile,Chrome,Unknown,Medium,Mid-Market,10Cr-50Cr,195,25,Series C+,0-10%,Analyst,Social Media - Instagram,sai.raval@gmail.com,New Business,2026-02-17 21:59:01
LEAD-00483,Google,Retargeting_General,Mumbai,Maharashtra,West,Mobile,Opera,Manufacturing,Enterprise,Enterprise,100Cr+,8301,45,Public,10-25%,Executive,Paid Search,oliver.saran@dhingrabhatn.com,Existing Customer,2026-04-24 19:26:51
LEAD-01550,Direct,Retargeting_General,Thane,Maharashtra,West,Mobile,Firefox,Technology,Small,Startup,<1Cr,12,1,Bootstrapped,0-10%,Associate,Organic Search,aarnav.soni@outlook.com,Existing Customer,2026-03-17 16:42:58
LEAD-00262,Google,Q1_BFSI_Pune,Pune,Maharashtra,West,Desktop,Chrome,Consulting,Large,Mid-Market,10Cr-50Cr,377,22,Public,0-10%,Senior Manager,Paid Search,harshil.dhingra@divankeer.com,New Business,2026-02-13 18:00:19
LEAD-01304,Instagram,Retargeting_General,Mumbai,Maharashtra,West,Mobile,Opera,Manufacturing,Medium,Mid-Market,10Cr-50Cr,73,16,Seed,0-10%,Founder,Display Ad,madhav.mall@yahoo.com,New Business,2026-03-20 09:20:18
LEAD-00110,Google,Q1_BFSI_Pune,Mumbai,Maharashtra,West,Mobile,,Technology,Large,Mid-Market,50Cr-100Cr,679,12,Unknown,Negative,Associate,Paid Search,finn.singhal@samakrishnan.com,New Business,2026-03-25 17:46:20
LEAD-01277,Instagram,Retargeting_General,Navi Mumbai,Maharashtra,West,Mobile,,Healthcare,Small,Startup,1Cr-10Cr,30,2,Series A,25-50%,Executive,Display Ad,daksha.tak@gmail.com,New Business,2026-02-03 13:22:45
LEAD-01174,Facebook,Manufacturing_AI,Thane,Maharashtra,West,Mobile,Chrome,Consulting,Enterprise,Enterprise,50Cr-100Cr,4173,36,Series C+,0-10%,Senior Associate,Social Media - Facebook,max.narayan@gmail.com,Existing Customer,2026-04-20 16:36:16
LEAD-01623,Referral,Retargeting_General,Navi Mumbai,Maharashtra,West,Desktop,,Real Estate,Large,Mid-Market,10Cr-50Cr,738,24,Series B,0-10%,Director,Email,vedant.chaudhari@varghesebrar.com,New Business,2026-01-16 09:31:15
LEAD-01575,Direct,Retargeting_General,Kolkata,West Bengal,East,Mobile,Firefox,Consulting,Enterprise,Enterprise,100Cr+,9745,11,Public,Negative,Founder,Referral,darsh.bandi@sekhondashan.com,Existing Customer,2026-03-22 08:50:38
LEAD-00567,LinkedIn,Brand_Awareness,Bangalore,Karnataka,South,Desktop,Chrome,Real Estate,Enterprise,Enterprise,100Cr+,7712,34,Series B,50%+,Director,Referral,yashawini.mangat@yahoo.com,New Business,2026-04-12 13:34:02
LEAD-01410,Direct,Retargeting_General,,Maharashtra,West,Mobile,Safari,Manufacturing,Medium,Mid-Market,1Cr-10Cr,130,22,Public,50%+,Manager,Referral,joshua.tata@munshiinc.com,Partner,2026-03-17 11:51:41
LEAD-00696,LinkedIn,Retargeting_General,Bangalore,Karnataka,South,Desktop,Chrome,SaaS,Enterprise,Enterprise,1Cr-10Cr,7644,10,Unknown,25-50%,Manager,Paid Search,mason.varughese@misraguha.com,New Business,2026-01-02 19:27:44
LEAD-00880,LinkedIn,Retargeting_General,Mumbai,Maharashtra,West,Mobile,Chrome,Manufacturing,Large,Mid-Market,10Cr-50Cr,871,29,Series C+,Negative,Owner,Referral,zashil.savant@varghesellc.com,Existing Customer,2026-03-01 18:17:09
LEAD-01135,Facebook,Manufacturing_AI,Ahmedabad,Gujarat,West,Mobile,Firefox,Education,Medium,Mid-Market,10Cr-50Cr,99,26,Series A,50%+,Owner,Social Media - Facebook,vasatika.buch@gmail.com,Existing Customer,2026-02-23 14:35:40
LEAD-01394,Instagram,Brand_Awareness,Hyderabad,Telangana,South,Mobile,,Education,Large,Mid-Market,50Cr-100Cr,597,28,Series C+,Negative,Intern,Social Media - Instagram,onkar.dalal@chakrabortyl.com,New Business,2026-02-20 21:56:04
LEAD-00305,Google,Brand_Awareness,Hyderabad,Telangana,South,Tablet,Chrome,Manufacturing,Large,Mid-Market,10Cr-50Cr,270,21,Series A,10-25%,Manager,Paid Search,caleb.ram@bahriramakri.com,Partner,2026-05-29 17:25:49
LEAD-01732,Referral,Brand_Awareness,Pune,Maharashtra,West,Mobile,Safari,Logistics,Enterprise,Enterprise,50Cr-100Cr,8916,41,Series C+,0-10%,Senior Associate,Referral,jalsa.rastogi@ozamurtyandk.com,New Business,2026-05-07 18:24:53
LEAD-00249,Google,Q1_BFSI_Mumbai,Navi Mumbai,Maharashtra,West,Mobile,Chrome,BFSI,Medium,Startup,1Cr-10Cr,220,3,Seed,50%+,Associate,Display Ad,chakradev.kannan@survyasandmo.com,New Business,2026-01-20 18:06:30
LEAD-01245,Instagram,Startup_Founders,Delhi,Delhi,North,Desktop,Firefox,SaaS,Small,SMB,10Cr-50Cr,45,2,Series A,0-10%,Intern,Social Media - Instagram,arin.memon@yahoo.com,New Business,2026-04-19 18:40:03
LEAD-01895,Email Campaign,Manufacturing_AI,Ahmedabad,Gujarat,West,Mobile,Safari,Consulting,Enterprise,Enterprise,50Cr-100Cr,1265,16,Unknown,10-25%,Executive,Direct,manan.pandit@sanegroup.com,New Business,2026-03-14 10:40:19
LEAD-01108,Facebook,Manufacturing_AI,Bangalore,Karnataka,South,Desktop,Opera,Manufacturing,Small,Startup,<1Cr,13,4,Bootstrapped,50%+,Owner,Social Media - Facebook,indali.srinivas@somaninc.com,New Business,2026-03-08 14:41:01
LEAD-01359,Instagram,Startup_Founders,Pune,Maharashtra,West,Desktop,Chrome,Unknown,Small,SMB,<1Cr,35,14,Seed,10-25%,Intern,Display Ad,nirja.nagar@outlook.com,New Business,2026-05-19 17:36:32
LEAD-01046,Facebook,Manufacturing_AI,Ahmedabad,Gujarat,West,Mobile,Safari,Manufacturing,Small,SMB,1Cr-10Cr,13,3,Seed,Negative,Manager,Social Media - Facebook,ekiya.seshadri@deshmukhrama.com,New Business,2026-04-08 08:30:30
LEAD-01725,Referral,Retargeting_General,Mumbai,Maharashtra,West,Mobile,Edge,Technology,Enterprise,Enterprise,50Cr-100Cr,7481,38,Public,Negative,Executive,Direct,ikbal.ganesan@regesastry.com,New Business,2026-02-28 09:30:23
LEAD-01401,Direct,Brand_Awareness,Pune,Maharashtra,West,Mobile,Opera,Logistics,Large,Mid-Market,10Cr-50Cr,399,13,Series B,0-10%,Senior Manager,Direct,advaith.singh@shankerchada.com,Existing Customer,2026-04-14 10:27:17
LEAD-00299,Google,Q1_BFSI_Pune,Kolkata,West Bengal,East,Mobile,Chrome,BFSI,Medium,Mid-Market,10Cr-50Cr,242,28,Seed,0-10%,Senior Associate,Paid Search,wazir.mitra@choudhrymani.com,New Business,2026-01-27 18:54:32
LEAD-01699,Referral,Retargeting_General,Delhi,Delhi,North,Desktop,Chrome,Education,Medium,Mid-Market,10Cr-50Cr,228,5,Public,10-25%,Director,Referral,mitali.purohit@buchparsa.com,Partner,2026-05-13 16:25:37
LEAD-00093,Google,SaaS_Enterprise_Q1,Delhi,Delhi,North,Mobile,Chrome,SaaS,Medium,Mid-Market,50Cr-100Cr,102,6,Series B,50%+,VP,Display Ad,zaid.dara@gmail.com,Existing Customer,2026-03-11 15:16:02
LEAD-01940,Organic Search,Retargeting_General,Thane,Maharashtra,West,Mobile,Safari,Retail,Large,Mid-Market,50Cr-100Cr,439,19,Series B,25-50%,Founder,Direct,max.sheth@baradmannana.com,Partner,2026-01-23 15:09:24
LEAD-01415,Direct,Retargeting_General,Kolkata,West Bengal,East,Mobile,Brave,Logistics,Large,Mid-Market,50Cr-100Cr,475,27,Series C+,0-10%,Associate,Direct,nihal.sibal@singhalllc.com,New Business,2026-03-18 16:32:12
LEAD-01161,Facebook,Retargeting_General,Hyderabad,Telangana,South,Mobile,Safari,Technology,Small,SMB,<1Cr,50,9,Series B,10-25%,Manager,Social Media - Facebook,theodore.mander@sehgalllc.com,New Business,2026-04-05 19:11:09
LEAD-00515,LinkedIn,SaaS_Enterprise_Q1,,Maharashtra,West,Mobile,Firefox,Technology,Enterprise,Enterprise,100Cr+,1963,13,Series C+,0-10%,Manager,Referral,ishaan.pall@munshiramaan.com,New Business,2026-02-15 17:42:51
LEAD-01201,Instagram,Retargeting_General,Mumbai,Maharashtra,West,Mobile,Chrome,Retail,Medium,Mid-Market,10Cr-50Cr,64,9,Unknown,50%+,Analyst,Display Ad,pranit.tata@yahoo.com,New Business,2026-05-31 08:06:57
LEAD-00040,Google,SaaS_Enterprise_Q1,Ahmedabad,Gujarat,West,Desktop,Chrome,SaaS,Large,Mid-Market,10Cr-50Cr,327,20,Public,0-10%,Director,Display Ad,darsh.rau@bhagatchaudh.com,Partner,2026-03-21 19:25:41
LEAD-01442,Direct,Brand_Awareness,Pune,Maharashtra,West,Mobile,Firefox,Consulting,Large,Mid-Market,10Cr-50Cr,766,18,Series A,0-10%,Senior Associate,Referral,yahvi.babu@kumarbumb.com,Existing Customer,2026-04-06 13:35:35
LEAD-00992,Facebook,Retargeting_General,Thane,Maharashtra,West,Mobile,Firefox,Healthcare,Medium,Startup,1Cr-10Cr,219,1,Bootstrapped,50%+,Senior Associate,Social Media - Facebook,advay.raja@karanltd.com,New Business,2026-04-14 12:56:39
LEAD-00570,LinkedIn,SaaS_Enterprise_Q1,Navi Mumbai,Maharashtra,West,Desktop,Safari,Consulting,Enterprise,Enterprise,50Cr-100Cr,8279,15,Series B,Negative,Owner,Social Media - LinkedIn,samar.dugal@brarvaidya.com,Existing Customer,2026-02-21 17:02:31
LEAD-01421,Direct,Retargeting_General,Pune,Maharashtra,West,Mobile,Chrome,Manufacturing,Enterprise,Enterprise,50Cr-100Cr,2363,53,Unknown,25-50%,Senior Associate,Organic Search,girindra.narasimhan@koshygroup.com,Existing Customer,2026-01-01 09:42:08
LEAD-00544,LinkedIn,SaaS_Enterprise_Q1,Mumbai,Maharashtra,West,Desktop,Edge,SaaS,Large,Mid-Market,10Cr-50Cr,883,12,Public,Unknown,Director,Referral,chakradhar.chaudhary@sundaramozaa.com,New Business,2026-02-13 20:22:49
LEAD-01945,Organic Search,SaaS_Enterprise_Q1,Delhi,Delhi,North,Mobile,Chrome,SaaS,Large,Mid-Market,50Cr-100Cr,789,11,Series C+,10-25%,Senior Associate,Content Marketing,widisha.chatterjee@yahoo.com,New Business,2026-02-04 09:02:46
LEAD-01987,Organic Search,Retargeting_General,Mumbai,Maharashtra,West,Mobile,Chrome,Manufacturing,Large,Mid-Market,10Cr-50Cr,448,19,Unknown,50%+,Manager,Direct,rohan.singh@rajcontracto.com,New Business,2026-02-09 19:03:59
LEAD-01582,Direct,Brand_Awareness,Mumbai,Maharashtra,West,Mobile,Chrome,Healthcare,Large,Mid-Market,50Cr-100Cr,920,8,Series C+,0-10%,VP,Direct,harshil.arora@gmail.com,New Business,2026-02-11 14:56:41
LEAD-01393,Instagram,Retargeting_General,Mumbai,Maharashtra,West,Desktop,Chrome,Manufacturing,Large,Mid-Market,10Cr-50Cr,621,30,Series B,Unknown,Executive,Display Ad,pushti.lad@yahoo.com,New Business,2026-03-10 08:02:43
LEAD-01058,Facebook,Retargeting_General,Mumbai,Maharashtra,West,Desktop,,Unknown,Medium,Mid-Market,10Cr-50Cr,102,11,Bootstrapped,Unknown,Owner,Social Media - Facebook,sarthak.bawa@ahujakondaan.com,New Business,2026-02-10 18:24:59
LEAD-01067,Facebook,Retargeting_General,Mumbai,Maharashtra,West,Mobile,Chrome,SaaS,Enterprise,Enterprise,100Cr+,6812,48,Series C+,10-25%,Manager,Display Ad,gagan.sule@gmail.com,New Business,2026-05-07 08:39:57
LEAD-01103,Facebook,Manufacturing_AI,Delhi,Delhi,North,Mobile,Chrome,Retail,Medium,Mid-Market,10Cr-50Cr,101,15,Series A,0-10%,Senior Associate,Paid Search,farhan.shroff@natarajanhor.com,New Business,2026-04-25 12:28:01
LEAD-01985,Organic Search,Retargeting_General,Mumbai,Maharashtra,West,Mobile,Chrome,Real Estate,Medium,Mid-Market,1Cr-10Cr,227,27,Series B,0-10%,Director,Direct,harish.sawhney@outlook.com,New Business,2026-01-02 12:58:22
LEAD-01057,Facebook,Brand_Awareness,Pune,Maharashtra,West,Mobile,Chrome,Logistics,Enterprise,Enterprise,50Cr-100Cr,6955,39,Series C+,0-10%,Analyst,Social Media - Facebook,riya.buch@sonisettyand.com,New Business,2026-04-15 13:41:19
LEAD-01069,Facebook,Manufacturing_AI,Pune,Maharashtra,West,Mobile,Firefox,Manufacturing,Medium,Mid-Market,10Cr-50Cr,245,26,Unknown,0-10%,Senior Manager,Paid Search,zinal.tank@outlook.com,New Business,2026-02-05 10:55:59
LEAD-01789,Email Campaign,Q1_BFSI_Mumbai,Thane,Maharashtra,West,Desktop,Chrome,BFSI,Enterprise,Enterprise,50Cr-100Cr,1111,29,Series C+,10-25%,Senior Manager,Email,raghav.dhar@basukhalsaan.com,New Business,2026-01-08 19:10:20
LEAD-00824,LinkedIn,SaaS_Enterprise_Q1,Hyderabad,Telangana,South,Mobile,Chrome,Technology,Enterprise,Enterprise,100Cr+,3064,35,Public,0-10%,Director,Paid Search,yashica.balasubramanian@boseborraand.com,Existing Customer,2026-03-08 15:53:03
LEAD-01587,Direct,Retargeting_General,Mumbai,Maharashtra,West,Desktop,Chrome,Healthcare,Large,Mid-Market,50Cr-100Cr,866,18,Series C+,0-10%,Intern,Direct,dayamai.oza@dhingradinan.com,Partner,2026-01-25 21:52:52
LEAD-01580,Direct,Retargeting_General,Kolkata,West Bengal,East,Desktop,Opera,BFSI,Large,Mid-Market,50Cr-100Cr,946,17,Public,50%+,Founder,Organic Search,ucchal.sangha@yahoo.com,New Business,2026-04-02 18:13:01
LEAD-01487,Direct,Brand_Awareness,Thane,Maharashtra,West,Mobile,Chrome,Technology,Small,SMB,50Cr-100Cr,33,2,Seed,Unknown,Owner,Referral,darsh.ramaswamy@galasaraf.com,New Business,2026-03-16 12:09:22
LEAD-00429,Google,Q1_BFSI_Mumbai,Navi Mumbai,Maharashtra,West,Mobile,Edge,Real Estate,Medium,Mid-Market,10Cr-50Cr,59,6,Unknown,0-10%,Founder,Organic Search,parth.sane@maharajbhat.com,Existing Customer,2026-02-07 15:44:05
LEAD-00741,LinkedIn,SaaS_Enterprise_Q1,Delhi,Delhi,North,Mobile,Chrome,Consulting,Enterprise,Enterprise,50Cr-100Cr,5908,40,Series C+,0-10%,Director,Social Media - LinkedIn,vanya.sama@magarrajan.com,New Business,2026-03-24 19:00:18
LEAD-00721,LinkedIn,Retargeting_General,Navi Mumbai,Maharashtra,West,Mobile,Chrome,Logistics,Enterprise,Enterprise,100Cr+,5327,56,Series B,10-25%,Director,Paid Search,udarsh.deep@bahlkari.com,New Business,2026-03-17 13:03:40
LEAD-00694,LinkedIn,SaaS_Enterprise_Q1,Delhi,Delhi,North,Mobile,Chrome,SaaS,Medium,Mid-Market,10Cr-50Cr,73,14,Series A,50%+,CXO,Referral,hritik.subramaniam@gmail.com,Existing Customer,2026-01-21 09:46:15
LEAD-00937,Facebook,Retargeting_General,Bangalore,Karnataka,South,Desktop,Safari,Technology,Enterprise,Enterprise,50Cr-100Cr,6762,46,Public,Negative,Associate,Display Ad,tamanna.sethi@gmail.com,New Business,2026-01-06 20:18:35
LEAD-00129,Google,Q1_BFSI_Mumbai,Navi Mumbai,Maharashtra,West,Tablet,Edge,Healthcare,Medium,Mid-Market,1Cr-10Cr,196,26,Series A,25-50%,VP,Display Ad,girik.menon@outlook.com,Partner,2026-02-24 18:57:25
LEAD-00841,LinkedIn,SaaS_Enterprise_Q1,Hyderabad,Telangana,South,Mobile,,Technology,Medium,Mid-Market,10Cr-50Cr,68,19,Unknown,Negative,Senior Manager,Social Media - LinkedIn,oeshi.narayanan@danikarpe.com,Existing Customer,2026-05-26 09:08:50
LEAD-01494,Direct,Retargeting_General,Chennai,Tamil Nadu,South,Mobile,Edge,Consulting,Medium,Mid-Market,10Cr-50Cr,74,23,Bootstrapped,Unknown,Associate,Organic Search,yasti.muni@kalachander.com,Existing Customer,2026-02-24 17:20:28
LEAD-00147,Google,Retargeting_General,Thane,Maharashtra,West,Desktop,Chrome,BFSI,Medium,Mid-Market,<1Cr,132,11,Seed,10-25%,VP,Paid Search,falan.dugar@ghoseplc.com,Existing Customer,2026-04-16 08:36:55
LEAD-01152,Facebook,Manufacturing_AI,Pune,Maharashtra,West,Desktop,Chrome,Manufacturing,Medium,Mid-Market,1Cr-10Cr,204,17,Series C+,50%+,Senior Associate,Paid Search,vamakshi.mitra@shettygroup.com,New Business,2026-02-11 14:45:28
LEAD-01809,Email Campaign,Retargeting_General,Navi Mumbai,Maharashtra,West,Mobile,Safari,Education,Small,SMB,1Cr-10Cr,4,7,Bootstrapped,25-50%,Analyst,Email,veer.mody@sanghaverma.com,New Business,2026-01-14 14:15:02
LEAD-00842,LinkedIn,Brand_Awareness,Pune,Maharashtra,West,Desktop,Opera,Logistics,Small,SMB,<1Cr,15,15,Series A,10-25%,Owner,Social Media - LinkedIn,varenya.kade@comarsubrama.com,Existing Customer,2026-03-06 14:45:22
LEAD-00631,LinkedIn,Brand_Awareness,,Delhi,North,Desktop,Chrome,Unknown,Enterprise,Enterprise,100Cr+,1077,13,Public,50%+,Associate,Social Media - LinkedIn,lucky.choudhry@bainsandsons.com,New Business,2026-02-21 11:23:58
LEAD-00739,LinkedIn,Retargeting_General,Hyderabad,Telangana,South,Mobile,Chrome,Technology,Large,Mid-Market,50Cr-100Cr,963,18,Public,0-10%,Senior Manager,Referral,girik.pradhan@sarmaloyal.com,Existing Customer,2026-01-28 18:37:04
LEAD-01884,Email Campaign,SaaS_Enterprise_Q1,Navi Mumbai,Maharashtra,West,Mobile,Chrome,Technology,Enterprise,Enterprise,50Cr-100Cr,6998,38,Series C+,0-10%,Analyst,Paid Search,raghav.boase@rameshltd.com,New Business,2026-03-27 10:42:28
LEAD-01179,Facebook,Brand_Awareness,Mumbai,Maharashtra,West,Desktop,Edge,Retail,Medium,Mid-Market,1Cr-10Cr,90,8,Unknown,25-50%,Manager,Paid Search,bimala.jain@oakbuchandsh.com,New Business,2026-05-10 13:26:47
LEAD-01685,Referral,Brand_Awareness,Mumbai,Maharashtra,West,Mobile,Chrome,Healthcare,Large,Mid-Market,50Cr-100Cr,962,8,Series A,10-25%,Founder,Direct,priya.kohli@dashmoreandk.com,Existing Customer,2026-02-26 17:08:18
LEAD-01536,Direct,Retargeting_General,Pune,Maharashtra,West,Mobile,Chrome,Manufacturing,Enterprise,Enterprise,100Cr+,1820,52,Series C+,0-10%,Director,Organic Search,ucchal.ray@yahoo.com,Partner,2026-01-19 15:54:03
LEAD-00637,LinkedIn,Retargeting_General,Bangalore,Karnataka,South,Desktop,Chrome,Healthcare,Medium,Mid-Market,10Cr-50Cr,231,5,Unknown,0-10%,Founder,Social Media - LinkedIn,timothy.chawla@baligopaland.com,New Business,2026-02-01 12:15:47
LEAD-01297,Instagram,Startup_Founders,Hyderabad,Telangana,South,Tablet,Chrome,Technology,Medium,Mid-Market,<1Cr,119,13,Public,Negative,Intern,Display Ad,lucky.karan@outlook.com,Partner,2026-04-26 11:08:22
LEAD-01012,Facebook,Brand_Awareness,Ahmedabad,Gujarat,West,Desktop,Safari,Real Estate,Small,SMB,1Cr-10Cr,37,15,Bootstrapped,Unknown,Senior Manager,Paid Search,chatresh.shroff@yahoo.com,Existing Customer,2026-04-13 21:51:40
LEAD-00893,LinkedIn,SaaS_Enterprise_Q1,Thane,Maharashtra,West,Desktop,Chrome,SaaS,Medium,Startup,1Cr-10Cr,231,3,Series A,25-50%,CXO,Paid Search,kabir.bhagat@mammenraoand.com,New Business,2026-03-12 09:41:03
LEAD-00152,Google,Retargeting_General,Mumbai,Maharashtra,West,Desktop,Safari,Healthcare,Enterprise,Enterprise,100Cr+,4145,49,Series B,10-25%,Associate,Display Ad,noah.mohanty@borainc.com,Existing Customer,2026-04-01 12:50:25
LEAD-01674,Referral,Brand_Awareness,Ahmedabad,Gujarat,West,Mobile,Safari,SaaS,Medium,Mid-Market,1Cr-10Cr,208,29,Unknown,Negative,Senior Manager,Email,sarthak.rana@naidugupta.com,Existing Customer,2026-05-10 12:06:37
LEAD-00482,Google,Retargeting_General,Thane,Maharashtra,West,Mobile,Edge,Real Estate,Medium,Mid-Market,10Cr-50Cr,205,21,Series C+,25-50%,Director,Display Ad,charvi.loyal@yahoo.com,Partner,2026-04-03 14:09:45
LEAD-00042,Google,Retargeting_General,Mumbai,Maharashtra,West,Mobile,Safari,Manufacturing,Medium,Mid-Market,10Cr-50Cr,162,8,Bootstrapped,10-25%,Analyst,Paid Search,qadim.mallick@sendeyandsam.com,New Business,2026-01-26 15:10:44
LEAD-01702,Referral,Retargeting_General,Mumbai,Maharashtra,West,Desktop,Chrome,BFSI,Enterprise,Enterprise,100Cr+,8761,42,Unknown,10-25%,Analyst,Referral,michael.gill@chackomital.com,New Business,2026-04-29 15:45:21
LEAD-01086,Facebook,Brand_Awareness,Thane,Maharashtra,West,Mobile,Chrome,Retail,Medium,Mid-Market,10Cr-50Cr,226,24,Series B,0-10%,Manager,Paid Search,saksham.chanda@prasadinc.com,New Business,2026-02-01 17:08:33
LEAD-00172,Google,Q1_BFSI_Pune,Ahmedabad,Gujarat,West,Desktop,Edge,BFSI,,Startup,1Cr-10Cr,138,1,Bootstrapped,25-50%,Associate,Display Ad,yashica.loke@sachdevaoak.com,New Business,2026-02-17 11:33:11
LEAD-00480,Google,Brand_Awareness,Thane,Maharashtra,West,Mobile,Chrome,Healthcare,Large,Mid-Market,50Cr-100Cr,393,26,Unknown,0-10%,Manager,Display Ad,odika.rama@yahoo.com,Existing Customer,2026-03-20 08:25:39
LEAD-01047,Facebook,Brand_Awareness,Ahmedabad,Gujarat,West,Mobile,Chrome,SaaS,Medium,Mid-Market,10Cr-50Cr,208,16,Bootstrapped,25-50%,Analyst,Paid Search,saksham.sha@golagroup.com,New Business,2026-02-06 15:38:49
LEAD-00122,Google,Brand_Awareness,Pune,Maharashtra,West,Mobile,Chrome,SaaS,,Mid-Market,50Cr-100Cr,655,16,Unknown,0-10%,Manager,Display Ad,udyati.sarin@gmail.com,Partner,2026-02-07 12:02:18
LEAD-00029,Google,Q1_BFSI_Pune,Mumbai,Maharashtra,West,Mobile,Safari,Manufacturing,Large,Mid-Market,10Cr-50Cr,700,8,Series B,25-50%,Senior Manager,Organic Search,ekapad.walia@brarchadaand.com,New Business,2026-01-18 16:34:31
LEAD-01211,Instagram,Brand_Awareness,Thane,Maharashtra,West,Desktop,Safari,Healthcare,Medium,Mid-Market,10Cr-50Cr,227,13,Series B,50%+,Manager,Social Media - Instagram,victor.choudhary@issacnanda.com,Partner,2026-04-10 12:10:30
LEAD-00804,LinkedIn,Retargeting_General,Navi Mumbai,Maharashtra,West,Desktop,,Consulting,Medium,Mid-Market,1Cr-10Cr,206,20,Public,25-50%,VP,Social Media - LinkedIn,abeer.bhatnagar@daniwarrior.com,New Business,2026-01-28 18:03:41
LEAD-01626,Referral,Retargeting_General,Bangalore,Karnataka,South,Mobile,Safari,Manufacturing,Small,SMB,1Cr-10Cr,8,9,Unknown,0-10%,CXO,Referral,advika.anand@maharajhalde.com,New Business,2026-02-12 16:51:04
LEAD-00243,Google,SaaS_Enterprise_Q1,Delhi,Delhi,North,Mobile,Safari,Manufacturing,Small,SMB,<1Cr,32,14,Series A,25-50%,Director,Organic Search,oni.setty@walikaleandp.com,Existing Customer,2026-05-12 20:10:04
LEAD-01050,Facebook,Manufacturing_AI,Kolkata,West Bengal,East,Desktop,Edge,Manufacturing,Medium,Mid-Market,10Cr-50Cr,124,22,Public,10-25%,Associate,Paid Search,leena.vaidya@viswanathanl.com,New Business,2026-01-15 09:43:04
LEAD-01681,Referral,Brand_Awareness,Thane,Maharashtra,West,Mobile,Chrome,Technology,Large,Mid-Market,10Cr-50Cr,469,17,Public,10-25%,Owner,Direct,lipika.deol@nairltd.com,New Business,2026-02-11 21:07:25
LEAD-00869,LinkedIn,Retargeting_General,Pune,Maharashtra,West,Mobile,Safari,SaaS,,Enterprise,100Cr+,9647,13,Unknown,10-25%,Senior Manager,Referral,kamala.buch@lallandsons.com,New Business,2026-05-15 16:28:20
LEAD-01540,Direct,Brand_Awareness,Mumbai,Maharashtra,West,Desktop,Firefox,Unknown,Large,Mid-Market,50Cr-100Cr,447,11,Series C+,0-10%,Associate,Organic Search,kashvi.zachariah@tellajaniand.com,New Business,2026-01-01 19:34:52
LEAD-00208,Google,Retargeting_General,Navi Mumbai,Maharashtra,West,Mobile,Opera,Manufacturing,Medium,Startup,1Cr-10Cr,110,5,Seed,0-10%,Manager,Organic Search,waida.d’alia@baradllc.com,Partner,2026-04-06 15:47:05
LEAD-00528,LinkedIn,SaaS_Enterprise_Q1,Hyderabad,Telangana,South,Mobile,Edge,Technology,Enterprise,Enterprise,100Cr+,7034,49,Series B,Negative,Founder,Referral,jeevika.barman@comarllc.com,New Business,2026-03-07 13:29:43
LEAD-01925,Organic Search,Retargeting_General,Mumbai,Maharashtra,West,Tablet,Chrome,Manufacturing,Enterprise,Enterprise,50Cr-100Cr,1556,58,Public,0-10%,Analyst,Content Marketing,naksh.magar@gmail.com,Partner,2026-02-19 11:14:17
LEAD-01111,Facebook,Retargeting_General,Delhi,Delhi,North,Mobile,Chrome,Education,Enterprise,Enterprise,50Cr-100Cr,1490,12,Series C+,Negative,VP,Social Media - Facebook,nandini.sachdev@waliashenoy.com,New Business,2026-04-30 14:11:00
LEAD-01630,Referral,Retargeting_General,Chennai,Tamil Nadu,South,Mobile,Firefox,Real Estate,Large,Mid-Market,10Cr-50Cr,681,25,Series A,25-50%,Founder,Direct,upadhriti.shenoy@vartyplc.com,New Business,2026-03-22 09:14:59
LEAD-01975,Organic Search,SaaS_Enterprise_Q1,Mumbai,Maharashtra,West,Mobile,Chrome,SaaS,Large,Mid-Market,10Cr-50Cr,273,6,Unknown,Negative,Manager,Direct,shivani.chatterjee@aggarwalsesh.com,New Business,2026-02-13 20:58:15
LEAD-00975,Facebook,Brand_Awareness,Mumbai,Maharashtra,West,Mobile,Chrome,SaaS,Large,Mid-Market,50Cr-100Cr,829,7,Series C+,10-25%,Senior Manager,Social Media - Facebook,lekha.gupta@chatterjeech.com,New Business,2026-01-29 16:10:51
LEAD-00651,LinkedIn,Brand_Awareness,Bangalore,Karnataka,South,Mobile,Safari,Consulting,Medium,Mid-Market,100Cr+,71,21,Series B,Negative,Manager,Paid Search,chandran.ramaswamy@khannachar.com,New Business,2026-04-19 10:53:27
LEAD-00178,Google,Retargeting_General,Bangalore,Karnataka,South,Desktop,Chrome,Retail,Medium,Mid-Market,100Cr+,100,17,Bootstrapped,50%+,Senior Manager,Display Ad,yadavi.narula@bansaldate.com,Existing Customer,2026-05-10 18:31:26
LEAD-01504,Direct,Brand_Awareness,Mumbai,Maharashtra,West,Desktop,Edge,Retail,,Mid-Market,50Cr-100Cr,966,12,Series B,25-50%,Manager,Organic Search,pavani.de@outlook.com,Partner,2026-01-10 17:47:24
LEAD-00196,Google,Retargeting_General,Pune,Maharashtra,West,Mobile,Chrome,Consulting,Small,Startup,<1Cr,1,3,Seed,10-25%,Founder,Display Ad,ranveer.krishna@pandeyandson.com,New Business,2026-02-03 14:55:53
LEAD-01998,Organic Search,Retargeting_General,,Telangana,South,Desktop,Chrome,Healthcare,Enterprise,Enterprise,100Cr+,1690,49,Public,25-50%,Associate,Content Marketing,girik.bal@janichander.com,New Business,2026-01-27 14:33:59
LEAD-00513,LinkedIn,Retargeting_General,Mumbai,Maharashtra,West,Desktop,,Healthcare,Enterprise,Enterprise,50Cr-100Cr,7854,21,Public,0-10%,Owner,Paid Search,ronith.shankar@groverpauand.com,Existing Customer,2026-02-07 08:18:16
LEAD-00906,Facebook,Manufacturing_AI,Delhi,Delhi,North,Mobile,Chrome,Manufacturing,Medium,Mid-Market,1Cr-10Cr,202,25,Series B,50%+,Senior Manager,Paid Search,hardik.gade@battarao.com,New Business,2026-02-02 11:40:23
LEAD-01955,Organic Search,Retargeting_General,Mumbai,Maharashtra,West,Desktop,Chrome,Retail,Large,Mid-Market,10Cr-50Cr,398,19,Unknown,0-10%,Manager,Direct,bina.prashad@ananddubeyan.com,New Business,2026-02-27 14:42:35
LEAD-00410,Google,Q1_BFSI_Pune,Pune,Maharashtra,West,Mobile,Chrome,Manufacturing,,Mid-Market,50Cr-100Cr,457,7,Public,0-10%,Associate,Display Ad,vrinda.chand@sathedadaand.com,New Business,2026-02-27 16:09:12
LEAD-01672,Referral,Brand_Awareness,Hyderabad,Telangana,South,Mobile,Chrome,Manufacturing,Medium,Startup,1Cr-10Cr,54,2,Series A,25-50%,Associate,Email,gopal.ganesh@bhatnagarand.com,Partner,2026-05-02 21:07:15
LEAD-00852,LinkedIn,SaaS_Enterprise_Q1,Mumbai,Maharashtra,West,Desktop,Chrome,Manufacturing,Enterprise,Enterprise,100Cr+,4610,38,Series C+,50%+,Director,Paid Search,balvan.wali@chargoelands.com,New Business,2026-05-22 12:55:41
LEAD-01657,Referral,Brand_Awareness,Thane,Maharashtra,West,Tablet,Chrome,Manufacturing,Large,Mid-Market,10Cr-50Cr,558,17,Public,10-25%,CXO,Referral,nitesh.krishnan@nandaroutand.com,New Business,2026-01-07 09:39:05
LEAD-00382,Google,Q1_BFSI_Mumbai,Thane,Maharashtra,West,Mobile,Safari,Technology,Medium,Startup,10Cr-50Cr,217,4,Seed,10-25%,Senior Associate,Organic Search,madhav.mannan@raghavanrana.com,Existing Customer,2026-02-15 09:57:20
LEAD-00971,Facebook,Manufacturing_AI,Kolkata,West Bengal,East,Mobile,Chrome,Manufacturing,Large,Mid-Market,1Cr-10Cr,406,9,Public,Negative,Manager,Paid Search,sathvik.swamy@bobalinc.com,Partner,2026-02-12 15:15:20
LEAD-01862,Email Campaign,Manufacturing_AI,Pune,Maharashtra,West,Mobile,,Manufacturing,Large,Mid-Market,10Cr-50Cr,524,26,Public,25-50%,VP,Paid Search,rajata.bir@sendalal.com,New Business,2026-04-06 16:48:46
LEAD-01512,Direct,Retargeting_General,Thane,Maharashtra,West,Mobile,Chrome,Consulting,Medium,Mid-Market,1Cr-10Cr,187,25,Series A,0-10%,Director,Direct,michael.dalal@mannbariaand.com,New Business,2026-05-14 17:54:59
LEAD-01180,Facebook,Brand_Awareness,Pune,Maharashtra,West,Mobile,Brave,Consulting,Small,SMB,<1Cr,43,3,Series B,25-50%,Senior Manager,Display Ad,rayaan.mistry@baralgroup.com,Existing Customer,2026-01-15 14:25:52
LEAD-00930,Facebook,Retargeting_General,Pune,Maharashtra,West,Mobile,Chrome,SaaS,,Mid-Market,1Cr-10Cr,214,28,Public,25-50%,CXO,Paid Search,abhiram.swamy@singhwarrior.com,New Business,2026-04-13 08:11:47
LEAD-00451,Google,Q1_BFSI_Mumbai,Navi Mumbai,Maharashtra,West,Mobile,Chrome,BFSI,Medium,Mid-Market,1Cr-10Cr,209,6,Bootstrapped,25-50%,Senior Associate,Paid Search,ekansh.dora@devankashyap.com,New Business,2026-01-12 18:03:57
LEAD-00641,LinkedIn,Brand_Awareness,Pune,Maharashtra,West,Mobile,Opera,Technology,Large,Mid-Market,100Cr+,703,25,Series B,25-50%,Director,Social Media - LinkedIn,hritik.agarwal@birpallaandk.com,New Business,2026-05-06 09:12:03
LEAD-01428,Direct,Brand_Awareness,Mumbai,Maharashtra,West,Desktop,Chrome,Consulting,,Enterprise,100Cr+,6519,49,Unknown,0-10%,Owner,Direct,wriddhish.rastogi@kumergokhale.com,Existing Customer,2026-02-14 16:22:22
LEAD-01101,Facebook,Retargeting_General,Ahmedabad,Gujarat,West,Mobile,Chrome,Education,Medium,Mid-Market,10Cr-50Cr,61,11,Public,10-25%,Associate,Paid Search,chatura.chadha@bedicheriana.com,New Business,2026-02-23 11:37:31
LEAD-00624,LinkedIn,SaaS_Enterprise_Q1,Hyderabad,Telangana,South,Mobile,Chrome,SaaS,Large,Mid-Market,10Cr-50Cr,883,28,Series B,10-25%,CXO,Social Media - LinkedIn,daksh.kanda@khoslalataan.com,Partner,2026-02-16 19:36:06
LEAD-01378,Instagram,Retargeting_General,Hyderabad,Telangana,South,Mobile,Chrome,Education,Medium,Mid-Market,10Cr-50Cr,134,15,Series B,0-10%,Analyst,Content Marketing,saanvi.rama@darawarriora.com,New Business,2026-03-22 20:42:03
LEAD-00161,Google,SaaS_Enterprise_Q1,Bangalore,Karnataka,South,Mobile,Chrome,Manufacturing,Large,Mid-Market,50Cr-100Cr,263,14,Series A,10-25%,VP,Display Ad,suhani.chakrabarti@rattanbansal.com,Existing Customer,2026-03-13 11:36:33
LEAD-01549,Direct,Retargeting_General,Mumbai,Maharashtra,West,Tablet,Safari,Logistics,Medium,Mid-Market,1Cr-10Cr,61,6,Unknown,25-50%,Senior Manager,Direct,tripti.narasimhan@nagyomandkad.com,New Business,2026-05-17 21:54:14
LEAD-00664,LinkedIn,Retargeting_General,Thane,Maharashtra,West,Tablet,Edge,Technology,Enterprise,Enterprise,50Cr-100Cr,2466,16,Public,0-10%,Senior Manager,Paid Search,oliver.kakar@senandsons.com,Partner,2026-01-08 10:59:59
LEAD-00476,Google,Retargeting_General,Mumbai,Maharashtra,West,Mobile,Edge,Technology,Large,Mid-Market,10Cr-50Cr,979,22,Series B,10-25%,Director,Paid Search,sai.parsa@gmail.com,New Business,2026-02-14 21:45:44
LEAD-00166,Google,Q1_BFSI_Mumbai,Ahmedabad,Gujarat,West,Mobile,Chrome,Real Estate,Large,Mid-Market,50Cr-100Cr,465,19,Series A,25-50%,Manager,Display Ad,wriddhish.dutt@outlook.com,Partner,2026-01-18 21:54:50
LEAD-01765,Email Campaign,Retargeting_General,Bangalore,Karnataka,South,Mobile,Safari,Manufacturing,Small,Startup,<1Cr,4,2,Seed,10-25%,Senior Associate,Direct,chatura.modi@gmail.com,New Business,2026-05-19 08:33:40
LEAD-00884,LinkedIn,Retargeting_General,Navi Mumbai,Maharashtra,West,Mobile,Safari,SaaS,Enterprise,Enterprise,50Cr-100Cr,6158,12,Public,Negative,VP,Referral,zaitra.wason@sacharpandit.com,Partner,2026-05-14 13:12:53
LEAD-01261,Instagram,Retargeting_General,Pune,Maharashtra,West,Mobile,Chrome,Technology,Small,SMB,1Cr-10Cr,46,9,Bootstrapped,0-10%,Executive,Content Marketing,manan.sathe@outlook.com,New Business,2026-05-30 20:10:25
LEAD-01830,Email Campaign,Manufacturing_AI,Kolkata,West Bengal,East,Mobile,Chrome,Technology,Enterprise,Enterprise,50Cr-100Cr,3447,48,Series B,10-25%,Manager,Paid Search,reva.edwin@luthrachopra.com,Partner,2026-03-14 21:05:21
LEAD-00701,LinkedIn,Brand_Awareness,Mumbai,Maharashtra,West,Mobile,Safari,Logistics,Medium,Mid-Market,1Cr-10Cr,156,8,Unknown,25-50%,Senior Manager,Paid Search,chaaya.chatterjee@mitalgardean.com,Existing Customer,2026-01-02 10:49:42
LEAD-01837,Email Campaign,Q1_BFSI_Mumbai,Mumbai,Maharashtra,West,Desktop,Edge,Real Estate,Medium,Mid-Market,1Cr-10Cr,142,25,Series B,50%+,Senior Associate,Direct,ansh.date@choudharyinc.com,New Business,2026-04-14 20:16:26
LEAD-00714,LinkedIn,Brand_Awareness,Pune,Maharashtra,West,Mobile,Brave,Healthcare,Enterprise,Enterprise,50Cr-100Cr,4161,55,Public,0-10%,VP,Referral,kashvi.atwal@wallaandsons.com,Existing Customer,2026-01-26 09:34:39
LEAD-01773,Email Campaign,Healthcare_Demo,Chennai,Tamil Nadu,South,Desktop,Firefox,Healthcare,Large,Mid-Market,50Cr-100Cr,499,17,Unknown,10-25%,Manager,Direct,gaurav.sheth@geraprashad.com,New Business,2026-03-12 13:14:44
LEAD-00395,Google,Q1_BFSI_Pune,Mumbai,Maharashtra,West,Mobile,Chrome,BFSI,Medium,Startup,1Cr-10Cr,80,4,Seed,50%+,Analyst,Paid Search,isaiah.narayanan@outlook.com,New Business,2026-02-15 14:46:50
LEAD-01083,Facebook,Retargeting_General,Thane,Maharashtra,West,Desktop,Safari,BFSI,Medium,Mid-Market,1Cr-10Cr,220,10,Series C+,10-25%,Intern,Social Media - Facebook,azad.magar@dadamorarand.com,Partner,2026-02-17 11:06:01
LEAD-00458,Google,Q1_BFSI_Mumbai,Navi Mumbai,Maharashtra,West,Tablet,Chrome,BFSI,Small,SMB,<1Cr,31,9,Bootstrapped,25-50%,Analyst,Display Ad,irya.loke@vyasllc.com,New Business,2026-01-14 18:23:18
LEAD-01764,Email Campaign,Manufacturing_AI,Kolkata,West Bengal,East,Mobile,,Manufacturing,Medium,Mid-Market,10Cr-50Cr,236,26,Series A,10-25%,Senior Manager,Email,meera.chatterjee@mandalmandal.com,New Business,2026-03-15 08:12:28
LEAD-01258,Instagram,Startup_Founders,Pune,Maharashtra,West,Mobile,Chrome,Technology,Small,SMB,1Cr-10Cr,10,11,Series A,10-25%,Analyst,Content Marketing,jairaj.bakshi@gmail.com,Existing Customer,2026-04-03 09:15:19
LEAD-01073,Facebook,Manufacturing_AI,Bangalore,Karnataka,South,Mobile,Brave,Education,Large,Mid-Market,10Cr-50Cr,328,5,Series A,10-25%,Director,Paid Search,saksham.manda@kalaapte.com,New Business,2026-03-16 21:58:39
LEAD-01165,Facebook,Brand_Awareness,Pune,Maharashtra,West,Mobile,Chrome,Consulting,Medium,Mid-Market,10Cr-50Cr,242,17,Series B,50%+,Analyst,Social Media - Facebook,unni.borra@gmail.com,New Business,2026-05-15 14:10:32
LEAD-00228,Google,Brand_Awareness,Pune,Maharashtra,West,Desktop,Chrome,Unknown,Large,Mid-Market,100Cr+,300,17,Series B,0-10%,CXO,Display Ad,yashasvi.sani@walimenonand.com,Existing Customer,2026-04-18 10:56:26
LEAD-00705,LinkedIn,Retargeting_General,Kolkata,West Bengal,East,Mobile,Chrome,SaaS,Large,Mid-Market,50Cr-100Cr,272,9,Series C+,25-50%,Senior Associate,Referral,chatresh.bobal@dalalsinghal.com,New Business,2026-05-09 08:49:43
LEAD-00376,Google,Retargeting_General,Chennai,Tamil Nadu,South,Desktop,Safari,BFSI,Large,Mid-Market,50Cr-100Cr,812,17,Unknown,0-10%,Founder,Paid Search,ekta.sridhar@devivenkatar.com,New Business,2026-04-13 16:27:49
LEAD-01370,Instagram,Brand_Awareness,Pune,Maharashtra,West,Mobile,Opera,Retail,Small,SMB,50Cr-100Cr,18,10,Public,10-25%,Analyst,Display Ad,jason.munshi@gmail.com,New Business,2026-05-09 11:39:02
LEAD-01556,Direct,Retargeting_General,Mumbai,Maharashtra,West,Mobile,Chrome,Consulting,Small,SMB,<1Cr,49,8,Bootstrapped,0-10%,Senior Associate,Direct,ishita.handa@bahrillc.com,New Business,2026-03-13 17:44:33
LEAD-01285,Instagram,Retargeting_General,Mumbai,Maharashtra,West,Mobile,Chrome,Unknown,Medium,Startup,10Cr-50Cr,230,5,Series A,25-50%,Senior Manager,Display Ad,anjali.patel@yahoo.com,New Business,2026-04-20 14:43:59
LEAD-00542,LinkedIn,Brand_Awareness,Thane,Maharashtra,West,Mobile,Chrome,BFSI,Small,SMB,10Cr-50Cr,19,13,Unknown,25-50%,Director,Paid Search,siddharth.talwar@raokamdarand.com,Existing Customer,2026-05-04 10:11:12
LEAD-01199,Facebook,Manufacturing_AI,Kolkata,West Bengal,East,Tablet,Opera,SaaS,Medium,Mid-Market,50Cr-100Cr,178,23,Public,0-10%,Manager,Paid Search,samuel.dhar@outlook.com,New Business,2026-02-15 21:15:59
LEAD-01134,Facebook,Manufacturing_AI,Kolkata,West Bengal,East,Mobile,Chrome,Manufacturing,Large,Mid-Market,50Cr-100Cr,773,30,Series A,Negative,Analyst,Display Ad,bahadurjit.barad@gmail.com,New Business,2026-04-16 16:00:19
LEAD-01896,Email Campaign,Retargeting_General,Mumbai,Maharashtra,West,Mobile,Chrome,Technology,Enterprise,Enterprise,100Cr+,4462,25,Series C+,0-10%,Executive,Direct,isaiah.swamy@yahoo.com,New Business,2026-03-31 09:29:19
LEAD-01655,Referral,Retargeting_General,Mumbai,Maharashtra,West,Mobile,Safari,Education,Medium,Startup,50Cr-100Cr,73,2,Bootstrapped,Unknown,VP,Email,teerth.tak@yogimanneand.com,Existing Customer,2026-03-09 16:45:23
LEAD-01850,Email Campaign,Q1_BFSI_Mumbai,Thane,Maharashtra,West,Mobile,Firefox,Manufacturing,Small,SMB,1Cr-10Cr,12,6,Series B,Negative,Manager,Direct,omya.koshy@mandpanchal.com,Partner,2026-01-04 14:33:28
LEAD-00563,LinkedIn,SaaS_Enterprise_Q1,Navi Mumbai,Maharashtra,West,Mobile,Opera,Technology,Enterprise,Enterprise,50Cr-100Cr,7052,17,Series B,25-50%,CXO,Social Media - LinkedIn,xalak.bobal@chowdhurykho.com,Existing Customer,2026-01-16 13:36:18
LEAD-00060,Google,Q1_BFSI_Mumbai,Ahmedabad,Gujarat,West,Mobile,Chrome,Real Estate,Enterprise,Enterprise,100Cr+,6328,34,Public,0-10%,Manager,Organic Search,nachiket.magar@daliachhabra.com,New Business,2026-01-30 16:38:27
LEAD-00723,LinkedIn,Brand_Awareness,Navi Mumbai,Maharashtra,West,Mobile,Chrome,SaaS,Enterprise,Enterprise,50Cr-100Cr,4615,30,Series B,10-25%,Manager,Social Media - LinkedIn,baljiwan.prashad@periltd.com,New Business,2026-05-29 18:51:54
LEAD-01257,Instagram,Brand_Awareness,Delhi,Delhi,North,Mobile,Opera,Retail,Small,SMB,<1Cr,22,7,Bootstrapped,10-25%,Executive,Display Ad,saumya.zacharia@gmail.com,New Business,2026-04-21 16:35:11
LEAD-00292,Google,Q1_BFSI_Mumbai,Thane,Maharashtra,West,Mobile,Firefox,BFSI,Large,Mid-Market,,291,26,Series C+,0-10%,Director,Display Ad,tristan.seshadri@sarkarinc.com,New Business,2026-02-20 09:24:16
LEAD-00229,Google,Q1_BFSI_Mumbai,Bangalore,Karnataka,South,Mobile,Chrome,Consulting,Large,Mid-Market,50Cr-100Cr,842,25,Series A,10-25%,Director,Paid Search,tanveer.sani@contractorlt.com,New Business,2026-01-29 09:51:54
LEAD-00206,Google,SaaS_Enterprise_Q1,Hyderabad,Telangana,South,Tablet,Safari,Technology,Small,SMB,1Cr-10Cr,50,5,Bootstrapped,25-50%,Manager,Paid Search,timothy.bhatnagar@bakshinarang.com,New Business,2026-02-01 10:00:59
LEAD-00162,Google,Q1_BFSI_Pune,Mumbai,Maharashtra,West,Mobile,Chrome,Technology,Medium,Startup,10Cr-50Cr,93,4,Series B,0-10%,Associate,Organic Search,jack.raval@yahoo.com,Partner,2026-01-05 13:16:15
LEAD-01840,Email Campaign,Healthcare_Demo,Chennai,Tamil Nadu,South,Desktop,Chrome,Healthcare,Large,Mid-Market,10Cr-50Cr,397,18,Series B,25-50%,Director,Paid Search,vedika.butala@mannmanda.com,New Business,2026-03-07 10:08:47
LEAD-00678,LinkedIn,SaaS_Enterprise_Q1,Hyderabad,Telangana,South,Desktop,Safari,Technology,Enterprise,Enterprise,50Cr-100Cr,5015,12,Public,Negative,CXO,Referral,niharika.sundaram@satheandsons.com,New Business,2026-03-30 17:11:41
LEAD-01316,Instagram,Retargeting_General,Mumbai,Maharashtra,West,Mobile,Safari,Consulting,Small,Startup,<1Cr,25,1,Series B,0-10%,Analyst,Content Marketing,jhalak.gola@gmail.com,New Business,2026-05-14 11:26:16
LEAD-01939,Organic Search,Brand_Awareness,Navi Mumbai,Maharashtra,West,Mobile,Safari,BFSI,Small,Startup,<1Cr,7,5,Series B,25-50%,Associate,Organic Search,lavanya.sood@yahoo.com,New Business,2026-03-29 14:28:22
LEAD-01457,Direct,Brand_Awareness,Kolkata,West Bengal,East,Desktop,Chrome,Education,Enterprise,Enterprise,50Cr-100Cr,7415,22,Public,0-10%,VP,Direct,gauri.anand@ramanathanbe.com,New Business,2026-02-18 19:14:36
LEAD-00543,LinkedIn,SaaS_Enterprise_Q1,Bangalore,Karnataka,South,Desktop,Chrome,Real Estate,Medium,Mid-Market,10Cr-50Cr,111,11,Series C+,10-25%,Manager,Referral,geetika.de@naidumander.com,New Business,2026-02-03 13:43:10
LEAD-00951,Facebook,Brand_Awareness,Delhi,Delhi,North,Mobile,Chrome,Technology,Large,Mid-Market,50Cr-100Cr,832,25,Series A,Negative,Senior Associate,Social Media - Facebook,isaiah.keer@outlook.com,New Business,2026-04-23 18:18:09
LEAD-01467,Direct,Brand_Awareness,Hyderabad,Telangana,South,Tablet,Chrome,Consulting,Enterprise,Enterprise,10Cr-50Cr,6020,42,Public,10-25%,Director,Organic Search,gabriel.subramanian@johalllc.com,Existing Customer,2026-03-29 10:48:25
LEAD-01533,Direct,Brand_Awareness,Navi Mumbai,Maharashtra,West,Desktop,Firefox,SaaS,Large,Mid-Market,10Cr-50Cr,435,9,Series C+,10-25%,Associate,Organic Search,aarna.prashad@sacharllc.com,New Business,2026-01-11 20:37:50
LEAD-00465,Google,SaaS_Enterprise_Q1,Mumbai,Maharashtra,West,Mobile,Chrome,Technology,Medium,Mid-Market,1Cr-10Cr,229,8,Bootstrapped,25-50%,Manager,Display Ad,avni.bali@gmail.com,Existing Customer,2026-01-02 19:46:26
LEAD-01136,Facebook,Retargeting_General,Bangalore,Karnataka,South,Mobile,Chrome,Logistics,Medium,Startup,1Cr-10Cr,182,1,Seed,25-50%,VP,Social Media - Facebook,udyati.varughese@yahoo.com,New Business,2026-03-05 18:48:26
LEAD-00430,Google,SaaS_Enterprise_Q1,Hyderabad,Telangana,South,Mobile,Firefox,SaaS,Enterprise,Enterprise,100Cr+,9575,49,Unknown,10-25%,Executive,Organic Search,lakshmi.vohra@tandonbattaa.com,Partner,2026-03-26 18:04:43
LEAD-00639,LinkedIn,Retargeting_General,Pune,Maharashtra,West,Desktop,Firefox,Retail,Large,Mid-Market,50Cr-100Cr,910,30,Unknown,25-50%,VP,Social Media - LinkedIn,gaurang.nayak@nagarajangan.com,New Business,2026-05-14 20:26:41
LEAD-01881,Email Campaign,Q1_BFSI_Mumbai,Mumbai,Maharashtra,West,Tablet,Chrome,Education,Enterprise,Enterprise,100Cr+,9747,48,Unknown,10-25%,CXO,Email,warhi.golla@srinivasinc.com,New Business,2026-01-29 21:28:39
LEAD-00379,Google,Q1_BFSI_Mumbai,Navi Mumbai,Maharashtra,West,Desktop,Firefox,BFSI,Enterprise,Enterprise,50Cr-100Cr,3556,58,Series C+,0-10%,Analyst,Paid Search,chanchal.kar@yahoo.com,New Business,2026-02-17 08:15:39
LEAD-01289,Instagram,Brand_Awareness,Mumbai,Maharashtra,West,Desktop,Chrome,Logistics,Small,SMB,10Cr-50Cr,18,5,Series B,10-25%,Director,Social Media - Instagram,indira.dhawan@gmail.com,New Business,2026-05-19 12:50:34
LEAD-00704,LinkedIn,Brand_Awareness,Mumbai,Maharashtra,West,Tablet,Opera,Consulting,Large,Mid-Market,100Cr+,372,18,Series A,25-50%,Founder,Paid Search,abha.menon@narulaprabhu.com,New Business,2026-05-07 20:43:45
LEAD-01878,Email Campaign,Retargeting_General,Bangalore,Karnataka,South,Desktop,Edge,Retail,Small,SMB,10Cr-50Cr,41,2,Public,10-25%,Executive,Email,samuel.sathe@cherianrajaa.com,New Business,2026-03-23 15:43:57
LEAD-01994,Organic Search,Brand_Awareness,Delhi,Delhi,North,Desktop,Opera,Manufacturing,Enterprise,Enterprise,50Cr-100Cr,7131,13,Series B,0-10%,CXO,Content Marketing,kabir.ramakrishnan@ramaswamybeh.com,New Business,2026-01-01 09:06:57
LEAD-00272,Google,Q1_BFSI_Pune,Pune,Maharashtra,West,Mobile,Chrome,Real Estate,Small,SMB,1Cr-10Cr,40,2,Bootstrapped,10-25%,Senior Associate,Display Ad,raksha.sarna@gerabaraland.com,New Business,2026-01-31 21:31:55
LEAD-00079,Google,Brand_Awareness,Mumbai,Maharashtra,West,Desktop,Chrome,Education,Medium,Mid-Market,1Cr-10Cr,236,26,Unknown,25-50%,Analyst,Display Ad,zinal.yohannan@sarininc.com,Existing Customer,2026-02-08 13:05:37
LEAD-00726,LinkedIn,Brand_Awareness,,Maharashtra,West,Mobile,Safari,Logistics,Enterprise,Enterprise,100Cr+,3250,56,Series C+,Negative,Senior Manager,Social Media - LinkedIn,urvi.dua@dasguptakris.com,New Business,2026-01-04 17:06:24
LEAD-00226,Google,Brand_Awareness,Chennai,Tamil Nadu,South,Mobile,Edge,Unknown,Medium,Mid-Market,1Cr-10Cr,87,15,Bootstrapped,50%+,Analyst,Paid Search,ekanta.divan@sawhneyborah.com,New Business,2026-03-02 13:20:10
LEAD-00720,LinkedIn,Brand_Awareness,Thane,Maharashtra,West,Mobile,Chrome,BFSI,Large,Mid-Market,100Cr+,908,12,Public,10-25%,Founder,Referral,raghav.gala@suriparmer.com,Partner,2026-02-23 16:07:00
LEAD-01532,Direct,Retargeting_General,Mumbai,Maharashtra,West,Mobile,,Technology,Large,Mid-Market,50Cr-100Cr,521,6,Unknown,0-10%,Associate,Referral,hardik.nagarajan@gmail.com,Existing Customer,2026-05-19 11:34:55
LEAD-00283,Google,Retargeting_General,Delhi,Delhi,North,Mobile,Chrome,Consulting,Medium,Mid-Market,100Cr+,221,27,Bootstrapped,0-10%,Director,Paid Search,karan.puri@vyasbaradand.com,New Business,2026-05-17 12:56:54
LEAD-00864,LinkedIn,Retargeting_General,Kolkata,West Bengal,East,Desktop,Chrome,Real Estate,Enterprise,Enterprise,50Cr-100Cr,8215,47,Series C+,0-10%,Founder,Paid Search,mitali.devi@yahoo.com,Existing Customer,2026-05-22 19:14:03
LEAD-00130,Google,Q1_BFSI_Mumbai,Mumbai,Maharashtra,West,Mobile,Chrome,BFSI,Medium,Mid-Market,1Cr-10Cr,114,5,Seed,0-10%,Director,Display Ad,yagnesh.mohan@gmail.com,New Business,2026-01-18 13:19:37
LEAD-01691,Referral,Brand_Awareness,Pune,Maharashtra,West,Desktop,Safari,Technology,Large,Mid-Market,50Cr-100Cr,636,25,Series B,Negative,Owner,Referral,chatura.kothari@jhaplc.com,New Business,2026-04-29 10:14:46
LEAD-00495,Google,Brand_Awareness,,Karnataka,South,Desktop,Chrome,SaaS,Large,Mid-Market,10Cr-50Cr,330,5,Public,10-25%,Director,Organic Search,saumya.srinivas@sampathpuroh.com,New Business,2026-04-21 08:12:06
LEAD-01350,Instagram,Retargeting_General,Thane,Maharashtra,West,Desktop,Firefox,Retail,Small,SMB,1Cr-10Cr,26,8,Public,25-50%,Analyst,Content Marketing,neelima.kara@gmail.com,New Business,2026-01-21 13:37:04
LEAD-00708,LinkedIn,Brand_Awareness,Hyderabad,Telangana,South,Tablet,Chrome,Consulting,Large,Mid-Market,10Cr-50Cr,895,25,Series B,0-10%,Founder,Social Media - LinkedIn,tanvi.dhar@oommengroup.com,New Business,2026-01-31 10:25:02
LEAD-01323,Instagram,Retargeting_General,,Maharashtra,West,Mobile,Chrome,SaaS,,Mid-Market,10Cr-50Cr,216,19,Unknown,10-25%,Intern,Social Media - Instagram,manan.sha@gmail.com,New Business,2026-05-07 11:10:51
LEAD-00645,LinkedIn,Retargeting_General,Mumbai,Maharashtra,West,Mobile,Chrome,BFSI,Large,Mid-Market,1Cr-10Cr,860,22,Public,0-10%,Manager,Paid Search,chaitaly.bahri@borahbandi.com,New Business,2026-02-14 12:24:29
LEAD-01848,Email Campaign,Retargeting_General,,Telangana,South,Desktop,Firefox,Logistics,Enterprise,Enterprise,50Cr-100Cr,1973,46,Series B,0-10%,Owner,Email,varenya.bhat@nayargroup.com,Partner,2026-04-17 09:24:25
LEAD-01004,Facebook,Retargeting_General,Delhi,Delhi,North,Desktop,Chrome,Manufacturing,Small,Startup,1Cr-10Cr,26,1,Seed,10-25%,Senior Manager,Paid Search,riya.dhingra@pallaplc.com,New Business,2026-05-30 18:09:13
LEAD-01295,Instagram,Startup_Founders,Bangalore,Karnataka,South,Mobile,Chrome,Unknown,Large,Mid-Market,50Cr-100Cr,251,17,Public,25-50%,Associate,Content Marketing,liam.sathe@gmail.com,New Business,2026-05-21 11:23:03
LEAD-01318,Instagram,Retargeting_General,Mumbai,Maharashtra,West,Mobile,Chrome,Manufacturing,Small,SMB,1Cr-10Cr,25,4,Series C+,25-50%,Senior Associate,Content Marketing,jagdish.dhar@virkchada.com,Partner,2026-01-09 13:09:39
LEAD-00958,Facebook,Manufacturing_AI,Pune,Maharashtra,West,Mobile,Chrome,Manufacturing,Medium,Mid-Market,10Cr-50Cr,67,9,Series B,25-50%,Analyst,Social Media - Facebook,ansh.purohit@palansarnaan.com,New Business,2026-03-04 17:48:37
LEAD-00094,Google,Q1_BFSI_Pune,Mumbai,Maharashtra,West,Mobile,Edge,BFSI,Medium,Mid-Market,1Cr-10Cr,82,30,Series B,25-50%,Director,Display Ad,edhitha.savant@deolshetty.com,Partner,2026-02-27 14:21:11
LEAD-01306,Instagram,Brand_Awareness,Pune,Maharashtra,West,Mobile,Safari,SaaS,Small,Startup,1Cr-10Cr,42,1,Series B,10-25%,Associate,Display Ad,teerth.handa@birchaudhary.com,New Business,2026-01-23 08:49:22
LEAD-01634,Referral,Retargeting_General,Bangalore,Karnataka,South,Desktop,Safari,Education,Medium,Mid-Market,1Cr-10Cr,53,21,Seed,0-10%,CXO,Referral,umang.saini@pantnori.com,New Business,2026-03-21 15:16:01
LEAD-01229,Instagram,Brand_Awareness,Thane,Maharashtra,West,Desktop,,Manufacturing,Medium,Startup,1Cr-10Cr,176,2,Series A,0-10%,Senior Associate,Display Ad,arjun.sha@outlook.com,New Business,2026-02-26 19:40:05
LEAD-00404,Google,Q1_BFSI_Pune,Navi Mumbai,Maharashtra,West,Mobile,Edge,BFSI,Large,Mid-Market,10Cr-50Cr,463,30,Series B,10-25%,CXO,Paid Search,chakrika.pillai@gmail.com,New Business,2026-01-03 13:22:35
LEAD-01491,Direct,Brand_Awareness,Thane,Maharashtra,West,Desktop,Chrome,SaaS,Medium,Mid-Market,1Cr-10Cr,149,10,Series B,25-50%,Associate,Direct,hemani.ravel@jhasathe.com,Existing Customer,2026-01-15 16:50:18
LEAD-00105,Google,Retargeting_General,Hyderabad,Telangana,South,Mobile,Chrome,Logistics,Enterprise,Enterprise,50Cr-100Cr,5654,15,Series C+,Negative,Associate,Organic Search,gayathri.ravel@balakrishnan.com,New Business,2026-05-22 12:08:40
LEAD-01860,Email Campaign,Healthcare_Demo,Bangalore,Karnataka,South,Mobile,,SaaS,Enterprise,Enterprise,50Cr-100Cr,2475,32,Series B,10-25%,Senior Associate,Email,mitesh.bassi@somjaggiandw.com,Existing Customer,2026-03-25 10:21:33
LEAD-00339,Google,Retargeting_General,Chennai,Tamil Nadu,South,Mobile,Chrome,SaaS,Large,Mid-Market,50Cr-100Cr,711,28,Series B,0-10%,Manager,Display Ad,christopher.dash@yahoo.com,New Business,2026-04-03 13:35:35
LEAD-01641,Referral,Brand_Awareness,Pune,Maharashtra,West,Mobile,Chrome,BFSI,Medium,Startup,1Cr-10Cr,74,4,Seed,25-50%,VP,Referral,bhanumati.jha@boasegroup.com,New Business,2026-02-08 21:15:08
LEAD-01797,Email Campaign,Retargeting_General,Ahmedabad,Gujarat,West,Desktop,Chrome,Healthcare,Large,Mid-Market,50Cr-100Cr,505,24,Series B,0-10%,Manager,Email,imaran.ray@dashwali.com,New Business,2026-04-12 08:41:31
LEAD-00552,LinkedIn,Brand_Awareness,Bangalore,Karnataka,South,Mobile,Chrome,BFSI,Large,Mid-Market,10Cr-50Cr,981,30,Series A,50%+,Founder,Referral,pahal.deo@ozainc.com,New Business,2026-05-14 12:26:25
LEAD-01363,Instagram,Retargeting_General,Bangalore,Karnataka,South,Mobile,Chrome,Education,Large,Mid-Market,10Cr-50Cr,435,11,Public,10-25%,Manager,Content Marketing,rajata.sami@shettysunder.com,Existing Customer,2026-01-22 12:38:25
LEAD-00359,Google,SaaS_Enterprise_Q1,Hyderabad,Telangana,South,Mobile,Safari,Consulting,Medium,Mid-Market,10Cr-50Cr,163,28,Bootstrapped,0-10%,VP,Display Ad,abhiram.chokshi@singhalmanga.com,New Business,2026-01-18 12:57:02
LEAD-00066,Google,SaaS_Enterprise_Q1,Hyderabad,Telangana,South,Mobile,Safari,SaaS,Medium,Startup,10Cr-50Cr,186,2,Seed,Unknown,Manager,Organic Search,joshua.barman@outlook.com,New Business,2026-02-17 12:46:20
LEAD-01329,Instagram,Retargeting_General,Navi Mumbai,Maharashtra,West,Mobile,Chrome,Education,Small,SMB,1Cr-10Cr,37,15,Unknown,10-25%,Executive,Social Media - Instagram,yamini.lal@gmail.com,New Business,2026-03-24 09:29:04
LEAD-00123,Google,Brand_Awareness,Kolkata,West Bengal,East,Mobile,Chrome,Education,Enterprise,Enterprise,50Cr-100Cr,8850,23,Series B,25-50%,Director,Paid Search,gabriel.mallick@loyalnaiduan.com,New Business,2026-05-18 12:59:35
LEAD-01835,Email Campaign,Healthcare_Demo,Bangalore,Karnataka,South,Mobile,Safari,Consulting,Medium,Startup,1Cr-10Cr,172,3,Series A,10-25%,VP,Direct,vrinda.tandon@latadaniands.com,Existing Customer,2026-03-16 12:01:43
LEAD-00626,LinkedIn,Brand_Awareness,Ahmedabad,Gujarat,West,Mobile,Chrome,Retail,Large,Mid-Market,10Cr-50Cr,670,19,Series B,25-50%,Founder,Referral,indira.dhar@nadkarniparm.com,Partner,2026-02-23 16:02:29
LEAD-00049,Google,Q1_BFSI_Mumbai,Thane,Maharashtra,West,Desktop,Chrome,Consulting,Large,Mid-Market,10Cr-50Cr,625,21,Series A,25-50%,Analyst,Display Ad,dipta.bhandari@bhatltd.com,New Business,2026-03-07 21:30:51
LEAD-01776,Email Campaign,Manufacturing_AI,Pune,Maharashtra,West,Mobile,Edge,Manufacturing,Enterprise,Enterprise,100Cr+,9667,36,Series C+,Negative,Manager,Paid Search,varsha.mahal@upadhyaykara.com,New Business,2026-04-16 12:36:52
LEAD-00065,Google,Brand_Awareness,Chennai,Tamil Nadu,South,Desktop,Opera,Manufacturing,Enterprise,Enterprise,50Cr-100Cr,1475,21,Unknown,Unknown,VP,Paid Search,manthan.banik@borraltd.com,New Business,2026-03-21 13:22:00
LEAD-01607,Referral,Brand_Awareness,Mumbai,Maharashtra,West,Mobile,Chrome,Education,Large,Mid-Market,50Cr-100Cr,715,8,Series A,10-25%,Founder,Referral,chakradhar.gulati@sanghvikonda.com,Partner,2026-05-29 11:37:20
LEAD-00691,LinkedIn,SaaS_Enterprise_Q1,Delhi,Delhi,North,Mobile,Safari,Technology,Large,Mid-Market,50Cr-100Cr,348,21,Series B,10-25%,CXO,Paid Search,pallavi.puri@modymaharaj.com,New Business,2026-03-19 09:57:03
LEAD-00882,LinkedIn,Brand_Awareness,Bangalore,Karnataka,South,Mobile,Chrome,Technology,Medium,Mid-Market,1Cr-10Cr,79,27,Bootstrapped,Unknown,Senior Associate,Social Media - LinkedIn,jackson.kuruvilla@sharmabalaan.com,New Business,2026-01-31 15:56:27
LEAD-01191,Facebook,Manufacturing_AI,Ahmedabad,Gujarat,West,Mobile,Chrome,Manufacturing,Small,SMB,1Cr-10Cr,21,9,Series C+,50%+,Director,Social Media - Facebook,thomas.bhatnagar@outlook.com,New Business,2026-03-27 18:20:58
LEAD-00616,LinkedIn,Brand_Awareness,Pune,Maharashtra,West,Desktop,Firefox,Technology,Medium,Mid-Market,100Cr+,166,22,Seed,10-25%,VP,Referral,yatan.merchant@dixitbanerje.com,New Business,2026-02-05 17:55:08
LEAD-00516,LinkedIn,SaaS_Enterprise_Q1,Mumbai,Maharashtra,West,Mobile,Chrome,Technology,Medium,Mid-Market,100Cr+,128,17,Bootstrapped,10-25%,Senior Associate,Referral,chameli.chad@shankargera.com,New Business,2026-03-13 08:37:11
LEAD-00448,Google,Brand_Awareness,Navi Mumbai,Maharashtra,West,Tablet,Edge,SaaS,Medium,Mid-Market,1Cr-10Cr,99,9,Series A,10-25%,VP,Paid Search,indira.gara@swaminathans.com,New Business,2026-01-07 19:37:15
LEAD-01276,Instagram,Retargeting_General,Chennai,Tamil Nadu,South,Tablet,Safari,Manufacturing,Small,SMB,1Cr-10Cr,11,11,Seed,25-50%,Executive,Content Marketing,lakshmi.mann@devaniyengar.com,Partner,2026-01-18 20:49:16
LEAD-00837,LinkedIn,SaaS_Enterprise_Q1,Mumbai,Maharashtra,West,Mobile,Opera,SaaS,Large,Mid-Market,10Cr-50Cr,368,6,Series C+,50%+,Senior Manager,Social Media - LinkedIn,nidra.pandit@kapoorvarty.com,Existing Customer,2026-02-17 17:40:53
LEAD-01796,Email Campaign,Healthcare_Demo,Bangalore,Karnataka,South,Mobile,Chrome,Healthcare,Small,SMB,<1Cr,23,7,Series B,Negative,Owner,Direct,yug.brahmbhatt@raghavanbal.com,New Business,2026-03-26 09:20:57
LEAD-01722,Referral,Brand_Awareness,Mumbai,Maharashtra,West,Desktop,Chrome,Manufacturing,Medium,Mid-Market,1Cr-10Cr,74,10,Public,25-50%,Associate,Direct,rudra.sur@grewaldesai.com,Partner,2026-01-15 15:49:21
LEAD-01358,Instagram,Startup_Founders,Hyderabad,Telangana,South,Mobile,Safari,SaaS,Medium,Mid-Market,10Cr-50Cr,189,10,Series A,10-25%,Senior Associate,Content Marketing,manbir.khosla@patlagroup.com,Partner,2026-04-11 18:42:42
LEAD-01041,Facebook,Manufacturing_AI,Pune,Maharashtra,West,Desktop,Chrome,BFSI,Large,Mid-Market,10Cr-50Cr,980,15,Series C+,0-10%,Associate,Display Ad,lila.varty@yogirandhawa.com,Existing Customer,2026-04-15 18:39:00
LEAD-01874,Email Campaign,SaaS_Enterprise_Q1,Mumbai,Maharashtra,West,Mobile,Edge,Real Estate,Small,Startup,<1Cr,32,1,Series A,25-50%,Founder,Paid Search,jyoti.nair@daliaagarwal.com,New Business,2026-03-18 08:55:07
LEAD-00965,Facebook,Manufacturing_AI,Bangalore,Karnataka,South,Desktop,,SaaS,,Mid-Market,1Cr-10Cr,91,15,Seed,0-10%,Associate,Display Ad,lila.gupta@bhatnagaryoh.com,New Business,2026-04-17 20:46:17
LEAD-01075,Facebook,Manufacturing_AI,Kolkata,West Bengal,East,Mobile,Safari,Manufacturing,Medium,Mid-Market,1Cr-10Cr,234,7,Bootstrapped,25-50%,Manager,Paid Search,gauri.om@outlook.com,Existing Customer,2026-04-02 21:12:45
LEAD-01629,Referral,Retargeting_General,Hyderabad,Telangana,South,Mobile,Chrome,Retail,Large,Mid-Market,50Cr-100Cr,268,23,Unknown,0-10%,Intern,Direct,shaurya.som@karanltd.com,New Business,2026-04-25 20:53:30
LEAD-00969,Facebook,Manufacturing_AI,Mumbai,Maharashtra,West,Mobile,Chrome,Technology,,Mid-Market,10Cr-50Cr,202,20,Series B,25-50%,VP,Display Ad,azad.rama@handachaudha.com,New Business,2026-04-10 19:58:45
LEAD-00944,Facebook,Brand_Awareness,Chennai,Tamil Nadu,South,Desktop,Chrome,Healthcare,Enterprise,Enterprise,10Cr-50Cr,6288,18,Public,0-10%,Founder,Paid Search,amaira.ramanathan@dhingrainc.com,New Business,2026-01-08 11:36:29
LEAD-01990,Organic Search,Brand_Awareness,Navi Mumbai,Maharashtra,West,Mobile,Chrome,Real Estate,Large,Mid-Market,100Cr+,988,26,Series A,10-25%,Senior Associate,Organic Search,oeshi.khurana@outlook.com,New Business,2026-05-09 12:08:24
LEAD-00316,Google,Q1_BFSI_Pune,Pune,Maharashtra,West,Desktop,Chrome,Real Estate,Small,SMB,<1Cr,33,12,Seed,25-50%,Director,Organic Search,fitan.samra@venkataraman.com,Existing Customer,2026-01-12 15:57:39
LEAD-00493,Google,Retargeting_General,Mumbai,Maharashtra,West,Mobile,Safari,SaaS,Medium,Startup,1Cr-10Cr,84,1,Bootstrapped,Negative,Manager,Organic Search,nilima.tata@outlook.com,New Business,2026-03-21 19:23:08
LEAD-00642,LinkedIn,Brand_Awareness,Pune,Maharashtra,West,Mobile,,Technology,Large,Mid-Market,100Cr+,857,22,Series C+,0-10%,VP,Paid Search,oni.ganesan@rajugroup.com,New Business,2026-02-22 11:32:05
LEAD-01880,Email Campaign,Healthcare_Demo,Bangalore,Karnataka,South,Mobile,Chrome,Retail,Medium,Mid-Market,10Cr-50Cr,217,27,Series B,0-10%,Senior Manager,Direct,radha.pillay@sehgalandson.com,New Business,2026-03-24 21:03:12
LEAD-00614,LinkedIn,Brand_Awareness,Bangalore,Karnataka,South,Mobile,Safari,Retail,Enterprise,Enterprise,100Cr+,7617,35,Unknown,10-25%,Founder,Paid Search,pooja.gera@gmail.com,New Business,2026-01-04 15:41:32
LEAD-00803,LinkedIn,SaaS_Enterprise_Q1,Bangalore,Karnataka,South,Desktop,Safari,SaaS,Medium,Mid-Market,1Cr-10Cr,179,18,Series B,25-50%,Founder,Paid Search,diya.badal@ravelsant.com,New Business,2026-02-17 09:03:41
LEAD-01774,Email Campaign,Q1_BFSI_Mumbai,Thane,Maharashtra,West,Mobile,Chrome,BFSI,Large,Mid-Market,10Cr-50Cr,701,30,Public,Negative,Manager,Paid Search,jhalak.apte@rajamaharaja.com,New Business,2026-01-16 21:25:52
LEAD-00443,Google,Q1_BFSI_Mumbai,Mumbai,Maharashtra,West,Mobile,Chrome,BFSI,Medium,Mid-Market,1Cr-10Cr,96,25,Seed,50%+,VP,Display Ad,samar.prabhakar@singhllc.com,Partner,2026-01-28 11:39:41
LEAD-01013,Facebook,Brand_Awareness,Mumbai,Maharashtra,West,Mobile,Chrome,Technology,Medium,Startup,-1,135,1,Series A,50%+,VP,Display Ad,anika.parsa@anandbhavsar.com,New Business,2026-04-16 20:01:46
LEAD-00853,LinkedIn,SaaS_Enterprise_Q1,Bangalore,Karnataka,South,Mobile,Chrome,Technology,Large,Mid-Market,10Cr-50Cr,973,24,Series A,50%+,Owner,Referral,kalpit.zacharia@dalalchander.com,New Business,2026-01-18 21:33:14
LEAD-01988,Organic Search,Retargeting_General,Mumbai,Maharashtra,West,Mobile,,Consulting,Small,SMB,<1Cr,26,14,Unknown,10-25%,Manager,Organic Search,nitara.randhawa@outlook.com,New Business,2026-01-04 14:12:26
LEAD-01227,Instagram,Startup_Founders,Mumbai,Maharashtra,West,Mobile,Edge,Technology,Small,Startup,<1Cr,45,5,Seed,10-25%,Associate,Social Media - Instagram,kevin.parmer@outlook.com,New Business,2026-05-01 14:58:41
LEAD-01121,Facebook,Retargeting_General,Mumbai,Maharashtra,West,Mobile,Safari,Consulting,Medium,Mid-Market,1Cr-10Cr,55,5,Series B,25-50%,Manager,Display Ad,gaurav.anand@gmail.com,New Business,2026-02-23 10:52:49
LEAD-00724,LinkedIn,SaaS_Enterprise_Q1,Mumbai,Maharashtra,West,Desktop,Chrome,Technology,Enterprise,Enterprise,100Cr+,2536,41,Public,50%+,Owner,Referral,chanakya.chokshi@gmail.com,New Business,2026-02-15 11:36:31
LEAD-00469,Google,SaaS_Enterprise_Q1,Bangalore,Karnataka,South,Mobile,Edge,SaaS,Medium,Mid-Market,10Cr-50Cr,95,25,Series B,0-10%,Senior Associate,Organic Search,chatresh.chaudhari@brartellaand.com,New Business,2026-01-27 10:21:15
LEAD-01151,Facebook,Brand_Awareness,Pune,Maharashtra,West,Mobile,Safari,Retail,Large,Mid-Market,50Cr-100Cr,378,8,Public,10-25%,Analyst,Social Media - Facebook,jack.ben@gmail.com,Existing Customer,2026-04-15 11:15:29
LEAD-00608,LinkedIn,SaaS_Enterprise_Q1,Delhi,Delhi,North,Mobile,Safari,Technology,Enterprise,Enterprise,100Cr+,8607,21,Series B,Unknown,Founder,Paid Search,harsh.dey@krishchandra.com,New Business,2026-03-03 19:31:30
LEAD-01221,Instagram,Startup_Founders,Pune,Maharashtra,West,Mobile,Chrome,Manufacturing,Medium,Mid-Market,1Cr-10Cr,160,27,Bootstrapped,25-50%,Executive,Content Marketing,turvi.mallick@outlook.com,New Business,2026-05-06 19:10:01
LEAD-01038,Facebook,Brand_Awareness,Kolkata,West Bengal,East,Mobile,Firefox,Retail,Medium,Mid-Market,1Cr-10Cr,207,17,Seed,25-50%,Senior Manager,Social Media - Facebook,lajita.munshi@ravelbarman.com,Partner,2026-03-15 20:43:44
LEAD-01927,Organic Search,SaaS_Enterprise_Q1,Ahmedabad,Gujarat,West,Mobile,Safari,SaaS,Medium,Mid-Market,10Cr-50Cr,162,20,Bootstrapped,0-10%,Senior Associate,Content Marketing,manya.gour@bhallakanda.com,New Business,2026-02-02 16:05:06
LEAD-01827,Email Campaign,Manufacturing_AI,Thane,Maharashtra,West,Desktop,Chrome,Manufacturing,Large,Mid-Market,100Cr+,655,30,Series A,25-50%,Executive,Email,vinaya.amble@duberoyandda.com,New Business,2026-04-21 21:37:41
LEAD-01053,Facebook,Manufacturing_AI,Mumbai,Maharashtra,West,Tablet,Chrome,Real Estate,Medium,Mid-Market,10Cr-50Cr,242,12,Seed,10-25%,Analyst,Display Ad,dayamai.sehgal@gmail.com,New Business,2026-03-17 18:29:30
LEAD-00725,LinkedIn,Retargeting_General,Hyderabad,Telangana,South,Desktop,Chrome,Technology,,Enterprise,100Cr+,7459,53,Series C+,50%+,CXO,Referral,omaja.sawhney@bahribavaand.com,Existing Customer,2026-01-18 10:04:27
LEAD-00858,LinkedIn,Brand_Awareness,Mumbai,Maharashtra,West,Mobile,Firefox,Technology,Enterprise,Enterprise,100Cr+,1936,16,Public,25-50%,Senior Associate,Referral,abdul.amble@regekurianan.com,New Business,2026-03-15 21:34:29
LEAD-01977,Organic Search,Brand_Awareness,Ahmedabad,Gujarat,West,Desktop,Chrome,Real Estate,Large,Mid-Market,50Cr-100Cr,799,27,Public,10-25%,Intern,Content Marketing,ijaya.kadakia@yahoo.com,Partner,2026-05-06 18:35:12
LEAD-01565,Direct,Brand_Awareness,Mumbai,Maharashtra,West,Mobile,Chrome,Consulting,Large,Mid-Market,10Cr-50Cr,996,7,Unknown,Unknown,Manager,Organic Search,unnati.tandon@gmail.com,New Business,2026-03-25 19:48:47
LEAD-01500,Direct,Brand_Awareness,Pune,Maharashtra,West,Mobile,Firefox,Logistics,Medium,Mid-Market,1Cr-10Cr,199,25,Bootstrapped,25-50%,Senior Associate,Referral,chandani.mane@wallakaurand.com,Existing Customer,2026-03-01 09:09:02
LEAD-01241,Instagram,Startup_Founders,Navi Mumbai,Maharashtra,West,Mobile,Chrome,Education,Medium,Mid-Market,1Cr-10Cr,84,16,Seed,Unknown,Executive,Social Media - Instagram,siya.pillai@yahoo.com,New Business,2026-04-21 11:06:19
LEAD-00575,LinkedIn,Retargeting_General,Bangalore,Karnataka,South,Mobile,,Education,Enterprise,Enterprise,50Cr-100Cr,8307,15,Public,0-10%,Founder,Social Media - LinkedIn,zansi.lad@tanejallc.com,Existing Customer,2026-05-09 11:50:09
LEAD-01986,Organic Search,Brand_Awareness,Thane,Maharashtra,West,Desktop,Safari,Logistics,Medium,Mid-Market,1Cr-10Cr,218,6,Public,Negative,Manager,Organic Search,siddharth.kapoor@balimannands.com,New Business,2026-02-22 11:41:39
LEAD-01930,Organic Search,Retargeting_General,Bangalore,Karnataka,South,Mobile,Firefox,Manufacturing,,Enterprise,100Cr+,3555,13,Series C+,Negative,Manager,Direct,hemang.brahmbhatt@outlook.com,Existing Customer,2026-02-20 09:27:03
LEAD-00521,LinkedIn,Brand_Awareness,Thane,Maharashtra,West,Mobile,Chrome,SaaS,Enterprise,Enterprise,50Cr-100Cr,4338,28,Series C+,10-25%,Senior Manager,Referral,rachit.murty@manidey.com,Partner,2026-02-13 19:32:52
LEAD-00449,Google,Retargeting_General,Pune,Maharashtra,West,Mobile,Firefox,Real Estate,Large,Mid-Market,<1Cr,797,30,Series B,0-10%,Associate,Organic Search,daniel.viswanathan@sureshandson.com,New Business,2026-01-05 08:21:03
LEAD-00764,LinkedIn,Retargeting_General,Navi Mumbai,Maharashtra,West,Mobile,Chrome,Retail,Enterprise,Enterprise,50Cr-100Cr,1233,19,Public,10-25%,VP,Referral,shravya.shankar@batradasgupt.com,New Business,2026-02-07 15:55:20
LEAD-00519,LinkedIn,Retargeting_General,Mumbai,Maharashtra,West,Mobile,Chrome,Education,Enterprise,Enterprise,10Cr-50Cr,3479,45,Public,0-10%,VP,Social Media - LinkedIn,leela.sampath@sahotadevi.com,Partner,2026-04-23 08:12:09
LEAD-01825,Email Campaign,SaaS_Enterprise_Q1,Delhi,Delhi,North,Mobile,Edge,Logistics,Small,Startup,<1Cr,12,2,Seed,0-10%,Associate,Paid Search,aditya.chaudhuri@grewalrattia.com,Existing Customer,2026-01-31 11:12:54
LEAD-01728,Referral,Brand_Awareness,Navi Mumbai,Maharashtra,West,Mobile,Chrome,Technology,Large,Mid-Market,50Cr-100Cr,527,6,Series A,50%+,CXO,Direct,aditya.bhat@sundaramchau.com,Existing Customer,2026-01-28 09:22:44
LEAD-01585,Direct,Brand_Awareness,Thane,Maharashtra,West,Mobile,Safari,Education,Large,Mid-Market,50Cr-100Cr,740,9,Series C+,25-50%,Director,Direct,darpan.datta@gmail.com,Existing Customer,2026-04-19 20:11:11
LEAD-01705,Referral,Brand_Awareness,Mumbai,Maharashtra,West,Desktop,Safari,SaaS,Large,Mid-Market,50Cr-100Cr,754,8,Series C+,10-25%,Manager,Email,mohammed.gupta@singhandsons.com,New Business,2026-01-15 20:18:10
LEAD-01437,Direct,Brand_Awareness,Bangalore,Karnataka,South,Desktop,Chrome,Consulting,Small,SMB,1Cr-10Cr,35,9,Bootstrapped,50%+,CXO,Referral,upadhriti.sarkar@vohrachackoa.com,New Business,2026-05-25 21:11:05
LEAD-00780,LinkedIn,Retargeting_General,Pune,Maharashtra,West,Mobile,Safari,Technology,Medium,Mid-Market,,175,25,Seed,Negative,Senior Associate,Paid Search,zayan.jain@munshibhagat.com,Existing Customer,2026-04-18 14:56:20
LEAD-01703,Referral,Brand_Awareness,Mumbai,Maharashtra,West,Mobile,Safari,BFSI,Medium,Mid-Market,1Cr-10Cr,185,13,Public,25-50%,Owner,Referral,damini.setty@raisheth.com,New Business,2026-02-16 15:13:55
LEAD-01973,Organic Search,SaaS_Enterprise_Q1,Mumbai,Maharashtra,West,Mobile,Chrome,Technology,Small,SMB,1Cr-10Cr,14,7,Public,25-50%,Owner,Organic Search,manbir.tata@doragroup.com,New Business,2026-03-04 09:34:22
LEAD-01677,Referral,Retargeting_General,,Maharashtra,West,Mobile,Chrome,Unknown,Medium,Mid-Market,1Cr-10Cr,157,8,Bootstrapped,25-50%,Senior Manager,Direct,simon.shanker@muttiaroraan.com,Existing Customer,2026-05-22 19:32:07
LEAD-01528,Direct,Brand_Awareness,Hyderabad,Telangana,South,Mobile,Chrome,BFSI,Large,Mid-Market,10Cr-50Cr,846,22,Unknown,10-25%,VP,Referral,gavin.contractor@nadigrajaand.com,New Business,2026-05-05 10:15:01
LEAD-00753,LinkedIn,Retargeting_General,Mumbai,Maharashtra,West,Mobile,Chrome,Consulting,,Enterprise,50Cr-100Cr,8549,26,Series C+,0-10%,Associate,Social Media - LinkedIn,gaurang.tara@sawhneysem.com,New Business,2026-03-07 20:56:28
LEAD-01224,Instagram,Startup_Founders,Bangalore,Karnataka,South,Mobile,Safari,Technology,Small,SMB,<1Cr,7,3,Bootstrapped,25-50%,Executive,Social Media - Instagram,upma.thaman@basubaria.com,New Business,2026-04-10 14:06:27
LEAD-00801,LinkedIn,SaaS_Enterprise_Q1,Delhi,Delhi,North,Mobile,Chrome,SaaS,Medium,Mid-Market,10Cr-50Cr,250,17,Series A,10-25%,Founder,Social Media - LinkedIn,pranav.krishnamurthy@borahinc.com,Existing Customer,2026-03-29 12:55:36
LEAD-00625,LinkedIn,Brand_Awareness,Kolkata,West Bengal,East,Mobile,Chrome,Logistics,Large,Mid-Market,10Cr-50Cr,549,26,Unknown,10-25%,Director,Paid Search,patrick.khalsa@ramapantandg.com,New Business,2026-02-25 15:26:48
LEAD-00568,LinkedIn,Brand_Awareness,Chennai,Tamil Nadu,South,Desktop,Chrome,SaaS,Enterprise,Enterprise,50Cr-100Cr,1407,46,Unknown,0-10%,Founder,Social Media - LinkedIn,neelima.butala@thakersagara.com,New Business,2026-03-21 16:41:07
LEAD-00189,Google,Q1_BFSI_Mumbai,Hyderabad,Telangana,South,Tablet,,BFSI,Medium,Mid-Market,1Cr-10Cr,160,11,Series B,Negative,VP,Organic Search,triya.kumar@gmail.com,New Business,2026-03-19 10:55:59
LEAD-01635,Referral,Retargeting_General,Mumbai,Maharashtra,West,Desktop,Chrome,BFSI,Large,Mid-Market,10Cr-50Cr,363,23,Series A,0-10%,Director,Direct,chandani.nanda@ravalyogi.com,Partner,2026-03-16 17:54:36
LEAD-00669,LinkedIn,Brand_Awareness,Pune,Maharashtra,West,Mobile,Chrome,Retail,Enterprise,Enterprise,50Cr-100Cr,3070,43,Series C+,0-10%,Founder,Paid Search,mason.divan@chowdhurysac.com,New Business,2026-02-26 09:25:00
LEAD-01430,Direct,Retargeting_General,Mumbai,Maharashtra,West,Mobile,Chrome,Education,Medium,Mid-Market,1Cr-10Cr,191,6,Bootstrapped,25-50%,Manager,Referral,jai.misra@manedube.com,New Business,2026-04-10 19:28:30
LEAD-00591,LinkedIn,SaaS_Enterprise_Q1,Bangalore,Karnataka,South,Mobile,Brave,Technology,Large,Mid-Market,10Cr-50Cr,783,30,Unknown,0-10%,Analyst,Referral,arjun.kaul@ahujagroup.com,Existing Customer,2026-03-21 15:48:06
LEAD-01793,Email Campaign,Retargeting_General,Bangalore,Karnataka,South,Desktop,Chrome,Consulting,Medium,Startup,10Cr-50Cr,120,4,Series B,25-50%,Manager,Direct,pavani.dhar@gmail.com,New Business,2026-04-24 19:34:26
LEAD-00490,Google,Q1_BFSI_Pune,Thane,Maharashtra,West,Mobile,Chrome,BFSI,Large,Mid-Market,10Cr-50Cr,347,24,Series B,25-50%,Senior Associate,Display Ad,xavier.nanda@manneswamina.com,Partner,2026-02-25 13:52:54
LEAD-00745,LinkedIn,Retargeting_General,Mumbai,Maharashtra,West,Mobile,Chrome,Healthcare,Medium,Mid-Market,10Cr-50Cr,77,7,Unknown,25-50%,Director,Social Media - LinkedIn,nisha.sastry@surachowdhur.com,Existing Customer,2026-03-27 08:15:18
LEAD-00925,Facebook,Manufacturing_AI,Kolkata,West Bengal,East,Desktop,Chrome,Retail,Large,Mid-Market,10Cr-50Cr,795,29,Series A,Negative,Senior Manager,Paid Search,peter.shan@gmail.com,New Business,2026-02-01 13:59:45
LEAD-01176,Facebook,Brand_Awareness,Hyderabad,Telangana,South,Mobile,,Unknown,Large,Mid-Market,50Cr-100Cr,601,24,Series B,25-50%,Director,Paid Search,upkaar.aggarwal@ravalboase.com,New Business,2026-04-06 21:30:16
LEAD-00532,LinkedIn,Retargeting_General,,Maharashtra,West,Mobile,Chrome,Real Estate,Large,Mid-Market,50Cr-100Cr,937,19,Series A,50%+,Analyst,Social Media - LinkedIn,liam.jhaveri@panchalsangh.com,New Business,2026-03-09 13:58:55
LEAD-01346,Instagram,Brand_Awareness,Mumbai,Maharashtra,West,Mobile,Chrome,Logistics,Small,Startup,1Cr-10Cr,7,3,Seed,10-25%,Senior Manager,Content Marketing,harish.jha@yahoo.com,New Business,2026-02-07 17:01:55
LEAD-00868,LinkedIn,Retargeting_General,Hyderabad,Telangana,South,Mobile,Chrome,Consulting,Large,Mid-Market,10Cr-50Cr,284,26,Public,0-10%,CXO,Referral,radhika.chakrabarti@gmail.com,New Business,2026-04-08 20:41:05
LEAD-00789,LinkedIn,Retargeting_General,Kolkata,West Bengal,East,Desktop,Safari,Healthcare,Enterprise,Enterprise,100Cr+,9639,23,Series B,10-25%,Owner,Referral,netra.chanda@sagarplc.com,New Business,2026-03-13 19:38:56
LEAD-00354,Google,SaaS_Enterprise_Q1,Navi Mumbai,Maharashtra,West,Desktop,Chrome,Technology,Enterprise,Enterprise,50Cr-100Cr,5098,34,Public,Negative,Senior Manager,Paid Search,falak.munshi@sahotakothar.com,New Business,2026-02-01 14:49:28
LEAD-01870,Email Campaign,SaaS_Enterprise_Q1,Delhi,Delhi,North,Desktop,Chrome,Logistics,Enterprise,Enterprise,50Cr-100Cr,4443,39,Unknown,Negative,VP,Direct,thomas.minhas@vohraladandm.com,New Business,2026-02-11 15:38:03
LEAD-00279,Google,Q1_BFSI_Mumbai,Mumbai,Maharashtra,West,Mobile,Opera,Real Estate,Small,Startup,10Cr-50Cr,32,1,Series A,Negative,Senior Associate,Organic Search,janaki.badami@gmail.com,New Business,2026-01-28 21:37:30
LEAD-00041,Google,SaaS_Enterprise_Q1,Bangalore,Karnataka,South,Mobile,Firefox,Real Estate,Medium,Mid-Market,10Cr-50Cr,132,25,Bootstrapped,0-10%,Senior Associate,Organic Search,rehaan.gupta@norichopraan.com,New Business,2026-03-11 08:39:04
LEAD-00401,Google,Q1_BFSI_Pune,Mumbai,Maharashtra,West,Desktop,,BFSI,Small,SMB,<1Cr,25,15,Series B,50%+,Director,Display Ad,forum.mittal@sekhonllc.com,Existing Customer,2026-01-17 12:30:08
LEAD-01999,Organic Search,Retargeting_General,Pune,Maharashtra,West,Desktop,,Manufacturing,Large,Mid-Market,50Cr-100Cr,712,22,Public,10-25%,Associate,Organic Search,ayaan.brar@outlook.com,New Business,2026-01-24 17:02:09
LEAD-01299,Instagram,Retargeting_General,Delhi,Delhi,North,Mobile,Chrome,Technology,Medium,Mid-Market,10Cr-50Cr,226,26,Series C+,0-10%,Senior Associate,Social Media - Instagram,anirudh.sule@yahoo.com,New Business,2026-02-17 16:48:21
LEAD-01983,Organic Search,SaaS_Enterprise_Q1,Thane,Maharashtra,West,Mobile,Chrome,SaaS,Medium,Mid-Market,10Cr-50Cr,247,9,Seed,Negative,Senior Associate,Organic Search,rajeshri.mander@outlook.com,New Business,2026-05-07 10:38:14
LEAD-00345,Google,SaaS_Enterprise_Q1,Mumbai,Maharashtra,West,Mobile,Chrome,Consulting,Medium,Mid-Market,1Cr-10Cr,218,17,Public,25-50%,Manager,Paid Search,alka.kade@bathltd.com,New Business,2026-02-26 18:08:08
LEAD-01649,Referral,Retargeting_General,Kolkata,West Bengal,East,Mobile,Safari,BFSI,Enterprise,Enterprise,50Cr-100Cr,9307,19,Series C+,0-10%,Manager,Direct,yatin.vora@bhattrastogi.com,New Business,2026-02-26 16:28:38
LEAD-01752,Referral,Retargeting_General,Delhi,Delhi,North,Mobile,Chrome,Technology,Medium,Mid-Market,1Cr-10Cr,196,6,Bootstrapped,10-25%,Director,Email,deepa.bhatia@raiagarwal.com,New Business,2026-04-30 10:12:33
LEAD-01149,Facebook,Brand_Awareness,Mumbai,Maharashtra,West,Mobile,Chrome,Retail,Medium,Mid-Market,1Cr-10Cr,235,13,Seed,10-25%,Analyst,Paid Search,nitara.rajagopal@yahoo.com,New Business,2026-03-03 11:14:39
LEAD-00244,Google,Brand_Awareness,Thane,Maharashtra,West,Mobile,Chrome,Healthcare,Medium,Mid-Market,1Cr-10Cr,114,6,Series C+,Unknown,VP,Display Ad,devika.nair@dugarpingle.com,New Business,2026-04-03 19:12:17
LEAD-00432,Google,Retargeting_General,Mumbai,Maharashtra,West,Mobile,Chrome,Technology,Medium,Mid-Market,10Cr-50Cr,66,25,Seed,10-25%,Analyst,Organic Search,urvashi.khosla@outlook.com,New Business,2026-02-13 17:03:42
LEAD-01472,Direct,Brand_Awareness,Thane,Maharashtra,West,Mobile,,Logistics,Small,SMB,<1Cr,36,6,Unknown,25-50%,Manager,Direct,ishaan.karan@nazarethgrou.com,New Business,2026-02-23 13:52:42
LEAD-01886,Email Campaign,Q1_BFSI_Mumbai,Navi Mumbai,Maharashtra,West,Mobile,Firefox,Real Estate,Medium,Mid-Market,10Cr-50Cr,68,22,Unknown,Negative,Director,Direct,laksh.arora@rauchaudhrya.com,New Business,2026-01-16 17:27:51
LEAD-00388,Google,Q1_BFSI_Pune,Mumbai,Maharashtra,West,Mobile,Chrome,Education,Large,Mid-Market,50Cr-100Cr,674,18,Series C+,0-10%,Manager,Organic Search,nakul.ray@devaninc.com,New Business,2026-01-13 09:08:11
LEAD-00466,Google,Retargeting_General,Mumbai,Maharashtra,West,Mobile,Edge,Manufacturing,Medium,Mid-Market,1Cr-10Cr,168,23,Unknown,0-10%,Analyst,Organic Search,sarthak.dhawan@murtyinc.com,New Business,2026-01-07 15:29:49
LEAD-00332,Google,SaaS_Enterprise_Q1,Mumbai,Maharashtra,West,Desktop,Chrome,Logistics,Large,Mid-Market,10Cr-50Cr,462,12,Series B,50%+,CXO,Paid Search,owen.pathak@mannanmitala.com,Existing Customer,2026-04-02 10:49:06
LEAD-00372,Google,Q1_BFSI_Pune,Thane,Maharashtra,West,Desktop,Chrome,Unknown,Large,Mid-Market,10Cr-50Cr,991,15,Series B,10-25%,Associate,Organic Search,lajita.divan@gmail.com,Existing Customer,2026-02-22 19:44:36
LEAD-00306,Google,Retargeting_General,Delhi,Delhi,North,Mobile,Firefox,Consulting,Large,Mid-Market,50Cr-100Cr,403,16,Series B,0-10%,Senior Manager,Organic Search,ishanvi.bir@kulkarnibabu.com,Partner,2026-05-31 19:54:18
LEAD-00706,LinkedIn,SaaS_Enterprise_Q1,Delhi,Delhi,North,Mobile,Chrome,Consulting,Enterprise,Enterprise,10Cr-50Cr,1132,37,Unknown,25-50%,Director,Social Media - LinkedIn,jagdish.raj@hayertella.com,New Business,2026-02-24 11:39:09
LEAD-01231,Instagram,Startup_Founders,Mumbai,Maharashtra,West,Mobile,Chrome,Logistics,Small,SMB,1Cr-10Cr,47,2,Seed,50%+,Senior Manager,Social Media - Instagram,lekha.natarajan@shettyagarwa.com,New Business,2026-05-22 18:37:05
LEAD-01715,Referral,Retargeting_General,Hyderabad,Telangana,South,Mobile,Chrome,Manufacturing,Enterprise,Enterprise,50Cr-100Cr,7122,11,Series B,Negative,Executive,Referral,zarna.gulati@rajagopalanr.com,New Business,2026-01-01 16:54:34
LEAD-00048,Google,Brand_Awareness,Hyderabad,Telangana,South,Desktop,Chrome,BFSI,Medium,Mid-Market,1Cr-10Cr,163,6,Public,10-25%,Manager,Display Ad,chaman.kalla@surdubeyandg.com,Partner,2026-02-03 09:58:18
LEAD-01439,Direct,Brand_Awareness,Mumbai,Maharashtra,West,Mobile,Safari,Unknown,Enterprise,Enterprise,50Cr-100Cr,8592,11,Public,25-50%,CXO,Organic Search,prisha.merchant@mitalkothari.com,Existing Customer,2026-02-02 08:58:28
LEAD-00351,Google,Retargeting_General,Mumbai,Maharashtra,West,Mobile,Chrome,Manufacturing,Medium,Startup,100Cr+,167,5,Series B,10-25%,Founder,Organic Search,eiravati.khurana@varmacherian.com,Existing Customer,2026-05-06 11:20:01
LEAD-00564,LinkedIn,Brand_Awareness,Thane,Maharashtra,West,Desktop,Firefox,Technology,Large,Mid-Market,50Cr-100Cr,561,14,Series B,0-10%,Associate,Paid Search,kevin.ram@arorapatelan.com,New Business,2026-02-06 10:50:37
LEAD-01011,Facebook,Brand_Awareness,Ahmedabad,Gujarat,West,Tablet,Chrome,SaaS,Small,SMB,<1Cr,8,14,Public,0-10%,Senior Manager,Paid Search,onkar.bhasin@yahoo.com,New Business,2026-05-29 18:45:57
LEAD-00074,Google,Q1_BFSI_Pune,Mumbai,Maharashtra,West,Mobile,Safari,SaaS,Medium,Mid-Market,10Cr-50Cr,215,25,Series A,0-10%,Analyst,Display Ad,arya.panchal@mallickboase.com,New Business,2026-02-10 13:09:28
LEAD-01282,Instagram,Startup_Founders,Mumbai,Maharashtra,West,Desktop,Firefox,Technology,Small,SMB,<1Cr,48,14,Seed,0-10%,VP,Content Marketing,vamakshi.dar@yahoo.com,New Business,2026-01-20 08:53:10
LEAD-01602,Referral,Retargeting_General,Hyderabad,Telangana,South,Desktop,Firefox,Consulting,Enterprise,Enterprise,50Cr-100Cr,1698,52,Unknown,0-10%,Founder,Referral,laksh.raghavan@chaudhuribai.com,Partner,2026-05-11 11:30:31
LEAD-01039,Facebook,Brand_Awareness,Kolkata,West Bengal,East,Mobile,Chrome,Consulting,Small,SMB,<1Cr,37,10,Unknown,Unknown,Associate,Display Ad,balvan.verma@yadavvohra.com,New Business,2026-03-22 19:03:34
LEAD-00131,Google,Retargeting_General,,Maharashtra,West,Mobile,Safari,SaaS,Medium,Mid-Market,1Cr-10Cr,91,17,Bootstrapped,Unknown,Executive,Display Ad,hemangini.sandal@yahoo.com,New Business,2026-03-21 19:07:40
LEAD-01719,Referral,Brand_Awareness,Bangalore,Karnataka,South,Desktop,Chrome,Retail,Enterprise,Enterprise,50Cr-100Cr,6430,32,Unknown,50%+,Executive,Direct,om.swamy@raomoraranda.com,New Business,2026-01-16 09:39:56
LEAD-01518,Direct,Retargeting_General,Hyderabad,Telangana,South,Desktop,Chrome,Retail,Medium,Mid-Market,10Cr-50Cr,99,13,Public,25-50%,Senior Manager,Referral,kevin.devi@purohitsoman.com,New Business,2026-04-12 14:14:05
LEAD-00697,LinkedIn,Brand_Awareness,Hyderabad,Telangana,South,Desktop,Chrome,Technology,Enterprise,Enterprise,50Cr-100Cr,9578,24,Series C+,Negative,Founder,Social Media - LinkedIn,netra.nagarajan@bhandariplc.com,New Business,2026-04-04 21:08:32
LEAD-01962,Organic Search,Retargeting_General,Delhi,Delhi,North,Desktop,Chrome,SaaS,Large,Mid-Market,10Cr-50Cr,748,14,Series C+,0-10%,Manager,Content Marketing,madhav.kala@dugalgroup.com,New Business,2026-02-05 21:08:01
LEAD-00209,Google,Q1_BFSI_Pune,Mumbai,Maharashtra,West,Mobile,Safari,BFSI,Medium,Mid-Market,10Cr-50Cr,84,12,Series A,0-10%,Senior Manager,Display Ad,krishna.rama@keerplc.com,New Business,2026-04-11 19:53:47
LEAD-00253,Google,Q1_BFSI_Mumbai,Mumbai,Maharashtra,West,Desktop,Firefox,Technology,Medium,Mid-Market,1Cr-10Cr,218,7,Public,10-25%,Associate,Display Ad,victor.tella@raiplc.com,New Business,2026-01-20 14:50:56
LEAD-00037,Google,Q1_BFSI_Mumbai,Bangalore,Karnataka,South,Mobile,Chrome,BFSI,Large,Mid-Market,10Cr-50Cr,852,23,Series A,Negative,Associate,Organic Search,kevin.solanki@sunderkalaan.com,New Business,2026-01-10 15:34:30
LEAD-01736,Referral,Retargeting_General,Navi Mumbai,Maharashtra,West,Mobile,,Healthcare,Enterprise,Enterprise,50Cr-100Cr,6225,57,Series C+,0-10%,VP,Referral,yutika.sachdev@sethsoman.com,Existing Customer,2026-05-30 14:10:35
LEAD-01208,Instagram,Startup_Founders,Hyderabad,Telangana,South,Mobile,Chrome,SaaS,Small,Startup,1Cr-10Cr,42,1,Series A,25-50%,Executive,Content Marketing,hemang.ben@yahoo.com,New Business,2026-04-27 14:42:33
LEAD-01605,Referral,Retargeting_General,Delhi,Delhi,North,Desktop,Safari,Manufacturing,Large,Mid-Market,50Cr-100Cr,670,13,Series A,25-50%,CXO,Email,maanas.de@sarafbhattac.com,New Business,2026-04-06 09:02:12
LEAD-00035,Google,SaaS_Enterprise_Q1,Pune,Maharashtra,West,Mobile,Chrome,SaaS,Enterprise,Enterprise,100Cr+,8561,17,Public,Negative,Manager,Display Ad,ekansh.balay@bhargavaands.com,New Business,2026-02-07 16:45:17
LEAD-00478,Google,Q1_BFSI_Pune,Hyderabad,Telangana,South,Mobile,Chrome,BFSI,Medium,Mid-Market,1Cr-10Cr,154,20,Unknown,50%+,Founder,Organic Search,nikita.chauhan@senvala.com,New Business,2026-03-23 10:00:47
LEAD-01283,Instagram,Retargeting_General,Navi Mumbai,Maharashtra,West,Mobile,Safari,Healthcare,Medium,Mid-Market,1Cr-10Cr,158,10,Seed,10-25%,Executive,Content Marketing,aashi.gaba@outlook.com,Partner,2026-03-29 19:53:31
LEAD-01522,Direct,Brand_Awareness,Ahmedabad,Gujarat,West,Desktop,Safari,SaaS,Medium,Mid-Market,1Cr-10Cr,175,19,Seed,25-50%,Senior Manager,Direct,dayamai.dasgupta@yahoo.com,Partner,2026-01-17 15:16:12
LEAD-00949,Facebook,Manufacturing_AI,Kolkata,West Bengal,East,Tablet,,Manufacturing,Small,SMB,1Cr-10Cr,45,3,Bootstrapped,25-50%,Executive,Display Ad,brijesh.verma@muninaiduand.com,New Business,2026-03-04 20:16:21
LEAD-01310,Instagram,Brand_Awareness,Thane,Maharashtra,West,Mobile,Safari,Consulting,Medium,Mid-Market,10Cr-50Cr,132,30,Public,Negative,Executive,Social Media - Instagram,yoshita.kari@outlook.com,New Business,2026-03-15 10:32:08
LEAD-00716,LinkedIn,Retargeting_General,Pune,Maharashtra,West,Mobile,,Education,Large,Mid-Market,50Cr-100Cr,787,21,Series A,0-10%,Manager,Social Media - LinkedIn,devika.dayal@yahoo.com,Partner,2026-02-12 17:17:44
LEAD-01007,Facebook,Retargeting_General,Chennai,Tamil Nadu,South,Desktop,Chrome,Logistics,Medium,Mid-Market,50Cr-100Cr,245,14,Bootstrapped,10-25%,Owner,Social Media - Facebook,hemal.choudhry@yahoo.com,New Business,2026-01-27 09:46:38
LEAD-01150,Facebook,Retargeting_General,Bangalore,Karnataka,South,Desktop,Safari,Logistics,,SMB,<1Cr,49,5,Unknown,0-10%,Manager,Social Media - Facebook,oliver.kade@sarrafltd.com,Partner,2026-04-09 11:34:39
LEAD-01794,Email Campaign,Manufacturing_AI,Pune,Maharashtra,West,Mobile,Chrome,Healthcare,Medium,Mid-Market,10Cr-50Cr,228,20,Bootstrapped,0-10%,Director,Paid Search,reyansh.pradhan@janibobaland.com,New Business,2026-04-19 09:50:30
LEAD-01071,Facebook,Retargeting_General,Hyderabad,Telangana,South,Mobile,Chrome,Real Estate,Medium,Mid-Market,1Cr-10Cr,192,11,Public,25-50%,VP,Paid Search,udyati.dalal@gmail.com,New Business,2026-03-10 09:58:28
LEAD-00371,Google,SaaS_Enterprise_Q1,Delhi,Delhi,North,Tablet,Chrome,Technology,Large,Mid-Market,10Cr-50Cr,615,9,Series C+,0-10%,Analyst,Organic Search,alka.kari@morarbalaand.com,New Business,2026-03-05 11:16:51
LEAD-01308,Instagram,Startup_Founders,Ahmedabad,Gujarat,West,Mobile,Chrome,SaaS,Medium,Mid-Market,10Cr-50Cr,193,30,Bootstrapped,0-10%,Executive,Display Ad,vaishnavi.peri@outlook.com,New Business,2026-04-27 08:20:55
LEAD-01218,Instagram,Retargeting_General,Pune,Maharashtra,West,Mobile,Safari,Logistics,Small,SMB,<1Cr,9,5,Series B,25-50%,Director,Content Marketing,tara.sahota@choudhrygrou.com,Partner,2026-02-25 13:06:02
LEAD-00553,LinkedIn,Retargeting_General,Delhi,Delhi,North,Desktop,Chrome,Technology,Enterprise,Enterprise,100Cr+,6140,32,Unknown,0-10%,Director,Paid Search,leela.chakraborty@bobalkarnik.com,New Business,2026-03-13 16:39:58
LEAD-00537,LinkedIn,Brand_Awareness,Chennai,Tamil Nadu,South,Mobile,Chrome,Healthcare,Large,Mid-Market,10Cr-50Cr,552,23,Series A,Negative,Owner,Referral,ekanta.kota@dhingraltd.com,New Business,2026-04-11 08:21:00
LEAD-01416,Direct,Retargeting_General,Mumbai,Maharashtra,West,Tablet,Opera,Manufacturing,Medium,Mid-Market,1Cr-10Cr,86,22,Bootstrapped,Negative,VP,Organic Search,banjeet.sathe@daliatalwar.com,New Business,2026-03-27 08:28:52
LEAD-01615,Referral,Brand_Awareness,Pune,Maharashtra,West,Desktop,Chrome,Technology,Large,Mid-Market,50Cr-100Cr,489,7,Series C+,0-10%,Senior Manager,Direct,damini.sandal@randhawaands.com,Existing Customer,2026-04-02 15:29:08
LEAD-01918,Organic Search,Brand_Awareness,Chennai,Tamil Nadu,South,Tablet,Edge,BFSI,Small,SMB,1Cr-10Cr,25,2,Series B,0-10%,Director,Organic Search,jasmit.dhaliwal@dugarbalanan.com,New Business,2026-02-12 20:53:49
LEAD-01694,Referral,Brand_Awareness,Pune,Maharashtra,West,Mobile,Chrome,BFSI,Medium,Mid-Market,10Cr-50Cr,175,15,Series A,25-50%,Senior Associate,Direct,lohit.jayaraman@benltd.com,Partner,2026-02-28 16:01:49
LEAD-00740,LinkedIn,Brand_Awareness,Navi Mumbai,Maharashtra,West,Mobile,Firefox,Unknown,Large,Mid-Market,10Cr-50Cr,395,7,Public,Negative,VP,Social Media - LinkedIn,nandini.ratta@goswamicomar.com,Partner,2026-01-04 17:53:52
LEAD-00115,Google,Q1_BFSI_Mumbai,Navi Mumbai,Maharashtra,West,Mobile,Chrome,BFSI,Large,Mid-Market,10Cr-50Cr,871,21,Series B,50%+,Associate,Display Ad,deepa.chokshi@contractoran.com,New Business,2026-01-26 17:47:53
LEAD-01611,Referral,Brand_Awareness,Delhi,Delhi,North,Mobile,Chrome,Real Estate,Enterprise,Enterprise,50Cr-100Cr,7288,27,Series C+,10-25%,Associate,Email,wishi.venkataraman@upadhyaypras.com,New Business,2026-01-09 11:19:13
LEAD-00878,LinkedIn,SaaS_Enterprise_Q1,Hyderabad,Telangana,South,Desktop,Chrome,Technology,Small,SMB,<1Cr,37,10,Series A,0-10%,Founder,Social Media - LinkedIn,parth.ray@agrawallal.com,New Business,2026-02-24 12:20:24
LEAD-01077,Facebook,Manufacturing_AI,Pune,Maharashtra,West,Mobile,Firefox,Consulting,Large,Mid-Market,10Cr-50Cr,970,29,Series C+,0-10%,Executive,Paid Search,balendra.deshpande@yahoo.com,New Business,2026-02-28 10:25:40
LEAD-01664,Referral,Brand_Awareness,Hyderabad,Telangana,South,Desktop,Chrome,Education,Medium,Mid-Market,10Cr-50Cr,243,17,Series A,0-10%,Director,Direct,chaitaly.dash@chaudhryands.com,Existing Customer,2026-01-29 10:05:21
LEAD-01546,Direct,Retargeting_General,Chennai,Tamil Nadu,South,Mobile,Chrome,Manufacturing,Medium,Startup,1Cr-10Cr,133,4,Series A,0-10%,Manager,Referral,jason.dey@ranaltd.com,Partner,2026-02-08 17:20:20
LEAD-01328,Instagram,Startup_Founders,Bangalore,Karnataka,South,Mobile,Chrome,Consulting,Small,SMB,1Cr-10Cr,16,12,Bootstrapped,Negative,Director,Social Media - Instagram,unnati.jaggi@gmail.com,New Business,2026-05-30 20:50:52
LEAD-00165,Google,Retargeting_General,Chennai,Tamil Nadu,South,Tablet,Chrome,Manufacturing,Enterprise,Enterprise,50Cr-100Cr,7438,33,Public,0-10%,Director,Organic Search,raksha.sundaram@deepmani.com,New Business,2026-05-25 11:37:34
LEAD-00904,Facebook,Brand_Awareness,Hyderabad,Telangana,South,Tablet,Safari,BFSI,Medium,Startup,10Cr-50Cr,245,5,Series A,25-50%,Manager,Paid Search,xalak.desai@godagroup.com,New Business,2026-03-10 09:11:28
LEAD-01092,Facebook,Retargeting_General,Mumbai,Maharashtra,West,Mobile,Chrome,Technology,Enterprise,Enterprise,50Cr-100Cr,5469,30,Public,10-25%,VP,Paid Search,chakradhar.chauhan@chahalnathan.com,New Business,2026-03-22 17:56:34
LEAD-01095,Facebook,Manufacturing_AI,Kolkata,West Bengal,East,Mobile,,Manufacturing,Small,Startup,<1Cr,18,4,Series B,0-10%,Senior Associate,Social Media - Facebook,anjali.dixit@sastrydalal.com,New Business,2026-03-09 10:37:08
LEAD-00191,Google,Q1_BFSI_Pune,Mumbai,Maharashtra,West,Desktop,Chrome,BFSI,Medium,Mid-Market,10Cr-50Cr,164,5,Seed,25-50%,VP,Display Ad,hemani.mistry@dugarborahan.com,New Business,2026-04-19 19:08:30
LEAD-00719,LinkedIn,Brand_Awareness,Bangalore,Karnataka,South,Tablet,Chrome,Manufacturing,Enterprise,Enterprise,50Cr-100Cr,2952,20,Series C+,10-25%,Founder,Paid Search,radha.desai@venkateshvis.com,New Business,2026-05-17 11:18:02
LEAD-00812,LinkedIn,SaaS_Enterprise_Q1,Hyderabad,Telangana,South,Mobile,Chrome,Consulting,Large,Mid-Market,50Cr-100Cr,996,25,Series A,10-25%,Owner,Referral,naveen.gour@valadhar.com,Partner,2026-02-06 13:31:01
LEAD-00722,LinkedIn,Retargeting_General,Bangalore,Karnataka,South,Mobile,Chrome,BFSI,Large,Mid-Market,50Cr-100Cr,801,26,Unknown,Unknown,Executive,Referral,yamini.gara@bainsplc.com,New Business,2026-05-30 09:46:47
LEAD-01209,Instagram,Retargeting_General,Hyderabad,Telangana,South,Mobile,Chrome,Retail,Small,SMB,50Cr-100Cr,43,5,Unknown,10-25%,Senior Manager,Display Ad,vedhika.varma@godadugarand.com,New Business,2026-03-12 14:03:16
LEAD-01633,Referral,Retargeting_General,Bangalore,Karnataka,South,Desktop,Chrome,Technology,Enterprise,Enterprise,100Cr+,5679,56,Series B,0-10%,CXO,Email,dalaja.andra@dewandave.com,New Business,2026-05-18 14:16:30
LEAD-00144,Google,Q1_BFSI_Mumbai,Thane,Maharashtra,West,Mobile,,BFSI,Large,Mid-Market,10Cr-50Cr,940,24,Public,0-10%,Senior Manager,Paid Search,shravya.savant@outlook.com,Existing Customer,2026-02-18 20:48:37
LEAD-01171,Facebook,Brand_Awareness,Mumbai,Maharashtra,West,Mobile,Chrome,SaaS,Large,Mid-Market,50Cr-100Cr,722,16,Unknown,25-50%,Director,Social Media - Facebook,riya.lad@sankarkamdar.com,New Business,2026-03-14 13:03:51
LEAD-00386,Google,Q1_BFSI_Pune,Pune,Maharashtra,West,Mobile,Edge,Real Estate,Medium,Startup,10Cr-50Cr,218,2,Series A,25-50%,Director,Paid Search,upkaar.kaul@bediltd.com,Partner,2026-03-21 19:45:57
LEAD-01984,Organic Search,Retargeting_General,Pune,Maharashtra,West,Desktop,Chrome,Manufacturing,Small,SMB,<1Cr,5,4,Series B,50%+,Owner,Organic Search,gaurav.babu@gmail.com,New Business,2026-03-19 14:55:50
LEAD-01130,Facebook,Brand_Awareness,Thane,Maharashtra,West,Desktop,,Real Estate,Small,SMB,1Cr-10Cr,8,3,Series B,10-25%,Associate,Display Ad,ojasvi.shah@devanltd.com,New Business,2026-02-03 19:38:36
LEAD-00989,Facebook,Brand_Awareness,Ahmedabad,Gujarat,West,Desktop,Chrome,Healthcare,Large,Mid-Market,50Cr-100Cr,990,21,Series B,0-10%,Senior Associate,Display Ad,oscar.sura@brahmbhattna.com,New Business,2026-01-26 08:22:57
LEAD-00676,LinkedIn,SaaS_Enterprise_Q1,Bangalore,Karnataka,South,Mobile,Safari,Unknown,Enterprise,Enterprise,50Cr-100Cr,1150,33,Series C+,0-10%,Director,Paid Search,krish.mital@chaudharikar.com,Partner,2026-03-28 20:54:09
LEAD-01643,Referral,Retargeting_General,Bangalore,Karnataka,South,Mobile,Edge,SaaS,Enterprise,Enterprise,100Cr+,9973,37,Unknown,50%+,Owner,Email,advay.garg@pillayplc.com,New Business,2026-03-08 14:15:02
LEAD-00224,Google,Brand_Awareness,Mumbai,Maharashtra,West,Desktop,Safari,Unknown,Large,Mid-Market,50Cr-100Cr,749,25,Series A,10-25%,Senior Associate,Display Ad,azaan.bhat@vermamitraan.com,Existing Customer,2026-05-24 19:56:59
LEAD-00903,Facebook,Retargeting_General,Mumbai,Maharashtra,West,Mobile,Chrome,Retail,Medium,Mid-Market,1Cr-10Cr,136,26,Series C+,Negative,Senior Associate,Display Ad,mason.solanki@outlook.com,Partner,2026-03-23 19:10:57
LEAD-01463,Direct,Retargeting_General,Mumbai,Maharashtra,West,Mobile,Chrome,BFSI,Medium,Mid-Market,10Cr-50Cr,59,30,Bootstrapped,10-25%,Analyst,Referral,bhavna.handa@sarinbailand.com,Existing Customer,2026-01-20 09:45:53
LEAD-00596,LinkedIn,SaaS_Enterprise_Q1,Hyderabad,Telangana,South,Mobile,Chrome,SaaS,Enterprise,Enterprise,100Cr+,1723,13,Series B,Negative,Director,Referral,yashasvi.deol@chadchandran.com,Existing Customer,2026-03-25 20:22:19
LEAD-00149,Google,Q1_BFSI_Pune,Pune,Maharashtra,West,Mobile,Chrome,BFSI,Small,Startup,1Cr-10Cr,47,5,Bootstrapped,0-10%,Director,Paid Search,barkha.setty@katallc.com,Partner,2026-02-23 21:04:52
LEAD-00061,Google,Q1_BFSI_Pune,Pune,Maharashtra,West,Mobile,Edge,BFSI,Small,SMB,<1Cr,30,8,Unknown,25-50%,CXO,Display Ad,samar.lalla@outlook.com,New Business,2026-01-21 18:16:23
LEAD-00650,LinkedIn,Retargeting_General,Delhi,Delhi,North,Mobile,Edge,Technology,Enterprise,Enterprise,100Cr+,5167,25,Public,10-25%,CXO,Referral,alka.manda@guptagroup.com,Partner,2026-02-11 08:07:49
LEAD-01427,Direct,Brand_Awareness,Mumbai,Maharashtra,West,Desktop,Safari,Logistics,Enterprise,Enterprise,50Cr-100Cr,8020,12,Public,0-10%,VP,Referral,lakshmi.chanda@bhaktabobal.com,New Business,2026-03-14 09:04:34
LEAD-01090,Facebook,Brand_Awareness,Hyderabad,Telangana,South,Tablet,,Technology,Enterprise,Enterprise,10Cr-50Cr,6270,15,Series C+,0-10%,Associate,Display Ad,tripti.ram@outlook.com,New Business,2026-04-29 17:57:57
LEAD-01960,Organic Search,Brand_Awareness,Ahmedabad,Gujarat,West,Mobile,Chrome,Real Estate,Medium,Startup,10Cr-50Cr,246,2,Series A,25-50%,Director,Content Marketing,hema.sunder@yahoo.com,New Business,2026-02-06 17:50:21
LEAD-01141,Facebook,Retargeting_General,Mumbai,Maharashtra,West,Mobile,Chrome,Retail,Enterprise,Enterprise,100Cr+,2491,54,Series B,Unknown,Associate,Paid Search,daksha.lad@yahoo.com,Partner,2026-03-29 16:33:39
LEAD-00385,Google,Retargeting_General,Bangalore,Karnataka,South,Desktop,Chrome,Technology,Large,Mid-Market,50Cr-100Cr,340,28,Series C+,50%+,Senior Manager,Display Ad,ikbal.khatri@madanmagaran.com,Existing Customer,2026-02-28 14:15:36
LEAD-01125,Facebook,Retargeting_General,Hyderabad,Telangana,South,Mobile,,Manufacturing,Medium,Mid-Market,100Cr+,72,12,Seed,10-25%,Senior Manager,Paid Search,lakshmi.saran@nadkarniraja.com,New Business,2026-01-25 15:24:47
LEAD-00052,Google,Retargeting_General,Hyderabad,Telangana,South,Mobile,Chrome,Retail,Medium,Mid-Market,10Cr-50Cr,155,8,Series A,50%+,Executive,Organic Search,balveer.bumb@darkoshy.com,New Business,2026-01-10 12:31:07
LEAD-01766,Email Campaign,Retargeting_General,Navi Mumbai,Maharashtra,West,Desktop,Chrome,Consulting,Enterprise,Enterprise,50Cr-100Cr,7794,45,Public,25-50%,Manager,Email,riya.subramanian@gadedevan.com,New Business,2026-03-17 21:19:53
LEAD-00779,LinkedIn,Retargeting_General,Pune,Maharashtra,West,Desktop,Chrome,Technology,Large,Mid-Market,100Cr+,540,13,Unknown,50%+,Founder,Social Media - LinkedIn,lila.saha@manibattaand.com,New Business,2026-01-24 09:31:54
LEAD-01016,Facebook,Retargeting_General,Mumbai,Maharashtra,West,Tablet,Chrome,Retail,Medium,Mid-Market,1Cr-10Cr,214,10,Bootstrapped,10-25%,Intern,Display Ad,rushil.tella@walichakraba.com,New Business,2026-02-21 12:54:45
LEAD-01236,Instagram,Startup_Founders,Mumbai,Maharashtra,West,Desktop,Edge,Retail,Medium,Mid-Market,1Cr-10Cr,133,16,Series A,10-25%,Senior Manager,Content Marketing,william.zacharia@gmail.com,New Business,2026-05-23 10:50:36
LEAD-00661,LinkedIn,SaaS_Enterprise_Q1,Hyderabad,Telangana,South,Desktop,Chrome,Retail,Enterprise,Enterprise,50Cr-100Cr,6334,53,Series B,10-25%,Senior Manager,Paid Search,omya.wason@bhatramandvi.com,New Business,2026-03-20 20:05:22
LEAD-00889,LinkedIn,SaaS_Enterprise_Q1,Bangalore,Karnataka,South,Mobile,Firefox,Technology,Large,Mid-Market,50Cr-100Cr,584,12,Public,Unknown,Manager,Paid Search,samaksh.krish@jhaverikarni.com,Partner,2026-03-01 13:42:07
LEAD-01747,Referral,Brand_Awareness,Hyderabad,Telangana,South,Desktop,Chrome,Real Estate,Medium,Mid-Market,1Cr-10Cr,150,21,Series C+,10-25%,VP,Referral,gautam.natarajan@deshpandewar.com,Existing Customer,2026-04-18 20:02:27
LEAD-00953,Facebook,Brand_Awareness,Ahmedabad,Gujarat,West,Mobile,Firefox,Technology,Medium,Mid-Market,10Cr-50Cr,215,9,Public,25-50%,Manager,Display Ad,aditya.basak@darrandhawaa.com,New Business,2026-05-09 13:33:23
LEAD-00984,Facebook,Brand_Awareness,Navi Mumbai,Maharashtra,West,Mobile,Safari,Logistics,Medium,Startup,1Cr-10Cr,148,4,Seed,50%+,Manager,Paid Search,tristan.kala@yahoo.com,Existing Customer,2026-01-26 13:23:19
LEAD-00977,Facebook,Manufacturing_AI,Ahmedabad,Gujarat,West,Mobile,Chrome,Consulting,Medium,Mid-Market,1Cr-10Cr,186,29,Series B,50%+,CXO,Paid Search,tara.sane@sagarcherian.com,New Business,2026-04-21 08:25:36
LEAD-01275,Instagram,Startup_Founders,Mumbai,Maharashtra,West,Desktop,,Technology,Small,SMB,1Cr-10Cr,49,15,Seed,10-25%,Manager,Display Ad,parth.shere@mahajansachd.com,New Business,2026-04-23 08:35:51
LEAD-00700,LinkedIn,Brand_Awareness,Thane,Maharashtra,West,Desktop,Edge,Retail,Large,Mid-Market,10Cr-50Cr,556,16,Unknown,50%+,Owner,Social Media - LinkedIn,vamakshi.parmer@kapadiawarri.com,New Business,2026-03-31 19:11:25
LEAD-00663,LinkedIn,Brand_Awareness,Navi Mumbai,Maharashtra,West,Mobile,Chrome,Manufacturing,Medium,Startup,50Cr-100Cr,178,1,Series A,0-10%,Manager,Social Media - LinkedIn,zansi.din@banerjeethak.com,New Business,2026-05-21 21:29:10
LEAD-00278,Google,Retargeting_General,Bangalore,Karnataka,South,Desktop,Chrome,Real Estate,Medium,Mid-Market,10Cr-50Cr,99,27,Series C+,Unknown,Manager,Paid Search,joshua.vyas@outlook.com,New Business,2026-04-17 08:59:40
LEAD-00218,Google,Q1_BFSI_Pune,Pune,Maharashtra,West,Mobile,Safari,Real Estate,Medium,Mid-Market,10Cr-50Cr,120,10,Public,Negative,Senior Associate,Organic Search,kalpit.zachariah@yahoo.com,Partner,2026-02-21 20:17:03
LEAD-01867,Email Campaign,Manufacturing_AI,Pune,Maharashtra,West,Desktop,Edge,Logistics,Medium,Startup,,210,5,Seed,10-25%,Senior Associate,Paid Search,madhavi.rattan@upadhyayraja.com,New Business,2026-02-20 10:14:30
LEAD-01159,Facebook,Brand_Awareness,Navi Mumbai,Maharashtra,West,Desktop,Chrome,Technology,Medium,Mid-Market,10Cr-50Cr,130,10,Series A,10-25%,Director,Paid Search,advaith.anand@nazarethgole.com,New Business,2026-03-01 21:05:39
LEAD-00652,LinkedIn,Retargeting_General,Chennai,Tamil Nadu,South,Mobile,Opera,Education,Enterprise,Enterprise,100Cr+,2457,16,Public,10-25%,Senior Manager,Referral,jalsa.aggarwal@swaminathand.com,New Business,2026-03-30 21:09:17
LEAD-00496,Google,Brand_Awareness,Bangalore,Karnataka,South,Tablet,Edge,Manufacturing,Medium,Startup,1Cr-10Cr,128,1,Series B,0-10%,Analyst,Organic Search,omya.bansal@gmail.com,Partner,2026-02-01 17:13:37
LEAD-01196,Facebook,Retargeting_General,Thane,Maharashtra,West,Desktop,Chrome,Education,Large,Mid-Market,10Cr-50Cr,725,24,Unknown,Negative,Director,Display Ad,kiaan.chaudhry@kohlibaria.com,New Business,2026-03-22 21:37:14
LEAD-01190,Facebook,Brand_Awareness,Bangalore,Karnataka,South,Desktop,Safari,Technology,Enterprise,Enterprise,50Cr-100Cr,1555,33,Series C+,10-25%,VP,Display Ad,onkar.bhatt@shanplc.com,New Business,2026-02-19 13:04:03
LEAD-00597,LinkedIn,Brand_Awareness,Mumbai,Maharashtra,West,Mobile,Firefox,Manufacturing,,Enterprise,50Cr-100Cr,6619,28,Series C+,Negative,Senior Manager,Social Media - LinkedIn,radhika.de@rameshbordea.com,New Business,2026-01-03 16:37:42
LEAD-00950,Facebook,Brand_Awareness,Pune,Maharashtra,West,Desktop,Chrome,BFSI,Medium,Mid-Market,10Cr-50Cr,203,6,Public,Negative,Senior Associate,Display Ad,chanchal.issac@kulkarnigrou.com,Partner,2026-02-07 16:18:01
LEAD-00002,Google,Q1_BFSI_Mumbai,Thane,Maharashtra,West,Mobile,Chrome,BFSI,Large,Mid-Market,10Cr-50Cr,501,20,Unknown,25-50%,Executive,Organic Search,gagan.sami@chaudryltd.com,New Business,2026-01-30 14:56:40
LEAD-01248,Instagram,Retargeting_General,Kolkata,West Bengal,East,Mobile,Chrome,Real Estate,Medium,Startup,10Cr-50Cr,155,1,Seed,50%+,Senior Manager,Display Ad,gautami.sabharwal@yahoo.com,Partner,2026-01-22 20:39:48
LEAD-01102,Facebook,Manufacturing_AI,Kolkata,West Bengal,East,Mobile,Chrome,Manufacturing,Medium,Mid-Market,10Cr-50Cr,89,22,Unknown,10-25%,Associate,Social Media - Facebook,sanaya.parekh@ramanathango.com,Existing Customer,2026-03-09 12:35:23
LEAD-01385,Instagram,Brand_Awareness,Mumbai,Maharashtra,West,Mobile,Opera,Retail,Small,SMB,1Cr-10Cr,41,4,Series A,10-25%,Senior Manager,Content Marketing,sachi.deshpande@balabenandgo.com,Partner,2026-03-28 19:18:03
LEAD-01234,Instagram,Brand_Awareness,Pune,Maharashtra,West,Desktop,Chrome,Manufacturing,Small,SMB,<1Cr,3,7,Series C+,25-50%,Manager,Content Marketing,jasmit.shroff@choudhrygrou.com,Partner,2026-01-11 16:27:29
LEAD-01313,Instagram,Startup_Founders,Hyderabad,Telangana,South,Mobile,Chrome,SaaS,Small,SMB,1Cr-10Cr,19,6,Bootstrapped,25-50%,Intern,Social Media - Instagram,falak.tak@outlook.com,New Business,2026-05-10 19:31:09
LEAD-01128,Facebook,Brand_Awareness,Mumbai,Maharashtra,West,Mobile,,Retail,Small,SMB,<1Cr,29,6,Series B,50%+,Associate,Paid Search,ekbal.babu@dassdesaiand.com,Existing Customer,2026-01-11 12:38:21
LEAD-00384,Google,Retargeting_General,,Delhi,North,Mobile,Chrome,Logistics,Medium,Mid-Market,10Cr-50Cr,66,25,Public,25-50%,Senior Manager,Paid Search,tanish.jaggi@gmail.com,New Business,2026-04-10 21:01:35
LEAD-00347,Google,Q1_BFSI_Pune,Mumbai,Maharashtra,West,Mobile,Chrome,Consulting,Medium,Mid-Market,10Cr-50Cr,214,22,Public,50%+,Manager,Display Ad,chameli.setty@kondaravi.com,Partner,2026-01-15 20:05:28
LEAD-00666,LinkedIn,SaaS_Enterprise_Q1,Thane,Maharashtra,West,Desktop,Edge,Education,Large,Mid-Market,-1,866,7,Series B,10-25%,Associate,Paid Search,aarna.nagarajan@saranjaggian.com,New Business,2026-02-18 18:41:50
LEAD-00810,LinkedIn,SaaS_Enterprise_Q1,Bangalore,Karnataka,South,Desktop,Chrome,BFSI,Large,Mid-Market,10Cr-50Cr,353,14,Public,0-10%,VP,Paid Search,meera.yogi@ahluwaliaplc.com,Existing Customer,2026-03-04 19:22:34
LEAD-00176,Google,SaaS_Enterprise_Q1,Delhi,Delhi,North,Tablet,Chrome,SaaS,Medium,Mid-Market,10Cr-50Cr,112,14,Series C+,0-10%,Executive,Display Ad,nirja.bassi@kharerajagop.com,Existing Customer,2026-03-07 14:26:38
LEAD-00814,LinkedIn,Brand_Awareness,Hyderabad,Telangana,South,Mobile,Opera,Technology,Enterprise,Enterprise,100Cr+,3867,26,Public,Negative,Associate,Paid Search,bina.bhavsar@bhagatshenoy.com,New Business,2026-03-31 13:25:37
LEAD-01538,Direct,Brand_Awareness,Pune,Maharashtra,West,Desktop,Edge,Education,Small,SMB,10Cr-50Cr,12,4,Series C+,10-25%,CXO,Referral,harrison.koshy@luthraplc.com,New Business,2026-05-07 14:47:16
LEAD-00917,Facebook,Manufacturing_AI,Kolkata,West Bengal,East,Mobile,Chrome,Manufacturing,Large,Mid-Market,10Cr-50Cr,698,7,Unknown,0-10%,Director,Social Media - Facebook,jeremiah.keer@gourinc.com,Partner,2026-04-13 21:49:23
LEAD-01756,Referral,Retargeting_General,Thane,Maharashtra,West,Mobile,,Manufacturing,Enterprise,Enterprise,10Cr-50Cr,4478,39,Public,0-10%,Director,Email,xalak.shah@minhasandson.com,Existing Customer,2026-04-07 09:34:48
LEAD-01652,Referral,Brand_Awareness,Pune,Maharashtra,West,Mobile,Firefox,Retail,Enterprise,Enterprise,50Cr-100Cr,2757,45,Series C+,0-10%,CXO,Direct,zaid.gola@gillsagar.com,Partner,2026-04-18 09:40:11
LEAD-00023,Google,Brand_Awareness,Pune,Maharashtra,West,Desktop,,Real Estate,Medium,Startup,1Cr-10Cr,54,5,Series B,0-10%,Owner,Display Ad,isaac.memon@yahoo.com,Existing Customer,2026-05-03 15:21:11
LEAD-01411,Direct,Retargeting_General,Mumbai,Maharashtra,West,Mobile,Chrome,Consulting,Large,Mid-Market,50Cr-100Cr,469,18,Series C+,10-25%,Senior Associate,Referral,barkha.lall@patelsani.com,New Business,2026-03-07 12:30:49
LEAD-01055,Facebook,Brand_Awareness,Delhi,Delhi,North,Mobile,Chrome,SaaS,Small,Startup,<1Cr,41,3,Seed,25-50%,Analyst,Display Ad,tara.tank@kulkarniinc.com,New Business,2026-04-14 14:56:26
LEAD-00910,Facebook,Retargeting_General,Mumbai,Maharashtra,West,Mobile,Chrome,Consulting,Small,Startup,10Cr-50Cr,45,5,Bootstrapped,25-50%,Associate,Social Media - Facebook,owen.mane@issacyohanna.com,New Business,2026-03-10 09:32:49
LEAD-00891,LinkedIn,SaaS_Enterprise_Q1,Navi Mumbai,Maharashtra,West,Mobile,Chrome,Technology,Enterprise,Enterprise,100Cr+,7738,35,Series C+,10-25%,Founder,Paid Search,vasatika.prabhu@tailorahujaa.com,New Business,2026-02-03 08:17:31
LEAD-01433,Direct,Brand_Awareness,Mumbai,Maharashtra,West,Mobile,Firefox,Healthcare,Enterprise,Enterprise,50Cr-100Cr,7218,30,Public,0-10%,Founder,Organic Search,amrita.sampath@ramasoni.com,Existing Customer,2026-04-11 10:18:06
LEAD-00871,LinkedIn,SaaS_Enterprise_Q1,Mumbai,Maharashtra,West,Desktop,,SaaS,Enterprise,Enterprise,100Cr+,6936,51,Series C+,10-25%,Director,Social Media - LinkedIn,advaith.jaggi@talwargroup.com,New Business,2026-02-23 11:36:52
LEAD-00377,Google,Q1_BFSI_Mumbai,Mumbai,Maharashtra,West,Mobile,Safari,BFSI,Medium,Mid-Market,1Cr-10Cr,239,21,Series C+,25-50%,Senior Manager,Paid Search,tripti.walia@purimurthyan.com,New Business,2026-01-28 13:43:59
LEAD-00326,Google,Q1_BFSI_Mumbai,Thane,Maharashtra,West,Mobile,Firefox,Technology,Large,Mid-Market,10Cr-50Cr,412,7,Series A,10-25%,Director,Organic Search,arya.krish@raomurthy.com,Existing Customer,2026-01-23 18:25:25
LEAD-01619,Referral,Brand_Awareness,Thane,Maharashtra,West,Mobile,Edge,Healthcare,Enterprise,Enterprise,10Cr-50Cr,4004,21,Series C+,50%+,Owner,Direct,unni.sankaran@nayarsandhua.com,Existing Customer,2026-05-07 21:19:50
LEAD-00353,Google,SaaS_Enterprise_Q1,Mumbai,Maharashtra,West,Desktop,Safari,Technology,Large,Mid-Market,50Cr-100Cr,725,27,Public,0-10%,Manager,Organic Search,bina.rajagopalan@chatterjeein.com,Existing Customer,2026-01-19 08:17:49
LEAD-00823,LinkedIn,SaaS_Enterprise_Q1,Hyderabad,Telangana,South,Mobile,Chrome,Technology,Large,Mid-Market,10Cr-50Cr,682,7,Series B,0-10%,Senior Associate,Social Media - LinkedIn,ronith.lall@deyyohannan.com,New Business,2026-02-08 20:15:37
LEAD-00942,Facebook,Manufacturing_AI,Kolkata,West Bengal,East,Desktop,,Manufacturing,Small,SMB,<1Cr,33,3,Seed,0-10%,CXO,Paid Search,osha.muni@kallaoommen.com,New Business,2026-02-03 13:39:15
LEAD-01746,Referral,Brand_Awareness,Pune,Maharashtra,West,Mobile,Chrome,SaaS,Large,Mid-Market,50Cr-100Cr,696,14,Public,25-50%,CXO,Direct,vamakshi.dasgupta@kannankurian.com,New Business,2026-02-21 19:06:24
LEAD-01311,Instagram,Startup_Founders,,Karnataka,South,Mobile,Chrome,BFSI,Medium,Mid-Market,<1Cr,136,5,Public,0-10%,Senior Associate,Content Marketing,jatin.shukla@gmail.com,Existing Customer,2026-01-11 10:51:19
LEAD-01905,Organic Search,Retargeting_General,Mumbai,Maharashtra,West,Mobile,Edge,Consulting,Small,Startup,1Cr-10Cr,43,2,Series A,25-50%,Owner,Direct,arya.dhillon@saneltd.com,Existing Customer,2026-04-07 10:41:01
LEAD-01341,Instagram,Startup_Founders,Bangalore,Karnataka,South,Desktop,Chrome,Technology,Small,SMB,<1Cr,47,3,Series C+,50%+,Director,Display Ad,devika.chad@gmail.com,New Business,2026-04-09 10:55:18
LEAD-00180,Google,Q1_BFSI_Pune,Bangalore,Karnataka,South,Mobile,Chrome,BFSI,Enterprise,Enterprise,100Cr+,2872,27,Public,10-25%,VP,Organic Search,falan.singh@dhawanroutan.com,Partner,2026-04-04 16:52:48
LEAD-01507,Direct,Retargeting_General,Thane,Maharashtra,West,Desktop,Firefox,Logistics,Large,Mid-Market,10Cr-50Cr,572,24,Series A,10-25%,Manager,Referral,vrishti.saha@yahoo.com,Partner,2026-05-15 17:54:35
LEAD-00733,LinkedIn,Retargeting_General,Navi Mumbai,Maharashtra,West,Mobile,Chrome,SaaS,Large,Mid-Market,50Cr-100Cr,528,20,Unknown,0-10%,Founder,Social Media - LinkedIn,wakeeta.dixit@chakrabortyi.com,Partner,2026-03-09 20:58:45
LEAD-01597,Direct,Retargeting_General,Navi Mumbai,Maharashtra,West,Mobile,Safari,Retail,Large,Mid-Market,100Cr+,429,20,Series A,25-50%,Owner,Direct,ayushman.contractor@borahllc.com,New Business,2026-02-20 08:18:52
LEAD-01362,Instagram,Startup_Founders,Mumbai,Maharashtra,West,Desktop,Chrome,SaaS,Medium,Mid-Market,1Cr-10Cr,146,19,Bootstrapped,0-10%,Analyst,Display Ad,ayaan.korpal@yahoo.com,New Business,2026-04-04 20:01:16
LEAD-01554,Direct,Brand_Awareness,Pune,Maharashtra,West,Mobile,Firefox,Education,,Mid-Market,10Cr-50Cr,219,10,Public,0-10%,Senior Manager,Direct,abhiram.dash@gmail.com,Partner,2026-02-06 19:59:27
LEAD-01116,Facebook,Brand_Awareness,Thane,Maharashtra,West,Mobile,Chrome,Retail,Small,Startup,1Cr-10Cr,17,2,Bootstrapped,25-50%,Manager,Social Media - Facebook,nidra.boase@outlook.com,Existing Customer,2026-04-02 18:29:28
LEAD-00886,LinkedIn,Brand_Awareness,Navi Mumbai,Maharashtra,West,Desktop,Chrome,SaaS,,Enterprise,50Cr-100Cr,9460,56,Public,0-10%,Manager,Social Media - LinkedIn,pranav.soni@oommenborra.com,Partner,2026-01-01 14:04:31
LEAD-00484,Google,SaaS_Enterprise_Q1,Delhi,Delhi,North,Mobile,Edge,Retail,Large,Mid-Market,10Cr-50Cr,685,28,Series C+,0-10%,Senior Associate,Display Ad,veda.bose@samamistry.com,New Business,2026-03-17 17:05:09
LEAD-00838,LinkedIn,SaaS_Enterprise_Q1,Hyderabad,Telangana,South,Mobile,Safari,Consulting,Large,Mid-Market,50Cr-100Cr,820,11,Series A,Negative,VP,Referral,abeer.thaker@sursubramani.com,New Business,2026-02-06 11:12:47
LEAD-01805,Email Campaign,Manufacturing_AI,Ahmedabad,Gujarat,West,Mobile,Chrome,SaaS,,Mid-Market,100Cr+,939,10,Public,25-50%,VP,Direct,yochana.dugal@dattaladanda.com,Partner,2026-04-02 18:00:30
LEAD-01112,Facebook,Brand_Awareness,,Maharashtra,West,Mobile,Opera,Consulting,Enterprise,Enterprise,100Cr+,8851,22,Public,10-25%,Senior Associate,Paid Search,nathan.subramaniam@kohliplc.com,New Business,2026-01-07 18:17:55
LEAD-01088,Facebook,Retargeting_General,Navi Mumbai,Maharashtra,West,Mobile,Safari,Retail,Medium,Mid-Market,10Cr-50Cr,193,15,Bootstrapped,Unknown,Manager,Display Ad,veda.viswanathan@guptallc.com,New Business,2026-03-26 19:12:57
LEAD-01788,Email Campaign,Retargeting_General,Chennai,Tamil Nadu,South,Tablet,Chrome,Education,Large,Mid-Market,10Cr-50Cr,669,8,Series B,Negative,Senior Manager,Paid Search,shaurya.chaudhary@pandeyyohann.com,New Business,2026-04-21 17:21:30
LEAD-01864,Email Campaign,Manufacturing_AI,Ahmedabad,Gujarat,West,Mobile,Firefox,BFSI,Small,SMB,1Cr-10Cr,11,9,Public,25-50%,Senior Manager,Paid Search,kai.mann@gmail.com,New Business,2026-04-08 11:06:54
LEAD-00816,LinkedIn,Retargeting_General,,Karnataka,South,Mobile,Brave,Technology,Large,Mid-Market,10Cr-50Cr,728,26,Series B,10-25%,CXO,Paid Search,harish.mane@davekeer.com,Partner,2026-03-16 17:35:42
LEAD-01520,Direct,Brand_Awareness,Delhi,Delhi,North,Desktop,Safari,Real Estate,Enterprise,Enterprise,1Cr-10Cr,5797,21,Public,Negative,VP,Referral,viraj.rana@routgroup.com,Partner,2026-02-23 18:06:01
LEAD-01583,Direct,Retargeting_General,Mumbai,Maharashtra,West,Mobile,,SaaS,Medium,Startup,1Cr-10Cr,120,3,Seed,25-50%,VP,Organic Search,yashodhara.kunda@yahoo.com,Existing Customer,2026-03-06 10:38:38
LEAD-01949,Organic Search,Brand_Awareness,Mumbai,Maharashtra,West,Mobile,Chrome,SaaS,Enterprise,Enterprise,100Cr+,6455,58,Unknown,0-10%,Senior Manager,Content Marketing,triveni.kuruvilla@yahoo.com,New Business,2026-05-11 20:58:06
LEAD-00202,Google,Q1_BFSI_Mumbai,Navi Mumbai,Maharashtra,West,Mobile,Chrome,Real Estate,Large,Mid-Market,10Cr-50Cr,619,6,Public,Negative,VP,Organic Search,lohit.kara@outlook.com,New Business,2026-01-11 12:49:06
LEAD-01414,Direct,Brand_Awareness,Thane,Maharashtra,West,Mobile,Firefox,Healthcare,Large,Mid-Market,50Cr-100Cr,596,9,Series B,Unknown,Founder,Direct,victor.goswami@yahoo.com,New Business,2026-01-16 14:55:17
LEAD-01902,Organic Search,Brand_Awareness,Mumbai,Maharashtra,West,Mobile,Chrome,Technology,Large,Mid-Market,10Cr-50Cr,765,18,Public,50%+,Manager,Organic Search,jyoti.lanka@madangroup.com,New Business,2026-03-27 19:01:43
LEAD-01786,Email Campaign,SaaS_Enterprise_Q1,Mumbai,Maharashtra,West,Desktop,Safari,Consulting,Large,Mid-Market,50Cr-100Cr,689,24,Series A,0-10%,VP,Paid Search,zilmil.memon@mitalinc.com,New Business,2026-02-03 16:57:39
LEAD-00995,Facebook,Brand_Awareness,Hyderabad,Telangana,South,Mobile,Firefox,Real Estate,,SMB,1Cr-10Cr,23,5,Seed,25-50%,Senior Associate,Display Ad,yamini.chana@ramaswamygro.com,New Business,2026-05-28 14:28:13
LEAD-00831,LinkedIn,Brand_Awareness,Pune,Maharashtra,West,Mobile,Opera,Manufacturing,Enterprise,Enterprise,50Cr-100Cr,8489,17,Public,0-10%,Associate,Referral,vinaya.kata@bariakanda.com,New Business,2026-01-03 17:19:02
LEAD-00213,Google,Retargeting_General,Navi Mumbai,Maharashtra,West,Desktop,Chrome,Healthcare,Enterprise,Enterprise,1Cr-10Cr,5094,16,Public,25-50%,Manager,Paid Search,jhalak.parmer@gmail.com,Existing Customer,2026-02-05 09:00:03
LEAD-00059,Google,SaaS_Enterprise_Q1,Delhi,Delhi,North,Mobile,Chrome,Technology,Large,Mid-Market,10Cr-50Cr,662,18,Series A,10-25%,Director,Paid Search,hemang.desai@wadhwaananda.com,Partner,2026-02-26 09:57:05
LEAD-01327,Instagram,Retargeting_General,Hyderabad,Telangana,South,Mobile,Safari,BFSI,Medium,Mid-Market,1Cr-10Cr,192,20,Seed,25-50%,Owner,Display Ad,chavvi.char@yahoo.com,Partner,2026-04-30 16:32:32
LEAD-01996,Organic Search,Brand_Awareness,Chennai,Tamil Nadu,South,Mobile,Safari,Unknown,Large,Mid-Market,<1Cr,543,13,Series A,10-25%,Executive,Content Marketing,jonathan.thaman@kashyapchaud.com,New Business,2026-01-16 12:03:17
LEAD-00836,LinkedIn,SaaS_Enterprise_Q1,Mumbai,Maharashtra,West,Tablet,Chrome,Technology,Large,Mid-Market,10Cr-50Cr,582,29,Unknown,10-25%,Owner,Paid Search,zansi.krishnamurthy@radhakrishna.com,New Business,2026-01-23 19:57:24
LEAD-00972,Facebook,Brand_Awareness,Pune,Maharashtra,West,Mobile,Chrome,Real Estate,Small,Startup,1Cr-10Cr,50,1,Bootstrapped,10-25%,Owner,Social Media - Facebook,darsh.patel@outlook.com,New Business,2026-03-22 21:23:57
LEAD-00477,Google,Q1_BFSI_Pune,Pune,Maharashtra,West,Desktop,Opera,Consulting,Medium,Mid-Market,1Cr-10Cr,163,13,Series B,0-10%,Associate,Display Ad,gagan.grover@chaudrydeo.com,New Business,2026-01-03 18:20:22
LEAD-01242,Instagram,Brand_Awareness,Hyderabad,Telangana,South,Desktop,Chrome,Consulting,Small,SMB,<1Cr,41,8,Series C+,25-50%,Associate,Display Ad,gagan.buch@gmail.com,New Business,2026-04-06 20:18:55
LEAD-01966,Organic Search,SaaS_Enterprise_Q1,Bangalore,Karnataka,South,Mobile,Chrome,SaaS,Medium,Mid-Market,1Cr-10Cr,199,25,Seed,10-25%,Senior Manager,Content Marketing,anusha.ravel@outlook.com,Existing Customer,2026-01-24 21:21:24
LEAD-01367,Instagram,Retargeting_General,Bangalore,Karnataka,South,Mobile,Edge,Real Estate,Small,SMB,1Cr-10Cr,43,12,Series C+,25-50%,Executive,Content Marketing,januja.chana@yahoo.com,Existing Customer,2026-02-16 12:40:02
LEAD-00287,Google,Q1_BFSI_Pune,Mumbai,Maharashtra,West,Desktop,Safari,BFSI,Large,Mid-Market,10Cr-50Cr,704,12,Series A,50%+,Manager,Organic Search,ridhi.shenoy@haripillai.com,New Business,2026-02-11 13:48:37
LEAD-00632,LinkedIn,SaaS_Enterprise_Q1,Hyderabad,Telangana,South,Mobile,Safari,Retail,,Enterprise,50Cr-100Cr,6524,22,Public,50%+,CXO,Referral,meghana.chaudhuri@patlaboraand.com,New Business,2026-01-13 20:53:53
LEAD-00256,Google,Brand_Awareness,Pune,Maharashtra,West,Mobile,Firefox,Logistics,Large,Mid-Market,10Cr-50Cr,750,15,Series A,10-25%,Senior Associate,Display Ad,ishwar.ravel@ravelsahnian.com,Existing Customer,2026-02-15 13:40:03
LEAD-01198,Facebook,Retargeting_General,Pune,Maharashtra,West,Mobile,Chrome,Real Estate,Medium,Mid-Market,1Cr-10Cr,121,22,Series C+,0-10%,Director,Paid Search,gaurav.mander@outlook.com,New Business,2026-05-20 14:01:32
LEAD-01143,Facebook,Brand_Awareness,Navi Mumbai,Maharashtra,West,Mobile,Chrome,Education,Medium,Mid-Market,10Cr-50Cr,204,18,Seed,0-10%,Executive,Display Ad,vedhika.butala@outlook.com,New Business,2026-02-18 20:39:56
LEAD-01941,Organic Search,Brand_Awareness,Pune,Maharashtra,West,Mobile,Chrome,Education,Medium,Mid-Market,10Cr-50Cr,172,5,Unknown,25-50%,Director,Organic Search,vincent.kale@gmail.com,Existing Customer,2026-01-22 12:54:41
LEAD-00286,Google,Retargeting_General,Bangalore,Karnataka,South,Mobile,Opera,Healthcare,Medium,Startup,10Cr-50Cr,148,4,Bootstrapped,Negative,Analyst,Organic Search,william.more@gmail.com,New Business,2026-03-22 16:03:00
LEAD-01613,Referral,Retargeting_General,Mumbai,Maharashtra,West,Mobile,Chrome,Manufacturing,Large,Mid-Market,50Cr-100Cr,347,12,Unknown,0-10%,Director,Referral,amrita.rattan@yahoo.com,New Business,2026-01-04 17:58:07
LEAD-01032,Facebook,Retargeting_General,Bangalore,Karnataka,South,Mobile,Firefox,BFSI,Large,Mid-Market,50Cr-100Cr,832,23,Series A,25-50%,Executive,Paid Search,krish.thakkar@gmail.com,Existing Customer,2026-01-18 10:12:40
LEAD-01790,Email Campaign,Retargeting_General,Delhi,Delhi,North,Mobile,Safari,Consulting,Enterprise,Enterprise,100Cr+,6174,35,Public,10-25%,Analyst,Email,tarak.parmer@kaledesai.com,New Business,2026-01-14 15:31:31
LEAD-00918,Facebook,Brand_Awareness,Mumbai,Maharashtra,West,Mobile,Safari,Education,Medium,Mid-Market,10Cr-50Cr,171,26,Bootstrapped,25-50%,Senior Manager,Social Media - Facebook,ojas.ranganathan@yahoo.com,Partner,2026-04-29 19:15:48
LEAD-01921,Organic Search,Brand_Awareness,Thane,Maharashtra,West,Mobile,Chrome,Manufacturing,Large,Mid-Market,10Cr-50Cr,899,10,Public,Negative,Senior Associate,Organic Search,geetika.sawhney@mistrysingha.com,New Business,2026-03-17 13:48:25
LEAD-01579,Direct,Brand_Awareness,Mumbai,Maharashtra,West,Mobile,Chrome,Education,Enterprise,Enterprise,50Cr-100Cr,4876,10,Series C+,0-10%,Senior Manager,Direct,nirja.kaul@rattichar.com,Existing Customer,2026-04-25 20:23:58
LEAD-01019,Facebook,Manufacturing_AI,Delhi,Delhi,North,Desktop,Chrome,Manufacturing,Large,Mid-Market,50Cr-100Cr,879,23,Public,10-25%,Analyst,Social Media - Facebook,indira.pant@palanltd.com,New Business,2026-03-01 15:52:02
LEAD-00887,LinkedIn,Retargeting_General,Bangalore,Karnataka,South,Desktop,Chrome,Manufacturing,Large,Mid-Market,10Cr-50Cr,879,17,Series C+,10-25%,Analyst,Social Media - LinkedIn,amruta.goswami@pandyakamdar.com,New Business,2026-03-02 18:22:30
LEAD-01256,Instagram,Startup_Founders,Hyderabad,Telangana,South,Desktop,,SaaS,Small,SMB,1Cr-10Cr,6,15,Unknown,25-50%,Manager,Social Media - Instagram,bakhshi.nadig@outlook.com,Partner,2026-04-10 18:29:04
LEAD-01822,Email Campaign,Q1_BFSI_Mumbai,Thane,Maharashtra,West,Mobile,Edge,Healthcare,Large,Mid-Market,10Cr-50Cr,788,25,Public,25-50%,CXO,Email,ubika.sura@varmabanik.com,Existing Customer,2026-02-17 12:54:45
LEAD-00501,LinkedIn,Retargeting_General,Thane,Maharashtra,West,Mobile,Edge,Manufacturing,Enterprise,Enterprise,100Cr+,2851,30,Series B,10-25%,Founder,Social Media - LinkedIn,ubika.tella@prasadraman.com,New Business,2026-05-02 18:15:17
LEAD-01502,Direct,Retargeting_General,Mumbai,Maharashtra,West,Desktop,Safari,Logistics,Enterprise,Enterprise,50Cr-100Cr,8607,35,Series B,50%+,Senior Associate,Organic Search,jalsa.sha@vartyhans.com,New Business,2026-05-20 18:48:27
LEAD-00435,Google,SaaS_Enterprise_Q1,Mumbai,Maharashtra,West,Desktop,Chrome,SaaS,Medium,Mid-Market,1Cr-10Cr,72,9,Series A,10-25%,Founder,Organic Search,ganga.brar@kumerandsons.com,New Business,2026-04-16 20:24:15
LEAD-01124,Facebook,Brand_Awareness,Navi Mumbai,Maharashtra,West,Mobile,,Healthcare,Enterprise,Enterprise,1Cr-10Cr,7926,54,Series B,10-25%,Director,Display Ad,rachana.ramesh@balasubraman.com,Existing Customer,2026-03-31 18:31:01
LEAD-01395,Instagram,Retargeting_General,Thane,Maharashtra,West,Desktop,Firefox,Logistics,Small,SMB,1Cr-10Cr,48,13,Series A,50%+,Analyst,Social Media - Instagram,sudiksha.talwar@gmail.com,Partner,2026-01-22 15:28:57
LEAD-01497,Direct,Brand_Awareness,Ahmedabad,Gujarat,West,Mobile,Chrome,Logistics,Large,Mid-Market,10Cr-50Cr,736,11,Series B,25-50%,Director,Referral,aashi.tripathi@bhasinllc.com,Existing Customer,2026-04-20 15:57:30
LEAD-00075,Google,Retargeting_General,Hyderabad,Telangana,South,Mobile,Chrome,Retail,Large,Mid-Market,50Cr-100Cr,770,7,Series B,25-50%,Senior Manager,Organic Search,garima.bala@gmail.com,Partner,2026-04-26 08:03:23
LEAD-01727,Referral,Brand_Awareness,Delhi,Delhi,North,Mobile,Chrome,BFSI,Large,Mid-Market,100Cr+,886,18,Unknown,Negative,Director,Email,ayushman.keer@bhattoommen.com,Existing Customer,2026-02-28 08:00:36
LEAD-00151,Google,Q1_BFSI_Pune,Pune,Maharashtra,West,Mobile,Firefox,Real Estate,Enterprise,Enterprise,100Cr+,5502,44,Series C+,Negative,Senior Associate,Paid Search,manthan.lata@gmail.com,Existing Customer,2026-02-22 19:43:27
LEAD-01519,Direct,Retargeting_General,Mumbai,Maharashtra,West,Mobile,,SaaS,Large,Mid-Market,10Cr-50Cr,554,10,Series B,10-25%,Manager,Direct,manthan.nanda@sharmasengup.com,Existing Customer,2026-04-15 10:59:42
LEAD-01471,Direct,Retargeting_General,Ahmedabad,Gujarat,West,Desktop,Chrome,BFSI,Large,Mid-Market,50Cr-100Cr,281,22,Unknown,10-25%,Manager,Direct,yahvi.balay@duttghosh.com,New Business,2026-02-01 15:33:52
LEAD-00712,LinkedIn,Retargeting_General,Bangalore,Karnataka,South,Desktop,Chrome,Manufacturing,Enterprise,Enterprise,100Cr+,2828,16,Public,Negative,VP,Referral,radha.sanghvi@dayalplc.com,New Business,2026-05-22 20:55:08
LEAD-01544,Direct,Retargeting_General,Bangalore,Karnataka,South,Mobile,Chrome,Retail,Large,Mid-Market,50Cr-100Cr,675,12,Public,10-25%,Senior Manager,Direct,yashvi.manda@raipanchalan.com,Existing Customer,2026-04-26 15:30:20
LEAD-00938,Facebook,Brand_Awareness,Thane,Maharashtra,West,Mobile,Chrome,Consulting,Medium,Mid-Market,1Cr-10Cr,82,8,Series C+,10-25%,Senior Associate,Social Media - Facebook,ekani.bahl@swamyguha.com,Existing Customer,2026-02-24 09:36:18
LEAD-00526,LinkedIn,SaaS_Enterprise_Q1,Delhi,Delhi,North,Mobile,Chrome,SaaS,Enterprise,Enterprise,100Cr+,3670,34,Public,25-50%,Founder,Paid Search,umang.yogi@balimaharaj.com,New Business,2026-03-25 10:07:19
LEAD-01429,Direct,Retargeting_General,Mumbai,Maharashtra,West,Desktop,Chrome,BFSI,Enterprise,Enterprise,100Cr+,6579,19,Series C+,0-10%,Manager,Organic Search,nicholas.rama@bailandsons.com,New Business,2026-04-10 09:02:03
LEAD-01718,Referral,Retargeting_General,Kolkata,West Bengal,East,Mobile,Chrome,BFSI,Medium,Mid-Market,10Cr-50Cr,95,10,Public,25-50%,Senior Manager,Referral,amruta.kadakia@padmanabhana.com,New Business,2026-02-19 11:13:11
LEAD-00621,LinkedIn,Retargeting_General,Pune,Maharashtra,West,Mobile,Chrome,Healthcare,Large,Mid-Market,10Cr-50Cr,384,11,Series C+,10-25%,Owner,Social Media - LinkedIn,atharv.nagar@outlook.com,New Business,2026-05-02 10:38:36
LEAD-01680,Referral,Brand_Awareness,Pune,Maharashtra,West,Desktop,Chrome,Logistics,Enterprise,Enterprise,100Cr+,7003,60,Series B,0-10%,CXO,Email,onveer.krishnamurthy@tatachaudrya.com,New Business,2026-05-09 08:00:10
LEAD-01682,Referral,Brand_Awareness,Navi Mumbai,Maharashtra,West,Mobile,Safari,Real Estate,Large,Mid-Market,50Cr-100Cr,516,17,Unknown,Negative,Analyst,Direct,vasatika.bir@gillnadkarni.com,Existing Customer,2026-01-06 14:51:28
LEAD-01932,Organic Search,Brand_Awareness,Kolkata,West Bengal,East,Mobile,Opera,Manufacturing,Large,Mid-Market,50Cr-100Cr,267,9,Public,25-50%,Executive,Direct,siddharth.apte@chhabrainc.com,Existing Customer,2026-04-29 18:55:00
LEAD-01065,Facebook,Retargeting_General,Pune,Maharashtra,West,Desktop,Chrome,BFSI,Medium,Mid-Market,10Cr-50Cr,143,19,Bootstrapped,10-25%,Owner,Paid Search,jairaj.maharaj@outlook.com,New Business,2026-02-16 15:57:01
LEAD-00879,LinkedIn,SaaS_Enterprise_Q1,Mumbai,Maharashtra,West,Tablet,Safari,SaaS,Medium,Mid-Market,50Cr-100Cr,122,23,Series A,10-25%,Manager,Paid Search,chaitaly.oak@chhabraboraa.com,New Business,2026-02-14 12:10:07
LEAD-01301,Instagram,Startup_Founders,Chennai,Tamil Nadu,South,Desktop,Chrome,Education,Small,SMB,<1Cr,7,10,Unknown,25-50%,Executive,Display Ad,jagat.kulkarni@varghesebhar.com,Partner,2026-04-02 18:31:33
LEAD-01741,Referral,Retargeting_General,Pune,Maharashtra,West,Mobile,Firefox,BFSI,Large,Mid-Market,10Cr-50Cr,337,23,Series A,50%+,Owner,Referral,azad.datta@dharvenkates.com,New Business,2026-04-05 20:12:34
LEAD-00281,Google,Q1_BFSI_Mumbai,Navi Mumbai,Maharashtra,West,Mobile,Chrome,BFSI,Small,Startup,<1Cr,39,5,Seed,10-25%,Associate,Paid Search,laksh.dubey@handakara.com,Existing Customer,2026-01-21 19:47:59
LEAD-01836,Email Campaign,Healthcare_Demo,Bangalore,Karnataka,South,Desktop,,Healthcare,Medium,Mid-Market,10Cr-50Cr,86,16,Bootstrapped,50%+,VP,Email,yachana.ramachandran@dattanairand.com,New Business,2026-04-21 21:10:00
LEAD-00169,Google,Q1_BFSI_Mumbai,Thane,Maharashtra,West,Mobile,Opera,BFSI,Medium,Mid-Market,10Cr-50Cr,216,26,Series A,25-50%,Senior Manager,Display Ad,ojasvi.subramanian@manneupadhya.com,New Business,2026-03-26 20:27:06
LEAD-01049,Facebook,Retargeting_General,Thane,Maharashtra,West,Desktop,Edge,Technology,Large,Mid-Market,10Cr-50Cr,549,21,Series A,10-25%,Owner,Social Media - Facebook,shivani.patil@yahoo.com,New Business,2026-02-17 18:12:21
LEAD-00051,Google,SaaS_Enterprise_Q1,Mumbai,Maharashtra,West,Desktop,Chrome,SaaS,Medium,Mid-Market,10Cr-50Cr,214,16,Series C+,25-50%,Manager,Organic Search,ekansh.keer@buchgrewalan.com,Existing Customer,2026-03-21 16:20:58
LEAD-01317,Instagram,Startup_Founders,Bangalore,Karnataka,South,Mobile,Opera,SaaS,Small,SMB,1Cr-10Cr,26,10,Seed,25-50%,Founder,Display Ad,henry.randhawa@yahoo.com,New Business,2026-04-12 20:11:57
LEAD-01094,Facebook,Brand_Awareness,Thane,Maharashtra,West,Mobile,Edge,BFSI,Large,Mid-Market,10Cr-50Cr,280,25,Series B,0-10%,Director,Display Ad,aradhana.walia@gmail.com,New Business,2026-04-18 09:23:29
LEAD-00349,Google,Q1_BFSI_Mumbai,Navi Mumbai,Maharashtra,West,Mobile,Firefox,BFSI,Enterprise,Enterprise,10Cr-50Cr,9982,33,Series C+,Negative,Analyst,Display Ad,harini.dhawan@shettyjani.com,New Business,2026-01-16 10:45:47
LEAD-00807,LinkedIn,Brand_Awareness,Thane,Maharashtra,West,Mobile,Chrome,Consulting,Enterprise,Enterprise,50Cr-100Cr,8812,57,Series B,0-10%,CXO,Social Media - LinkedIn,urvi.dugar@ranabalasubr.com,Existing Customer,2026-03-03 10:20:43
LEAD-00856,LinkedIn,Brand_Awareness,Hyderabad,Telangana,South,Desktop,Chrome,BFSI,Large,Mid-Market,50Cr-100Cr,480,11,Series A,10-25%,Manager,Referral,pavani.desai@pallachaudha.com,New Business,2026-04-21 16:03:42
LEAD-01648,Referral,Brand_Awareness,Navi Mumbai,Maharashtra,West,Mobile,,Manufacturing,Large,Mid-Market,10Cr-50Cr,348,6,Public,0-10%,Manager,Email,abhimanyu.dhar@shankermajum.com,New Business,2026-03-10 18:46:01
LEAD-00182,Google,Q1_BFSI_Pune,Mumbai,Maharashtra,West,Mobile,Chrome,BFSI,Medium,Mid-Market,50Cr-100Cr,111,11,Series A,10-25%,Manager,Paid Search,vinaya.banik@wallaraiandn.com,New Business,2026-01-23 21:45:39
LEAD-00870,LinkedIn,Retargeting_General,Delhi,Delhi,North,Mobile,Edge,Retail,Large,Mid-Market,,487,19,Series B,25-50%,VP,Paid Search,bhavini.bhandari@baradrajagop.com,New Business,2026-01-30 19:15:28
LEAD-00855,LinkedIn,Retargeting_General,Mumbai,Maharashtra,West,Mobile,Safari,Consulting,Enterprise,Enterprise,50Cr-100Cr,7295,29,Series C+,0-10%,Analyst,Paid Search,veer.subramaniam@waglegroup.com,New Business,2026-01-22 08:17:54
LEAD-01843,Email Campaign,Manufacturing_AI,Delhi,Delhi,North,Desktop,Safari,SaaS,Small,SMB,50Cr-100Cr,46,6,Public,10-25%,Director,Paid Search,harshil.thakkar@sanghviissac.com,New Business,2026-04-23 10:21:25
LEAD-01644,Referral,Retargeting_General,Bangalore,Karnataka,South,Mobile,Edge,Technology,Enterprise,Enterprise,50Cr-100Cr,9439,27,Series C+,0-10%,Executive,Referral,naksh.choudhry@royraman.com,Existing Customer,2026-03-05 14:07:56
LEAD-01917,Organic Search,SaaS_Enterprise_Q1,Hyderabad,Telangana,South,Mobile,Chrome,Technology,Medium,Mid-Market,1Cr-10Cr,223,21,Unknown,50%+,Senior Manager,Organic Search,ethan.sood@cherianltd.com,Partner,2026-05-12 18:12:44
LEAD-01447,Direct,Brand_Awareness,Ahmedabad,Gujarat,West,Mobile,Chrome,SaaS,Large,Mid-Market,1Cr-10Cr,535,13,Series B,Negative,Director,Referral,abdul.rana@warriorbadam.com,New Business,2026-03-13 18:13:46
LEAD-00538,LinkedIn,SaaS_Enterprise_Q1,Hyderabad,Telangana,South,Mobile,Safari,BFSI,Enterprise,Enterprise,100Cr+,5765,12,Series C+,Negative,CXO,Social Media - LinkedIn,amruta.sachdeva@ramaswamysur.com,New Business,2026-03-20 18:57:52
LEAD-01600,Direct,Brand_Awareness,Mumbai,Maharashtra,West,Mobile,Firefox,Healthcare,Enterprise,Enterprise,100Cr+,3664,47,Public,0-10%,Director,Organic Search,owen.nori@kandallc.com,New Business,2026-05-31 09:19:14
LEAD-00472,Google,Brand_Awareness,Pune,Maharashtra,West,Mobile,Chrome,SaaS,Medium,Mid-Market,100Cr+,96,14,Bootstrapped,50%+,Senior Associate,Paid Search,keya.sankaran@parekhplc.com,Existing Customer,2026-01-20 09:10:17
LEAD-01515,Direct,Retargeting_General,Hyderabad,Telangana,South,Mobile,Safari,Education,Medium,Mid-Market,10Cr-50Cr,148,7,Seed,25-50%,VP,Referral,tanveer.goswami@modyllc.com,Existing Customer,2026-02-27 17:03:52
LEAD-01274,Instagram,Startup_Founders,Pune,Maharashtra,West,Desktop,Firefox,SaaS,Large,Mid-Market,50Cr-100Cr,302,28,Series B,10-25%,Analyst,Social Media - Instagram,gaurang.ahuja@yahoo.com,Partner,2026-05-28 15:28:28
LEAD-00104,Google,SaaS_Enterprise_Q1,Mumbai,Maharashtra,West,Mobile,Edge,SaaS,Enterprise,Enterprise,10Cr-50Cr,3982,59,Unknown,10-25%,Associate,Paid Search,anjali.sarin@kannansuraan.com,New Business,2026-01-08 21:07:33
LEAD-01399,Instagram,Brand_Awareness,Mumbai,Maharashtra,West,Desktop,Safari,Logistics,Medium,Mid-Market,1Cr-10Cr,234,17,Public,10-25%,Owner,Display Ad,madhav.balakrishnan@golerege.com,New Business,2026-05-10 12:32:57
LEAD-01280,Instagram,Retargeting_General,Pune,Maharashtra,West,Mobile,Chrome,Logistics,Medium,Mid-Market,1Cr-10Cr,118,23,Series A,50%+,Senior Associate,Display Ad,yash.balakrishnan@golaswamy.com,New Business,2026-02-13 21:37:20
LEAD-00369,Google,SaaS_Enterprise_Q1,Delhi,Delhi,North,Desktop,Chrome,Consulting,Medium,Mid-Market,10Cr-50Cr,147,29,Public,0-10%,Analyst,Organic Search,chandani.soman@yahoo.com,New Business,2026-02-27 15:25:00
LEAD-01659,Referral,Brand_Awareness,Delhi,Delhi,North,Desktop,Safari,Technology,Enterprise,Enterprise,100Cr+,6208,58,Unknown,0-10%,Senior Associate,Direct,hemal.rastogi@yahoo.com,Existing Customer,2026-02-02 21:29:42
LEAD-01114,Facebook,Retargeting_General,Mumbai,Maharashtra,West,Mobile,Chrome,Retail,Large,Mid-Market,50Cr-100Cr,718,20,Unknown,10-25%,Manager,Social Media - Facebook,oscar.brahmbhatt@outlook.com,New Business,2026-04-06 18:57:23
LEAD-01935,Organic Search,Brand_Awareness,Mumbai,Maharashtra,West,Mobile,Firefox,SaaS,Medium,Mid-Market,10Cr-50Cr,148,8,Series B,Negative,Senior Associate,Content Marketing,dayamai.anand@murtyinc.com,Partner,2026-03-15 10:15:41
LEAD-00133,Google,SaaS_Enterprise_Q1,Mumbai,Maharashtra,West,Mobile,Chrome,Technology,Medium,Mid-Market,1Cr-10Cr,70,23,Seed,50%+,CXO,Paid Search,reyansh.mutti@kashyapdara.com,New Business,2026-01-20 10:20:54
LEAD-01812,Email Campaign,Manufacturing_AI,,Delhi,North,Mobile,Chrome,Manufacturing,Medium,Mid-Market,1Cr-10Cr,102,29,Series A,25-50%,Manager,Email,waida.anne@bhandarichad.com,Existing Customer,2026-04-14 15:44:38
LEAD-01432,Direct,Retargeting_General,Delhi,Delhi,North,Tablet,Chrome,Real Estate,Medium,Startup,10Cr-50Cr,151,4,Bootstrapped,50%+,Executive,Referral,ryan.suri@charpillaian.com,Existing Customer,2026-02-10 13:20:00
LEAD-00688,LinkedIn,SaaS_Enterprise_Q1,Hyderabad,Telangana,South,Desktop,,SaaS,Medium,Startup,50Cr-100Cr,238,3,Series A,25-50%,Owner,Referral,samuel.luthra@karltd.com,Existing Customer,2026-01-25 19:23:36
LEAD-00473,Google,SaaS_Enterprise_Q1,Navi Mumbai,Maharashtra,West,Desktop,Chrome,SaaS,Medium,Mid-Market,1Cr-10Cr,225,22,Series C+,Unknown,Associate,Paid Search,chakrika.koshy@raiinc.com,New Business,2026-02-23 15:47:41
LEAD-01971,Organic Search,Retargeting_General,Mumbai,Maharashtra,West,Desktop,Safari,Education,Large,Mid-Market,50Cr-100Cr,319,9,Unknown,10-25%,Manager,Content Marketing,lopa.anne@outlook.com,New Business,2026-05-28 10:35:05
LEAD-01079,Facebook,Retargeting_General,Ahmedabad,Gujarat,West,Mobile,Firefox,BFSI,Large,Mid-Market,10Cr-50Cr,885,29,Series A,0-10%,Intern,Paid Search,chandani.mutti@gmail.com,New Business,2026-01-21 18:48:57
LEAD-00356,Google,Q1_BFSI_Pune,Thane,Maharashtra,West,Desktop,Chrome,BFSI,Large,Mid-Market,50Cr-100Cr,454,16,Series B,10-25%,CXO,Paid Search,arin.chana@morartank.com,Existing Customer,2026-02-25 09:15:40
LEAD-00092,Google,Retargeting_General,Thane,Maharashtra,West,Desktop,Safari,Retail,,Enterprise,100Cr+,3869,59,Unknown,10-25%,Manager,Organic Search,theodore.goda@ahluwaliachh.com,New Business,2026-05-03 18:11:51
LEAD-01089,Facebook,Retargeting_General,Thane,Maharashtra,West,Mobile,Chrome,Healthcare,Large,Mid-Market,-1,976,23,Series B,25-50%,Manager,Paid Search,guneet.varty@yahoo.com,Existing Customer,2026-03-05 15:36:30
LEAD-00635,LinkedIn,Brand_Awareness,Navi Mumbai,Maharashtra,West,Mobile,Safari,Healthcare,Medium,Mid-Market,1Cr-10Cr,247,24,Seed,10-25%,CXO,Social Media - LinkedIn,damyanti.menon@outlook.com,Existing Customer,2026-01-27 19:34:50
LEAD-00008,Google,Retargeting_General,Thane,Maharashtra,West,Mobile,Chrome,Manufacturing,Large,Mid-Market,10Cr-50Cr,697,20,Series B,0-10%,Owner,Paid Search,jeet.radhakrishnan@lallabassian.com,New Business,2026-03-28 18:43:51
LEAD-01490,Direct,Retargeting_General,Thane,Maharashtra,West,Desktop,Chrome,Healthcare,Large,Mid-Market,50Cr-100Cr,257,20,Series B,25-50%,Senior Associate,Referral,manan.raval@anandmammen.com,Partner,2026-02-28 21:35:19
LEAD-01707,Referral,Brand_Awareness,Mumbai,Maharashtra,West,Mobile,,Technology,Enterprise,Enterprise,50Cr-100Cr,7771,46,Public,0-10%,Director,Direct,kashvi.rajagopalan@sagarrana.com,New Business,2026-01-04 09:56:17
LEAD-01992,Organic Search,SaaS_Enterprise_Q1,Bangalore,Karnataka,South,Desktop,Safari,Education,Large,Mid-Market,10Cr-50Cr,641,5,Series C+,25-50%,Manager,Organic Search,eesha.nayak@outlook.com,New Business,2026-02-02 17:58:18
LEAD-00909,Facebook,Manufacturing_AI,Kolkata,West Bengal,East,Mobile,Chrome,Education,Large,Mid-Market,50Cr-100Cr,954,10,Series A,10-25%,Senior Associate,Paid Search,nisha.dara@kurianpadman.com,New Business,2026-04-10 17:13:44
LEAD-01133,Facebook,Retargeting_General,Bangalore,Karnataka,South,Mobile,Chrome,Real Estate,Small,Startup,1Cr-10Cr,43,2,Seed,10-25%,Senior Associate,Display Ad,warjas.thaker@ambletara.com,New Business,2026-01-30 16:02:14
LEAD-00136,Google,Brand_Awareness,Chennai,Tamil Nadu,South,Mobile,Chrome,Technology,Medium,Mid-Market,1Cr-10Cr,216,18,Seed,10-25%,VP,Paid Search,jalsa.gola@yahoo.com,New Business,2026-04-08 15:55:58
LEAD-01572,Direct,Brand_Awareness,Navi Mumbai,Maharashtra,West,Desktop,Chrome,Real Estate,Medium,Mid-Market,10Cr-50Cr,152,20,Series A,0-10%,Executive,Referral,hritik.solanki@nattkrishnaa.com,Existing Customer,2026-01-01 16:50:38
LEAD-01206,Instagram,Startup_Founders,,Karnataka,South,Mobile,Brave,Technology,Medium,Mid-Market,50Cr-100Cr,227,9,Unknown,25-50%,Executive,Social Media - Instagram,caleb.bhagat@godadutta.com,New Business,2026-03-05 10:45:02
LEAD-01219,Instagram,Startup_Founders,Pune,Maharashtra,West,Mobile,Chrome,SaaS,Small,SMB,1Cr-10Cr,6,7,Bootstrapped,25-50%,Intern,Content Marketing,chakrika.dugar@outlook.com,New Business,2026-04-06 20:16:50
LEAD-01078,Facebook,Brand_Awareness,Thane,Maharashtra,West,Mobile,Chrome,Manufacturing,Enterprise,Enterprise,100Cr+,6649,57,Unknown,25-50%,Associate,Social Media - Facebook,gautami.shere@dugalsharma.com,Partner,2026-01-02 18:56:43
LEAD-00108,Google,Brand_Awareness,Mumbai,Maharashtra,West,Mobile,Edge,SaaS,,SMB,,11,9,Seed,25-50%,Senior Associate,Organic Search,ladli.narang@bedillc.com,New Business,2026-04-29 11:21:38
LEAD-01915,Organic Search,Brand_Awareness,Mumbai,Maharashtra,West,Mobile,Chrome,Healthcare,Large,Mid-Market,50Cr-100Cr,965,18,Unknown,10-25%,Director,Direct,lakshit.dalal@kapurinc.com,New Business,2026-05-21 11:20:17
LEAD-00078,Google,Brand_Awareness,Mumbai,Maharashtra,West,Mobile,,Consulting,Medium,Mid-Market,10Cr-50Cr,146,14,Seed,0-10%,Senior Manager,Display Ad,ranveer.kumar@outlook.com,New Business,2026-03-28 18:38:03
LEAD-01480,Direct,Retargeting_General,Mumbai,Maharashtra,West,Desktop,Edge,Technology,Medium,Mid-Market,1Cr-10Cr,212,20,Series A,10-25%,Founder,Referral,reva.sagar@yahoo.com,New Business,2026-03-30 10:46:23
LEAD-01769,Email Campaign,Q1_BFSI_Mumbai,Mumbai,Maharashtra,West,Desktop,Safari,SaaS,Large,Mid-Market,10Cr-50Cr,496,24,Series A,25-50%,Director,Direct,gopal.parekh@gangulybhall.com,New Business,2026-02-21 10:59:26
LEAD-00120,Google,Retargeting_General,Mumbai,Maharashtra,West,Desktop,Chrome,Logistics,Large,Mid-Market,10Cr-50Cr,601,22,Series A,10-25%,Executive,Organic Search,rachita.pathak@yahoo.com,New Business,2026-03-09 17:30:12
LEAD-00184,Google,Brand_Awareness,Hyderabad,Telangana,South,Mobile,Edge,SaaS,Small,Startup,10Cr-50Cr,49,4,Series A,25-50%,Manager,Paid Search,sachi.ganesan@chaudharicha.com,New Business,2026-03-12 21:41:08
LEAD-00027,Google,SaaS_Enterprise_Q1,Hyderabad,Telangana,South,Desktop,,SaaS,Large,Mid-Market,50Cr-100Cr,546,27,Series C+,25-50%,Senior Associate,Organic Search,anirudh.choudhury@acharyanaika.com,New Business,2026-01-30 12:50:50
LEAD-00412,Google,Q1_BFSI_Pune,Pune,Maharashtra,West,Mobile,Chrome,Technology,Large,Mid-Market,10Cr-50Cr,859,7,Public,0-10%,VP,Display Ad,turvi.morar@shanbhardwaj.com,Partner,2026-02-19 18:47:19
LEAD-01708,Referral,Brand_Awareness,Thane,Maharashtra,West,Mobile,Chrome,Logistics,Large,Mid-Market,10Cr-50Cr,276,7,Unknown,10-25%,Senior Manager,Referral,nilima.barad@morarbobal.com,Partner,2026-01-05 11:51:05
LEAD-01738,Referral,Retargeting_General,Mumbai,Maharashtra,West,Mobile,Brave,Manufacturing,Enterprise,Enterprise,50Cr-100Cr,3954,51,Series B,50%+,Director,Referral,sachi.kaur@nandaltd.com,Partner,2026-02-13 20:10:15
LEAD-01226,Instagram,Brand_Awareness,Mumbai,Maharashtra,West,Desktop,Edge,BFSI,Medium,Mid-Market,1Cr-10Cr,56,11,Unknown,0-10%,Analyst,Social Media - Instagram,wridesh.chacko@outlook.com,Partner,2026-04-07 20:34:29
LEAD-00782,LinkedIn,Retargeting_General,Delhi,Delhi,North,Mobile,Safari,Manufacturing,Enterprise,Enterprise,100Cr+,4160,48,Public,Negative,Manager,Paid Search,falan.grover@sengoel.com,New Business,2026-01-06 16:32:48
LEAD-00445,Google,Brand_Awareness,Chennai,Tamil Nadu,South,Mobile,Chrome,Retail,Large,Mid-Market,,651,23,Series B,25-50%,Associate,Organic Search,omisha.merchant@gmail.com,New Business,2026-05-06 15:27:25
LEAD-01343,Instagram,Brand_Awareness,Thane,Maharashtra,West,Mobile,Chrome,Real Estate,Small,SMB,1Cr-10Cr,28,14,Series B,0-10%,Intern,Display Ad,baljiwan.sharma@yahoo.com,New Business,2026-01-17 13:28:37
LEAD-00862,LinkedIn,SaaS_Enterprise_Q1,Pune,Maharashtra,West,Desktop,Chrome,Technology,Medium,Mid-Market,50Cr-100Cr,65,23,Unknown,0-10%,Senior Manager,Paid Search,mekhala.jani@sampathpauan.com,New Business,2026-03-20 16:20:04
LEAD-01883,Email Campaign,SaaS_Enterprise_Q1,Mumbai,Maharashtra,West,Mobile,Chrome,Technology,Enterprise,Enterprise,10Cr-50Cr,5886,11,Series C+,25-50%,VP,Paid Search,dayita.gaba@golemandaand.com,New Business,2026-03-23 15:13:48
LEAD-01813,Email Campaign,Manufacturing_AI,Navi Mumbai,Maharashtra,West,Mobile,Chrome,BFSI,Large,Mid-Market,10Cr-50Cr,293,6,Series A,10-25%,Founder,Direct,varsha.tank@trivedideshp.com,Partner,2026-02-06 10:55:29
LEAD-00406,Google,Q1_BFSI_Mumbai,Thane,Maharashtra,West,Desktop,Chrome,Education,Medium,Mid-Market,1Cr-10Cr,137,26,Series C+,Negative,Director,Organic Search,urishilla.yogi@prakashsagar.com,New Business,2026-02-11 10:30:09
LEAD-01486,Direct,Brand_Awareness,Kolkata,West Bengal,East,Mobile,Safari,Manufacturing,,Mid-Market,50Cr-100Cr,173,11,Public,10-25%,Senior Manager,Referral,hamsini.murty@gmail.com,Existing Customer,2026-03-09 10:09:13
LEAD-01426,Direct,Brand_Awareness,Navi Mumbai,Maharashtra,West,Tablet,Safari,Consulting,Medium,Mid-Market,100Cr+,128,29,Series C+,0-10%,Analyst,Organic Search,chanakya.mandal@dayalkakar.com,New Business,2026-02-22 19:57:37
LEAD-01321,Instagram,Brand_Awareness,Bangalore,Karnataka,South,Mobile,,Unknown,Small,SMB,<1Cr,7,13,Series C+,50%+,Intern,Display Ad,xalak.mallick@kaulgroup.com,New Business,2026-03-25 18:54:37
LEAD-00117,Google,Q1_BFSI_Pune,Mumbai,Maharashtra,West,Mobile,Chrome,Technology,Large,Mid-Market,1Cr-10Cr,522,25,Unknown,10-25%,Director,Paid Search,charvi.dara@kibeinc.com,New Business,2026-02-06 11:46:03
LEAD-01495,Direct,Retargeting_General,Chennai,Tamil Nadu,South,Tablet,Chrome,BFSI,,Startup,10Cr-50Cr,94,4,Series A,Unknown,Intern,Direct,ayaan.zacharia@oakduttaandb.com,Existing Customer,2026-01-04 09:39:55
LEAD-00416,Google,Brand_Awareness,Thane,Maharashtra,West,Desktop,Firefox,Healthcare,Enterprise,Enterprise,100Cr+,9741,15,Public,50%+,Founder,Display Ad,osha.prasad@outlook.com,Partner,2026-04-30 17:08:05
LEAD-01335,Instagram,Brand_Awareness,Bangalore,Karnataka,South,Mobile,Chrome,Retail,Medium,Mid-Market,1Cr-10Cr,54,26,Public,0-10%,Associate,Display Ad,naksh.toor@zachariasing.com,New Business,2026-03-19 20:33:06
LEAD-00821,LinkedIn,SaaS_Enterprise_Q1,Hyderabad,Telangana,South,Desktop,Opera,SaaS,Large,Mid-Market,10Cr-50Cr,555,23,Series A,0-10%,VP,Social Media - LinkedIn,sanaya.parmer@narulasriniv.com,Existing Customer,2026-01-24 14:50:56
LEAD-01701,Referral,Brand_Awareness,Navi Mumbai,Maharashtra,West,Desktop,Safari,Consulting,Medium,Mid-Market,10Cr-50Cr,134,24,Series B,50%+,Director,Email,anmol.raj@santdugaland.com,Existing Customer,2026-04-20 12:49:00
LEAD-01015,Facebook,Brand_Awareness,Thane,Maharashtra,West,Mobile,Chrome,BFSI,Medium,Mid-Market,10Cr-50Cr,178,7,Public,10-25%,Analyst,Display Ad,diya.sundaram@yahoo.com,Existing Customer,2026-05-18 19:51:53
LEAD-00294,Google,Q1_BFSI_Mumbai,Mumbai,Maharashtra,West,Mobile,Safari,BFSI,Large,Mid-Market,10Cr-50Cr,952,18,Series C+,0-10%,Senior Manager,Paid Search,finn.prasad@outlook.com,Partner,2026-02-23 19:56:47
LEAD-01919,Organic Search,Retargeting_General,Chennai,Tamil Nadu,South,Desktop,Chrome,Education,Large,Mid-Market,-1,818,27,Unknown,0-10%,VP,Organic Search,advik.saha@kondainc.com,New Business,2026-02-05 14:46:17
LEAD-00574,LinkedIn,SaaS_Enterprise_Q1,Mumbai,Maharashtra,West,Tablet,Chrome,Technology,Large,Mid-Market,10Cr-50Cr,899,12,Series A,10-25%,Owner,Referral,laksh.apte@gilldarandar.com,New Business,2026-03-12 17:43:06
LEAD-00693,LinkedIn,Brand_Awareness,Delhi,Delhi,North,Mobile,Safari,SaaS,Large,Mid-Market,50Cr-100Cr,506,26,Unknown,0-10%,VP,Referral,harsh.amble@vermarangana.com,Partner,2026-04-28 10:28:22
LEAD-01569,Direct,Brand_Awareness,Delhi,Delhi,North,Mobile,Safari,Unknown,Enterprise,Enterprise,50Cr-100Cr,7175,33,Series C+,0-10%,Analyst,Organic Search,falan.krish@bakshikaraan.com,New Business,2026-04-13 16:24:48
LEAD-01934,Organic Search,Retargeting_General,Chennai,Tamil Nadu,South,Tablet,Edge,Logistics,Medium,Mid-Market,10Cr-50Cr,148,14,Series C+,0-10%,Senior Associate,Organic Search,veda.bath@chadabasu.com,Existing Customer,2026-02-18 17:04:15
LEAD-00050,Google,Retargeting_General,Navi Mumbai,Maharashtra,West,Mobile,Safari,SaaS,Small,Startup,1Cr-10Cr,15,4,Seed,Unknown,Owner,Display Ad,nakul.bhandari@soodplc.com,Partner,2026-05-23 13:05:50
LEAD-01207,Instagram,Brand_Awareness,Delhi,Delhi,North,Mobile,Chrome,Real Estate,Medium,Startup,1Cr-10Cr,106,3,Seed,50%+,VP,Social Media - Instagram,radhika.krishnamurthy@outlook.com,New Business,2026-05-28 08:41:13
LEAD-01735,Referral,Retargeting_General,Thane,Maharashtra,West,Desktop,Chrome,Education,Enterprise,Enterprise,50Cr-100Cr,8829,18,Series C+,50%+,Owner,Direct,ati.kothari@dasplc.com,Existing Customer,2026-02-14 08:47:32
LEAD-00655,LinkedIn,Brand_Awareness,Mumbai,Maharashtra,West,Mobile,Chrome,Technology,Enterprise,Enterprise,50Cr-100Cr,4144,26,Series B,0-10%,Founder,Referral,darika.rao@solankiinc.com,New Business,2026-04-15 15:40:58
LEAD-01758,Referral,Retargeting_General,Mumbai,Maharashtra,West,Mobile,Brave,BFSI,Enterprise,Enterprise,100Cr+,2428,43,Public,50%+,Owner,Referral,anusha.sridhar@thakkardasgu.com,New Business,2026-05-13 19:38:36
LEAD-00773,LinkedIn,Brand_Awareness,Thane,Maharashtra,West,Mobile,Chrome,Retail,Small,Startup,,37,4,Series B,50%+,Founder,Social Media - LinkedIn,bhavika.sami@srinivasansa.com,Existing Customer,2026-04-11 11:39:41
LEAD-01529,Direct,Retargeting_General,Bangalore,Karnataka,South,Mobile,Chrome,Logistics,Enterprise,Enterprise,100Cr+,1765,18,Public,10-25%,Manager,Direct,maanas.goswami@gmail.com,New Business,2026-04-28 09:51:37
LEAD-01366,Instagram,Retargeting_General,Navi Mumbai,Maharashtra,West,Desktop,Brave,Real Estate,Medium,Mid-Market,10Cr-50Cr,215,12,Seed,10-25%,Manager,Social Media - Instagram,fiyaz.murthy@outlook.com,New Business,2026-03-14 18:57:51
LEAD-00623,LinkedIn,Retargeting_General,Thane,Maharashtra,West,Mobile,Edge,Consulting,Enterprise,Enterprise,100Cr+,1641,57,Series C+,10-25%,Founder,Paid Search,harish.kota@parmarkaulan.com,New Business,2026-04-27 13:44:53
LEAD-00177,Google,Retargeting_General,Bangalore,Karnataka,South,Desktop,Opera,Technology,Large,Mid-Market,50Cr-100Cr,819,10,Unknown,0-10%,Manager,Paid Search,libni.doshi@solankiraj.com,Existing Customer,2026-02-05 10:20:53
LEAD-00102,Google,Retargeting_General,Pune,Maharashtra,West,Mobile,Chrome,Real Estate,Medium,Startup,50Cr-100Cr,192,5,Series A,0-10%,Manager,Display Ad,lajita.sood@ramachandran.com,New Business,2026-05-22 10:39:56
LEAD-01361,Instagram,Brand_Awareness,Mumbai,Maharashtra,West,Desktop,Chrome,Retail,Small,SMB,<1Cr,17,6,Unknown,10-25%,Executive,Content Marketing,nidra.khare@yahoo.com,Partner,2026-02-11 20:07:28
LEAD-00802,LinkedIn,SaaS_Enterprise_Q1,Navi Mumbai,Maharashtra,West,Mobile,Safari,Logistics,Large,Mid-Market,10Cr-50Cr,497,5,Series B,25-50%,VP,Paid Search,nikita.rama@bobalkariand.com,Existing Customer,2026-01-04 15:42:33
LEAD-01119,Facebook,Manufacturing_AI,Ahmedabad,Gujarat,West,Mobile,Chrome,Manufacturing,Large,Mid-Market,50Cr-100Cr,1000,30,Series C+,0-10%,VP,Social Media - Facebook,bishakha.ramakrishnan@outlook.com,New Business,2026-03-23 11:36:22
LEAD-00043,Google,SaaS_Enterprise_Q1,Mumbai,Maharashtra,West,Mobile,Chrome,Technology,Medium,Mid-Market,1Cr-10Cr,113,21,Series B,50%+,Senior Manager,Paid Search,saanvi.chaudhari@krishborra.com,Existing Customer,2026-01-11 17:55:24
LEAD-01863,Email Campaign,Q1_BFSI_Mumbai,Mumbai,Maharashtra,West,Desktop,Chrome,SaaS,Enterprise,Enterprise,100Cr+,5530,16,Public,0-10%,Founder,Paid Search,yahvi.bains@sainiviswana.com,Partner,2026-02-19 11:10:57
LEAD-01348,Instagram,Brand_Awareness,Pune,Maharashtra,West,Mobile,Firefox,SaaS,Small,SMB,1Cr-10Cr,13,14,Series C+,0-10%,Senior Manager,Display Ad,saksham.taneja@mistrypatlaa.com,New Business,2026-01-30 19:12:01
LEAD-01384,Instagram,Brand_Awareness,Hyderabad,Telangana,South,Mobile,Safari,Retail,Large,Mid-Market,<1Cr,477,11,Unknown,50%+,Intern,Display Ad,eta.setty@yahoo.com,New Business,2026-01-08 14:08:15
LEAD-01505,Direct,Brand_Awareness,Navi Mumbai,Maharashtra,West,Desktop,Safari,SaaS,Medium,Mid-Market,10Cr-50Cr,195,25,Public,50%+,Senior Associate,Direct,faras.pingle@kalasehgal.com,Existing Customer,2026-05-26 19:24:14
LEAD-01412,Direct,Retargeting_General,Chennai,Tamil Nadu,South,Mobile,Chrome,Technology,Small,Startup,<1Cr,20,5,Seed,Unknown,Analyst,Organic Search,rajata.gala@lallavarughe.com,New Business,2026-01-19 08:16:21
LEAD-00071,Google,SaaS_Enterprise_Q1,Bangalore,Karnataka,South,Mobile,Chrome,Consulting,Enterprise,Enterprise,100Cr+,8539,54,Series C+,0-10%,Senior Manager,Paid Search,balvan.singhal@chokshigroup.com,Partner,2026-01-14 11:27:37
LEAD-00081,Google,Retargeting_General,Mumbai,Maharashtra,West,Mobile,,Healthcare,Large,Mid-Market,50Cr-100Cr,600,29,Series C+,Unknown,Senior Manager,Paid Search,yashica.more@murthydashan.com,New Business,2026-02-27 10:09:04
LEAD-00006,Google,Q1_BFSI_Pune,Pune,Maharashtra,West,Desktop,Chrome,Manufacturing,Medium,Startup,10Cr-50Cr,89,2,Seed,50%+,Analyst,Display Ad,gayathri.chaudry@dugalkale.com,New Business,2026-01-05 14:26:21
LEAD-01807,Email Campaign,SaaS_Enterprise_Q1,Mumbai,Maharashtra,West,Desktop,Chrome,SaaS,Large,Mid-Market,10Cr-50Cr,837,15,Series B,0-10%,Senior Associate,Direct,tanvi.goswami@prabhakarkri.com,Existing Customer,2026-02-23 20:31:51
LEAD-00264,Google,Q1_BFSI_Mumbai,Mumbai,Maharashtra,West,Mobile,Chrome,Healthcare,Medium,Mid-Market,10Cr-50Cr,142,27,Series A,25-50%,Analyst,Paid Search,saumya.naidu@takgroup.com,Existing Customer,2026-02-01 11:44:59
LEAD-01372,Instagram,Startup_Founders,Hyderabad,Telangana,South,Desktop,Firefox,Consulting,Large,Mid-Market,10Cr-50Cr,906,10,Public,10-25%,Associate,Social Media - Instagram,tanish.maharaj@yahoo.com,New Business,2026-04-15 09:14:13
LEAD-01021,Facebook,Retargeting_General,Thane,Maharashtra,West,Mobile,Chrome,Technology,Large,Mid-Market,10Cr-50Cr,745,19,Series C+,10-25%,CXO,Paid Search,ati.kar@kurianramand.com,New Business,2026-05-22 17:12:26
LEAD-01476,Direct,Brand_Awareness,Bangalore,Karnataka,South,Desktop,Chrome,Healthcare,Enterprise,Enterprise,100Cr+,2031,11,Series C+,0-10%,Founder,Direct,benjamin.tripathi@chaudryplc.com,Existing Customer,2026-04-05 13:41:33
LEAD-00341,Google,Retargeting_General,Mumbai,Maharashtra,West,Mobile,Safari,Manufacturing,Enterprise,Enterprise,50Cr-100Cr,8599,50,Unknown,10-25%,Director,Organic Search,bhanumati.brar@karpalandven.com,New Business,2026-02-12 18:51:59
LEAD-01213,Instagram,Brand_Awareness,Mumbai,Maharashtra,West,Mobile,Chrome,Real Estate,Small,Startup,1Cr-10Cr,37,1,Bootstrapped,10-25%,Intern,Content Marketing,ethan.sinha@outlook.com,Existing Customer,2026-03-14 12:51:15
LEAD-00541,LinkedIn,Retargeting_General,Navi Mumbai,Maharashtra,West,Mobile,Chrome,BFSI,Large,Mid-Market,10Cr-50Cr,991,27,Series B,10-25%,VP,Paid Search,ishita.bhatnagar@agatechander.com,Existing Customer,2026-04-17 21:43:41
LEAD-00683,LinkedIn,Retargeting_General,Thane,Maharashtra,West,Desktop,Chrome,Consulting,Enterprise,Enterprise,10Cr-50Cr,1088,45,Series B,10-25%,Manager,Referral,ucchal.tiwari@issacmahalan.com,New Business,2026-03-22 09:02:08
LEAD-01104,Facebook,Manufacturing_AI,Kolkata,West Bengal,East,Desktop,Chrome,Manufacturing,Large,Mid-Market,50Cr-100Cr,293,17,Series C+,50%+,Senior Manager,Paid Search,gunbir.shah@yahoo.com,New Business,2026-02-27 11:48:36
LEAD-00805,LinkedIn,Retargeting_General,Thane,Maharashtra,West,Mobile,Chrome,Retail,Enterprise,Enterprise,50Cr-100Cr,5362,25,Unknown,Negative,CXO,Referral,yadavi.cherian@bathboraandp.com,Partner,2026-01-26 12:14:56
LEAD-00636,LinkedIn,Retargeting_General,Navi Mumbai,Maharashtra,West,Mobile,Chrome,Education,Enterprise,Enterprise,50Cr-100Cr,3178,31,Series C+,0-10%,Senior Manager,Social Media - LinkedIn,aarav.raman@goelltd.com,New Business,2026-03-23 21:42:30
LEAD-01942,Organic Search,Brand_Awareness,Bangalore,Karnataka,South,Mobile,Chrome,Education,Medium,Mid-Market,10Cr-50Cr,117,6,Seed,25-50%,Senior Manager,Organic Search,zaitra.virk@dhaliwaldyal.com,Existing Customer,2026-05-12 15:49:51
LEAD-01062,Facebook,Retargeting_General,Bangalore,Karnataka,South,Mobile,Safari,SaaS,Large,Mid-Market,10Cr-50Cr,565,7,Series B,10-25%,Executive,Display Ad,peter.shah@maneplc.com,Existing Customer,2026-03-22 17:57:53
LEAD-01595,Direct,Brand_Awareness,Bangalore,Karnataka,South,Mobile,Chrome,Logistics,Enterprise,Enterprise,100Cr+,9755,11,Series C+,0-10%,Manager,Direct,garima.prashad@kalakhareand.com,New Business,2026-02-01 16:13:26
LEAD-01819,Email Campaign,Retargeting_General,Ahmedabad,Gujarat,West,Mobile,Chrome,Technology,Large,Mid-Market,50Cr-100Cr,320,19,Series B,10-25%,Manager,Direct,hamsini.krish@prakashinc.com,New Business,2026-01-24 14:31:51
LEAD-01777,Email Campaign,Q1_BFSI_Mumbai,Delhi,Delhi,North,Mobile,Edge,BFSI,Large,Mid-Market,1Cr-10Cr,513,10,Public,0-10%,Manager,Direct,veda.saraf@chandragolla.com,Existing Customer,2026-01-11 14:36:39
LEAD-00867,LinkedIn,SaaS_Enterprise_Q1,Mumbai,Maharashtra,West,Desktop,Chrome,SaaS,Large,Mid-Market,50Cr-100Cr,856,5,Series A,50%+,Senior Manager,Referral,abdul.chand@ramachandran.com,New Business,2026-05-11 19:49:47
LEAD-00835,LinkedIn,Retargeting_General,Mumbai,Maharashtra,West,Mobile,Chrome,Technology,Small,SMB,50Cr-100Cr,38,11,Seed,0-10%,Director,Social Media - LinkedIn,owen.puri@vermamahalan.com,New Business,2026-04-14 09:02:01
LEAD-01347,Instagram,Brand_Awareness,Thane,Maharashtra,West,Desktop,Opera,BFSI,Small,SMB,<1Cr,7,5,Unknown,10-25%,Senior Manager,Display Ad,harinakshi.ganesan@yahoo.com,New Business,2026-02-28 13:05:03
LEAD-00285,Google,Retargeting_General,Pune,Maharashtra,West,Mobile,Chrome,Logistics,Small,Startup,1Cr-10Cr,29,1,Seed,25-50%,Senior Associate,Display Ad,wazir.sawhney@royllc.com,Existing Customer,2026-05-24 21:14:47
LEAD-01419,Direct,Retargeting_General,Mumbai,Maharashtra,West,Mobile,Edge,Logistics,Large,Mid-Market,10Cr-50Cr,724,29,Unknown,10-25%,VP,Organic Search,yashoda.mahajan@goleganguly.com,New Business,2026-04-10 09:38:43
LEAD-01014,Facebook,Manufacturing_AI,Kolkata,West Bengal,East,Tablet,Chrome,Manufacturing,Small,SMB,1Cr-10Cr,4,7,Series B,10-25%,Associate,Display Ad,libni.kashyap@outlook.com,New Business,2026-02-21 11:35:49
LEAD-00188,Google,Brand_Awareness,Kolkata,West Bengal,East,Mobile,Chrome,Consulting,Medium,Startup,1Cr-10Cr,175,3,Series A,25-50%,Director,Paid Search,lavanya.khosla@yahoo.com,New Business,2026-01-13 08:06:40
LEAD-00426,Google,Brand_Awareness,,Maharashtra,West,Mobile,Chrome,Logistics,Large,Mid-Market,50Cr-100Cr,467,26,Public,Unknown,VP,Display Ad,yahvi.mann@yahoo.com,New Business,2026-02-05 11:35:24
LEAD-00047,Google,Q1_BFSI_Mumbai,Kolkata,West Bengal,East,Desktop,Edge,Real Estate,Large,Mid-Market,10Cr-50Cr,759,14,Public,0-10%,Founder,Display Ad,bhavika.sampath@lankasha.com,New Business,2026-02-21 13:14:40
LEAD-00320,Google,Q1_BFSI_Mumbai,Kolkata,West Bengal,East,Desktop,Chrome,BFSI,Large,Mid-Market,50Cr-100Cr,409,18,Public,50%+,Senior Associate,Display Ad,ira.saran@sekhonbasak.com,New Business,2026-02-24 16:27:36
LEAD-00492,Google,Retargeting_General,Thane,Maharashtra,West,Mobile,Chrome,Healthcare,Medium,Mid-Market,1Cr-10Cr,107,11,Series B,25-50%,Senior Manager,Organic Search,triya.kadakia@outlook.com,Existing Customer,2026-05-24 17:44:53
LEAD-01391,Instagram,Retargeting_General,Navi Mumbai,Maharashtra,West,Mobile,Safari,Logistics,Small,SMB,<1Cr,48,14,Public,10-25%,Director,Display Ad,ansh.bajaj@outlook.com,New Business,2026-03-29 11:27:22
LEAD-01656,Referral,Retargeting_General,Chennai,Tamil Nadu,South,Desktop,Edge,Manufacturing,Large,Mid-Market,50Cr-100Cr,570,17,Public,Negative,CXO,Direct,faraj.cheema@darapillay.com,New Business,2026-03-20 18:11:57
LEAD-00794,LinkedIn,Retargeting_General,Thane,Maharashtra,West,Desktop,Opera,Healthcare,Enterprise,Enterprise,100Cr+,1784,10,Series B,0-10%,Executive,Social Media - LinkedIn,aryan.varughese@zachariahman.com,New Business,2026-03-24 21:44:46
LEAD-01298,Instagram,Startup_Founders,Hyderabad,Telangana,South,Desktop,Chrome,SaaS,Small,SMB,<1Cr,48,11,Public,25-50%,Analyst,Content Marketing,kalpit.brar@outlook.com,New Business,2026-05-24 21:14:55
LEAD-00847,LinkedIn,Retargeting_General,Navi Mumbai,Maharashtra,West,Desktop,Edge,Manufacturing,,Enterprise,100Cr+,4732,11,Public,Negative,Director,Referral,onkar.kanda@sinhasubrama.com,New Business,2026-01-07 20:50:51
LEAD-01035,Facebook,Retargeting_General,Hyderabad,Telangana,South,Mobile,Firefox,Logistics,Medium,Mid-Market,1Cr-10Cr,150,30,Unknown,0-10%,Executive,Display Ad,anamika.sachar@regeinc.com,New Business,2026-01-30 18:35:04
LEAD-01456,Direct,Brand_Awareness,Ahmedabad,Gujarat,West,Mobile,Chrome,Logistics,Large,Mid-Market,10Cr-50Cr,654,16,Series C+,10-25%,Associate,Organic Search,xavier.jaggi@bahrisengupt.com,Existing Customer,2026-03-19 17:18:49
LEAD-00497,Google,Brand_Awareness,Thane,Maharashtra,West,Mobile,Chrome,Manufacturing,Large,Mid-Market,10Cr-50Cr,844,16,Series C+,10-25%,Founder,Organic Search,ikbal.kothari@yadavchada.com,New Business,2026-05-09 20:46:39
LEAD-00788,LinkedIn,Brand_Awareness,Mumbai,Maharashtra,West,Desktop,Safari,Retail,Small,Startup,1Cr-10Cr,21,1,Bootstrapped,25-50%,Associate,Social Media - LinkedIn,ekansh.tiwari@gourplc.com,Partner,2026-02-24 15:36:50
LEAD-00517,LinkedIn,Retargeting_General,Bangalore,Karnataka,South,Mobile,Chrome,Healthcare,Medium,Startup,10Cr-50Cr,132,5,Seed,25-50%,Founder,Paid Search,william.mody@yahoo.com,Existing Customer,2026-03-08 09:20:02
LEAD-00187,Google,Retargeting_General,Mumbai,Maharashtra,West,Mobile,Chrome,Retail,Large,Mid-Market,50Cr-100Cr,315,30,Series C+,10-25%,Senior Manager,Display Ad,pranit.garde@waligroup.com,Existing Customer,2026-02-25 14:52:13
LEAD-01168,Facebook,Manufacturing_AI,Pune,Maharashtra,West,Mobile,Chrome,Logistics,Medium,Mid-Market,10Cr-50Cr,103,19,Seed,25-50%,VP,Social Media - Facebook,aarna.lanka@natarajanbha.com,Existing Customer,2026-02-19 18:59:06
LEAD-01865,Email Campaign,Q1_BFSI_Mumbai,Mumbai,Maharashtra,West,Mobile,Chrome,BFSI,Medium,Mid-Market,10Cr-50Cr,215,26,Unknown,25-50%,Senior Associate,Paid Search,ranveer.rao@bhatltd.com,Existing Customer,2026-05-16 20:48:05
LEAD-00826,LinkedIn,SaaS_Enterprise_Q1,,Telangana,South,Mobile,Opera,Logistics,Enterprise,Enterprise,50Cr-100Cr,9459,19,Series C+,0-10%,Manager,Paid Search,manya.kapoor@dixitpau.com,Existing Customer,2026-03-28 18:54:09
LEAD-01169,Facebook,Manufacturing_AI,Kolkata,West Bengal,East,Mobile,Chrome,Manufacturing,Small,SMB,1Cr-10Cr,5,11,Series B,0-10%,Manager,Display Ad,vyanjana.iyer@sastryinc.com,Partner,2026-02-06 21:54:30
LEAD-00581,LinkedIn,SaaS_Enterprise_Q1,Kolkata,West Bengal,East,Tablet,Chrome,SaaS,Large,Mid-Market,100Cr+,802,5,Series B,25-50%,Owner,Referral,aarnav.basu@yahoo.com,New Business,2026-04-24 18:07:22
LEAD-00221,Google,Q1_BFSI_Pune,Mumbai,Maharashtra,West,Mobile,Chrome,Technology,Large,Mid-Market,10Cr-50Cr,755,22,Series C+,25-50%,Manager,Display Ad,jonathan.sama@lankainc.com,Existing Customer,2026-01-04 11:38:14
LEAD-00383,Google,SaaS_Enterprise_Q1,Delhi,Delhi,North,Desktop,Chrome,Technology,Small,SMB,<1Cr,46,2,Public,50%+,Owner,Display Ad,farhan.pal@maniltd.com,Existing Customer,2026-02-20 19:10:01
LEAD-01230,Instagram,Brand_Awareness,Chennai,Tamil Nadu,South,Mobile,Chrome,Real Estate,Small,SMB,<1Cr,11,12,Public,0-10%,Associate,Social Media - Instagram,qasim.prabhakar@deviravi.com,New Business,2026-03-28 08:02:48
LEAD-00183,Google,SaaS_Enterprise_Q1,Delhi,Delhi,North,Mobile,Chrome,Retail,Large,Mid-Market,10Cr-50Cr,311,23,Series A,0-10%,Director,Display Ad,utkarsh.chana@biswaskeeran.com,Partner,2026-01-22 13:45:18
LEAD-01008,Facebook,Brand_Awareness,Thane,Maharashtra,West,Desktop,Chrome,Healthcare,Medium,Mid-Market,1Cr-10Cr,161,18,Series B,Negative,Associate,Display Ad,arin.narula@outlook.com,New Business,2026-01-27 21:49:17
LEAD-00734,LinkedIn,SaaS_Enterprise_Q1,Hyderabad,Telangana,South,Mobile,Opera,BFSI,Medium,Mid-Market,100Cr+,88,15,Series B,25-50%,Founder,Referral,harrison.kunda@vaidyainc.com,Partner,2026-03-03 21:04:07
LEAD-00424,Google,Q1_BFSI_Mumbai,Navi Mumbai,Maharashtra,West,Mobile,Safari,Education,Medium,Mid-Market,50Cr-100Cr,139,7,Series C+,0-10%,Senior Manager,Display Ad,chanakya.konda@bandigroup.com,New Business,2026-04-14 21:08:54
LEAD-01749,Referral,Brand_Awareness,Mumbai,Maharashtra,West,Mobile,Edge,SaaS,Medium,Mid-Market,1Cr-10Cr,177,24,Seed,25-50%,Owner,Referral,udant.lad@rajsarkarand.com,Partner,2026-02-18 10:19:44
LEAD-01025,Facebook,Brand_Awareness,Mumbai,Maharashtra,West,Mobile,Safari,Education,Medium,Startup,10Cr-50Cr,94,1,Seed,0-10%,Senior Associate,Paid Search,samaksh.devi@deepjhaveria.com,Partner,2026-05-24 18:03:57
LEAD-01040,Facebook,Manufacturing_AI,Bangalore,Karnataka,South,Desktop,Chrome,Consulting,Small,Startup,1Cr-10Cr,44,4,Seed,25-50%,Manager,Social Media - Facebook,brijesh.korpal@gmail.com,New Business,2026-02-23 16:23:43
LEAD-00592,LinkedIn,Retargeting_General,Delhi,Delhi,North,Desktop,Firefox,Technology,Large,Mid-Market,10Cr-50Cr,637,15,Series A,0-10%,Owner,Paid Search,aarav.puri@palandraandn.com,New Business,2026-01-17 20:08:03
LEAD-00653,LinkedIn,Retargeting_General,Ahmedabad,Gujarat,West,Mobile,Brave,Technology,Large,Mid-Market,50Cr-100Cr,754,5,Series B,10-25%,Founder,Paid Search,varsha.iyengar@chahalmenon.com,Existing Customer,2026-04-17 16:26:41
LEAD-00452,Google,Brand_Awareness,Bangalore,Karnataka,South,Desktop,Chrome,Logistics,Medium,Startup,1Cr-10Cr,78,1,Series A,25-50%,Manager,Organic Search,tamanna.prakash@kamdarplc.com,New Business,2026-02-26 09:51:12
LEAD-00417,Google,Q1_BFSI_Pune,Pune,Maharashtra,West,Desktop,Firefox,SaaS,Large,Mid-Market,50Cr-100Cr,978,29,Unknown,0-10%,Executive,Display Ad,keya.buch@senpurohit.com,Existing Customer,2026-02-06 21:57:39
LEAD-01140,Facebook,Brand_Awareness,Bangalore,Karnataka,South,Mobile,,Manufacturing,Medium,Mid-Market,100Cr+,171,21,Unknown,50%+,VP,Paid Search,ira.menon@outlook.com,New Business,2026-05-31 19:35:59
LEAD-01845,Email Campaign,Retargeting_General,Mumbai,Maharashtra,West,Mobile,Safari,Logistics,Large,Mid-Market,50Cr-100Cr,301,17,Public,10-25%,Analyst,Direct,anusha.handa@rattaninc.com,Partner,2026-02-21 19:46:16
LEAD-01225,Instagram,Startup_Founders,,Maharashtra,West,Desktop,Chrome,Retail,Small,Startup,1Cr-10Cr,39,5,Series A,10-25%,Analyst,Display Ad,meera.srinivas@yahoo.com,Existing Customer,2026-04-29 14:11:39
LEAD-00689,LinkedIn,Brand_Awareness,Bangalore,Karnataka,South,Mobile,Chrome,Manufacturing,Enterprise,Enterprise,100Cr+,6184,60,Public,Unknown,Senior Manager,Referral,aditya.som@routvarghese.com,New Business,2026-01-07 17:15:04
LEAD-00960,Facebook,Brand_Awareness,Bangalore,Karnataka,South,Desktop,Chrome,Unknown,Enterprise,Enterprise,100Cr+,2828,56,Series C+,10-25%,Associate,Social Media - Facebook,ranveer.grover@yahoo.com,New Business,2026-02-19 17:51:40
LEAD-00536,LinkedIn,SaaS_Enterprise_Q1,Bangalore,Karnataka,South,Mobile,Chrome,SaaS,,Mid-Market,10Cr-50Cr,169,9,Series A,Negative,Manager,Social Media - LinkedIn,jonathan.deo@yahoo.com,New Business,2026-01-20 19:44:28
LEAD-01371,Instagram,Startup_Founders,Hyderabad,Telangana,South,Mobile,Safari,SaaS,Medium,Mid-Market,1Cr-10Cr,164,24,Series C+,Negative,Analyst,Social Media - Instagram,pallavi.kamdar@ramakrishnan.com,New Business,2026-05-24 09:05:19
LEAD-00428,Google,SaaS_Enterprise_Q1,Delhi,Delhi,North,Desktop,Safari,Technology,Small,SMB,1Cr-10Cr,36,15,Bootstrapped,25-50%,Manager,Organic Search,timothy.sachdev@dharverma.com,Partner,2026-02-24 17:00:36
LEAD-01470,Direct,Retargeting_General,Mumbai,Maharashtra,West,Mobile,Chrome,Healthcare,Large,Mid-Market,10Cr-50Cr,559,29,Series C+,25-50%,CXO,Referral,jagrati.lal@battainc.com,Existing Customer,2026-03-21 11:45:51
LEAD-01172,Facebook,Retargeting_General,Mumbai,Maharashtra,West,Mobile,Safari,Real Estate,Large,Mid-Market,50Cr-100Cr,694,29,Series A,25-50%,Manager,Social Media - Facebook,ekavir.krishna@banerjeeinc.com,New Business,2026-05-21 19:47:36
LEAD-01897,Email Campaign,Healthcare_Demo,Hyderabad,Telangana,South,Desktop,Edge,Healthcare,Medium,Mid-Market,1Cr-10Cr,79,22,Seed,0-10%,Owner,Direct,harsh.manda@choudharyand.com,Partner,2026-03-13 11:04:36
LEAD-01802,Email Campaign,Manufacturing_AI,Kolkata,West Bengal,East,Mobile,Chrome,Technology,Large,Mid-Market,1Cr-10Cr,693,20,Series A,10-25%,Senior Manager,Paid Search,baghyawati.madan@wadhwallc.com,Partner,2026-05-23 15:02:38
LEAD-00822,LinkedIn,Brand_Awareness,Kolkata,West Bengal,East,Mobile,Chrome,Logistics,Enterprise,Enterprise,100Cr+,9255,53,Public,0-10%,VP,Paid Search,parth.bumb@surchopra.com,New Business,2026-04-30 13:27:29
LEAD-00276,Google,Q1_BFSI_Mumbai,Navi Mumbai,Maharashtra,West,Desktop,Safari,BFSI,Enterprise,Enterprise,10Cr-50Cr,8415,17,Public,0-10%,Senior Manager,Organic Search,finn.dhaliwal@yahoo.com,New Business,2026-01-22 13:53:40
LEAD-00067,Google,Q1_BFSI_Pune,Mumbai,Maharashtra,West,Desktop,Chrome,BFSI,Large,Mid-Market,10Cr-50Cr,941,7,Series B,10-25%,Manager,Display Ad,ishita.kade@gmail.com,New Business,2026-01-29 14:17:13
LEAD-01829,Email Campaign,Retargeting_General,Bangalore,Karnataka,South,Mobile,Chrome,Consulting,Enterprise,Enterprise,50Cr-100Cr,4095,24,Public,0-10%,Manager,Direct,priya.gopal@mistrypatla.com,Existing Customer,2026-02-14 16:17:18
LEAD-00063,Google,Brand_Awareness,Ahmedabad,Gujarat,West,Tablet,Chrome,BFSI,Medium,Mid-Market,100Cr+,235,6,Bootstrapped,10-25%,Owner,Paid Search,gauri.de@basuaggarwal.com,Existing Customer,2026-03-21 13:06:36
LEAD-00019,Google,Q1_BFSI_Mumbai,Navi Mumbai,Maharashtra,West,Mobile,Chrome,BFSI,Large,Mid-Market,50Cr-100Cr,346,14,Series C+,50%+,Senior Manager,Display Ad,lakshit.upadhyay@rastogipatha.com,New Business,2026-02-12 17:23:30
LEAD-00859,LinkedIn,Brand_Awareness,Chennai,Tamil Nadu,South,Mobile,Chrome,Education,,Mid-Market,50Cr-100Cr,729,28,Series A,0-10%,CXO,Referral,abhimanyu.prashad@virkdalaland.com,New Business,2026-03-02 10:58:00
LEAD-01912,Organic Search,Retargeting_General,Hyderabad,Telangana,South,Mobile,Chrome,SaaS,Enterprise,Enterprise,1Cr-10Cr,5368,40,Unknown,0-10%,Manager,Content Marketing,urvi.deol@outlook.com,Existing Customer,2026-04-05 11:15:25
LEAD-01452,Direct,Brand_Awareness,Thane,Maharashtra,West,Mobile,Chrome,Logistics,Medium,Mid-Market,10Cr-50Cr,247,7,Unknown,25-50%,Owner,Referral,maanav.khurana@srivastavalt.com,New Business,2026-02-11 17:05:26
LEAD-00813,LinkedIn,Brand_Awareness,Thane,Maharashtra,West,Mobile,Chrome,SaaS,Enterprise,Enterprise,100Cr+,4176,34,Unknown,0-10%,Owner,Paid Search,ishwar.golla@krishnanands.com,New Business,2026-03-12 18:43:34
LEAD-00142,Google,Q1_BFSI_Pune,Mumbai,Maharashtra,West,Mobile,Edge,Real Estate,Enterprise,Enterprise,100Cr+,8759,25,Series C+,25-50%,Founder,Display Ad,max.dixit@outlook.com,New Business,2026-02-15 10:51:29
LEAD-00090,Google,Q1_BFSI_Mumbai,Navi Mumbai,Maharashtra,West,Desktop,Chrome,BFSI,Medium,Startup,1Cr-10Cr,185,5,Bootstrapped,10-25%,VP,Display Ad,oeshi.hayer@borashah.com,New Business,2026-01-25 21:30:02
LEAD-00197,Google,Q1_BFSI_Pune,Pune,Maharashtra,West,Mobile,Chrome,Technology,Small,SMB,<1Cr,50,3,Series B,50%+,VP,Organic Search,dayamai.sastry@yahoo.com,Existing Customer,2026-01-14 08:59:03
LEAD-01438,Direct,Brand_Awareness,Navi Mumbai,Maharashtra,West,Mobile,Firefox,Education,Small,Startup,1Cr-10Cr,16,4,Bootstrapped,10-25%,Senior Associate,Organic Search,manthan.datta@sridharllc.com,Partner,2026-02-15 20:00:56
LEAD-01527,Direct,Brand_Awareness,Thane,Maharashtra,West,Desktop,Chrome,Retail,Medium,Mid-Market,10Cr-50Cr,131,12,Public,10-25%,Owner,Direct,oeshi.bajwa@sarkargole.com,Existing Customer,2026-01-15 10:17:41
LEAD-00077,Google,Q1_BFSI_Pune,Mumbai,Maharashtra,West,Mobile,Chrome,Real Estate,Small,Startup,1Cr-10Cr,4,4,Bootstrapped,50%+,Senior Associate,Organic Search,dipta.sarin@sarafllc.com,New Business,2026-01-22 16:41:11
LEAD-00674,LinkedIn,Brand_Awareness,Mumbai,Maharashtra,West,Mobile,Chrome,Logistics,Enterprise,Enterprise,100Cr+,4197,54,Public,Negative,Owner,Referral,amruta.pradhan@khannabawaan.com,New Business,2026-04-11 09:08:20
LEAD-01820,Email Campaign,Healthcare_Demo,Bangalore,Karnataka,South,Desktop,Chrome,Healthcare,Medium,Startup,10Cr-50Cr,116,3,Series A,10-25%,Director,Direct,vasudha.memon@dalalmannana.com,New Business,2026-03-10 15:36:16
LEAD-00235,Google,Q1_BFSI_Pune,Mumbai,Maharashtra,West,Mobile,Chrome,BFSI,Large,Mid-Market,50Cr-100Cr,964,26,Series C+,25-50%,Intern,Display Ad,pallavi.behl@dasroyandpan.com,New Business,2026-04-16 20:37:14
LEAD-01202,Instagram,Brand_Awareness,Delhi,Delhi,North,Mobile,Firefox,Consulting,Medium,Mid-Market,1Cr-10Cr,114,7,Seed,10-25%,Associate,Content Marketing,omya.agrawal@gmail.com,Existing Customer,2026-02-17 18:58:36
LEAD-01312,Instagram,Startup_Founders,Delhi,Delhi,North,Mobile,Chrome,Technology,Medium,Startup,1Cr-10Cr,80,3,Series A,0-10%,Director,Social Media - Instagram,warhi.patel@venkateshand.com,Existing Customer,2026-04-01 13:21:30
LEAD-01911,Organic Search,Brand_Awareness,Thane,Maharashtra,West,Desktop,,SaaS,Medium,Mid-Market,1Cr-10Cr,246,17,Series A,25-50%,Director,Direct,janaki.agate@gmail.com,New Business,2026-04-05 20:15:55
LEAD-01010,Facebook,Retargeting_General,Pune,Maharashtra,West,Mobile,Chrome,Education,Medium,Startup,10Cr-50Cr,250,4,Series A,0-10%,Director,Display Ad,andrew.puri@outlook.com,New Business,2026-05-25 14:38:33
LEAD-00686,LinkedIn,SaaS_Enterprise_Q1,Mumbai,Maharashtra,West,Desktop,,Technology,Small,Startup,1Cr-10Cr,7,1,Series A,25-50%,Founder,Paid Search,gautam.mane@gadekuruvill.com,Existing Customer,2026-01-28 10:38:35
LEAD-00234,Google,Q1_BFSI_Mumbai,Thane,Maharashtra,West,Mobile,Chrome,Real Estate,Enterprise,Enterprise,10Cr-50Cr,7350,21,Series B,25-50%,Manager,Paid Search,darpan.narayan@pradhanandso.com,New Business,2026-01-29 08:16:28
LEAD-01562,Direct,Brand_Awareness,Mumbai,Maharashtra,West,Desktop,,Real Estate,Enterprise,Enterprise,50Cr-100Cr,7677,57,Series C+,0-10%,Owner,Referral,anusha.handa@karivirk.com,New Business,2026-03-28 18:07:56
LEAD-00103,Google,Retargeting_General,Mumbai,Maharashtra,West,Mobile,Safari,Education,Medium,Mid-Market,10Cr-50Cr,69,9,Series A,25-50%,Owner,Paid Search,madhavi.saini@pandeyllc.com,New Business,2026-01-19 15:29:43
LEAD-00863,LinkedIn,Brand_Awareness,Thane,Maharashtra,West,Mobile,Edge,Real Estate,Enterprise,Enterprise,100Cr+,3085,24,Series B,Negative,Owner,Social Media - LinkedIn,kamala.sule@subramaniang.com,Partner,2026-02-07 21:39:41
LEAD-00499,Google,Retargeting_General,Hyderabad,Telangana,South,Mobile,Chrome,SaaS,Small,Startup,<1Cr,23,4,Seed,50%+,VP,Paid Search,guneet.kuruvilla@yahoo.com,Partner,2026-05-12 11:26:07
LEAD-01376,Instagram,Startup_Founders,Bangalore,Karnataka,South,Mobile,Brave,Real Estate,Small,SMB,<1Cr,36,4,Seed,50%+,Intern,Content Marketing,bakhshi.bhagat@yahoo.com,New Business,2026-04-27 16:54:06
LEAD-00980,Facebook,Brand_Awareness,Mumbai,Maharashtra,West,Desktop,Chrome,BFSI,Small,SMB,<1Cr,35,7,Seed,25-50%,Manager,Social Media - Facebook,nitara.sani@nairprabhu.com,New Business,2026-03-25 21:20:59
LEAD-00583,LinkedIn,Retargeting_General,Thane,Maharashtra,West,Mobile,Chrome,Consulting,Large,Mid-Market,50Cr-100Cr,891,14,Public,0-10%,Senior Manager,Paid Search,balendra.saini@doctorgola.com,Existing Customer,2026-02-26 11:31:23
LEAD-01833,Email Campaign,Manufacturing_AI,Delhi,Delhi,North,Mobile,Firefox,Manufacturing,Large,Mid-Market,50Cr-100Cr,328,18,Series B,50%+,VP,Direct,oviya.narula@deolgroup.com,New Business,2026-02-05 14:25:59
LEAD-00742,LinkedIn,Retargeting_General,Kolkata,West Bengal,East,Desktop,Safari,Technology,Enterprise,Enterprise,50Cr-100Cr,9246,20,Unknown,10-25%,CXO,Paid Search,daniel.dutta@ganesanchowd.com,New Business,2026-04-19 18:56:29
LEAD-00044,Google,Q1_BFSI_Mumbai,Pune,Maharashtra,West,Mobile,,BFSI,Large,Mid-Market,10Cr-50Cr,721,13,Series A,50%+,Executive,Display Ad,girik.khalsa@zachariahinc.com,New Business,2026-04-30 12:43:34
LEAD-01734,Referral,Brand_Awareness,Kolkata,West Bengal,East,Mobile,Chrome,Logistics,Small,SMB,1Cr-10Cr,33,14,Bootstrapped,10-25%,Founder,Referral,neelima.dewan@shanltd.com,Partner,2026-05-15 16:12:53
LEAD-00028,Google,Q1_BFSI_Mumbai,Bangalore,Karnataka,South,Mobile,Firefox,BFSI,Large,Mid-Market,10Cr-50Cr,808,12,Series C+,0-10%,Analyst,Organic Search,dalbir.khosla@outlook.com,Partner,2026-02-06 09:03:10
LEAD-01441,Direct,Brand_Awareness,Chennai,Tamil Nadu,South,Desktop,Chrome,Manufacturing,Enterprise,Enterprise,100Cr+,9593,60,Public,10-25%,Senior Manager,Referral,ucchal.kulkarni@sandalsachar.com,New Business,2026-05-27 15:46:00
LEAD-01278,Instagram,Brand_Awareness,Delhi,Delhi,North,Desktop,Chrome,Real Estate,Large,Mid-Market,10Cr-50Cr,808,7,Public,0-10%,Associate,Social Media - Instagram,aarnav.dube@shethkapuran.com,New Business,2026-02-22 21:57:58
LEAD-00500,Google,Brand_Awareness,Thane,Maharashtra,West,Desktop,Firefox,Retail,Medium,Mid-Market,1Cr-10Cr,193,28,Bootstrapped,0-10%,Founder,Organic Search,zilmil.kant@uppalltd.com,Partner,2026-03-25 15:07:24
LEAD-00530,LinkedIn,Brand_Awareness,Delhi,Delhi,North,Mobile,Edge,Technology,Small,SMB,1Cr-10Cr,19,11,Series B,50%+,Director,Paid Search,adya.pall@balisengupta.com,Existing Customer,2026-01-20 08:32:06
LEAD-01839,Email Campaign,Manufacturing_AI,Kolkata,West Bengal,East,Mobile,,Retail,Enterprise,Enterprise,100Cr+,2268,26,Series C+,25-50%,Senior Manager,Email,abhiram.saraf@yahoo.com,New Business,2026-02-05 17:47:39
LEAD-00156,Google,SaaS_Enterprise_Q1,Mumbai,Maharashtra,West,Mobile,Safari,Technology,Small,SMB,1Cr-10Cr,5,6,Unknown,0-10%,Manager,Organic Search,ansh.luthra@chandandsons.com,New Business,2026-02-19 18:57:34
LEAD-01995,Organic Search,SaaS_Enterprise_Q1,Bangalore,Karnataka,South,Mobile,Edge,Technology,Medium,Mid-Market,10Cr-50Cr,227,27,Series A,10-25%,Associate,Direct,zansi.dutt@ghoserauandn.com,New Business,2026-01-07 11:33:46
LEAD-00181,Google,Retargeting_General,Thane,Maharashtra,West,Mobile,Chrome,Logistics,Large,Mid-Market,10Cr-50Cr,355,28,Series C+,25-50%,VP,Display Ad,faris.narasimhan@nigamrao.com,New Business,2026-03-05 12:55:02
LEAD-01716,Referral,Brand_Awareness,Ahmedabad,Gujarat,West,Mobile,Edge,BFSI,Large,Mid-Market,50Cr-100Cr,673,5,Series A,25-50%,Executive,Email,zayyan.mittal@gandhisane.com,New Business,2026-05-20 08:42:45
LEAD-00261,Google,Q1_BFSI_Mumbai,Navi Mumbai,Maharashtra,West,Mobile,Firefox,BFSI,Large,Mid-Market,10Cr-50Cr,635,25,Unknown,Negative,Director,Paid Search,rishi.palla@comarwaliand.com,Existing Customer,2026-02-08 08:42:06
LEAD-00374,Google,Retargeting_General,Thane,Maharashtra,West,Mobile,Safari,Consulting,Small,SMB,100Cr+,41,14,Seed,Negative,Analyst,Organic Search,max.sachar@murthysahota.com,New Business,2026-01-14 12:33:02
LEAD-01423,Direct,Brand_Awareness,Delhi,Delhi,North,Mobile,Edge,Education,Small,SMB,<1Cr,23,14,Unknown,10-25%,Director,Direct,mitesh.balakrishnan@yahoo.com,New Business,2026-05-31 12:28:40
LEAD-00411,Google,SaaS_Enterprise_Q1,Hyderabad,Telangana,South,Desktop,Chrome,Consulting,Medium,Startup,10Cr-50Cr,76,5,Series A,0-10%,Manager,Paid Search,kevin.varghese@gmail.com,New Business,2026-01-05 15:24:45
LEAD-01279,Instagram,Retargeting_General,Hyderabad,Telangana,South,Desktop,Opera,SaaS,Small,Startup,<1Cr,28,2,Series B,50%+,Intern,Display Ad,jeet.mani@yahoo.com,Partner,2026-03-23 10:29:31
LEAD-00940,Facebook,Brand_Awareness,Mumbai,Maharashtra,West,Mobile,Chrome,Logistics,Enterprise,Enterprise,100Cr+,7426,24,Public,50%+,Manager,Social Media - Facebook,jeremiah.sarma@yahoo.com,New Business,2026-05-07 20:29:18
LEAD-01599,Direct,Retargeting_General,Mumbai,Maharashtra,West,Mobile,Chrome,Consulting,Medium,Mid-Market,1Cr-10Cr,142,18,Bootstrapped,0-10%,Owner,Direct,rudra.mander@balanandsons.com,Existing Customer,2026-02-18 12:17:55
LEAD-00402,Google,Q1_BFSI_Pune,Mumbai,Maharashtra,West,Desktop,Chrome,BFSI,Medium,Mid-Market,10Cr-50Cr,78,23,Series A,0-10%,VP,Organic Search,warinder.bhatia@aptelalandpa.com,Partner,2026-01-06 15:46:44
LEAD-01958,Organic Search,SaaS_Enterprise_Q1,Bangalore,Karnataka,South,Desktop,Chrome,Consulting,Medium,Mid-Market,1Cr-10Cr,95,11,Seed,25-50%,Manager,Organic Search,frederick.gole@warriorshrof.com,Existing Customer,2026-02-05 09:29:45
LEAD-01993,Organic Search,Brand_Awareness,Mumbai,Maharashtra,West,Mobile,Edge,BFSI,Medium,Mid-Market,10Cr-50Cr,234,6,Public,Negative,Senior Manager,Organic Search,mahika.hans@saniandsons.com,New Business,2026-02-18 10:16:39
LEAD-01398,Instagram,Startup_Founders,Thane,Maharashtra,West,Tablet,Chrome,Technology,Small,SMB,<1Cr,10,6,Unknown,25-50%,Executive,Content Marketing,barkha.gulati@jhaverikale.com,Partner,2026-05-25 11:56:19
LEAD-00778,LinkedIn,Retargeting_General,Hyderabad,Telangana,South,Mobile,Opera,Technology,Enterprise,Enterprise,100Cr+,5506,15,Series C+,0-10%,VP,Paid Search,lopa.khanna@chaudrykapur.com,New Business,2026-01-06 18:37:55
LEAD-01382,Instagram,Startup_Founders,Mumbai,Maharashtra,West,Desktop,Chrome,Retail,Small,SMB,1Cr-10Cr,18,14,Bootstrapped,25-50%,Manager,Display Ad,gaurangi.sami@sinhasachar.com,Partner,2026-04-22 14:31:26
LEAD-00284,Google,Brand_Awareness,Bangalore,Karnataka,South,Desktop,Chrome,BFSI,Large,Mid-Market,10Cr-50Cr,937,6,Series C+,25-50%,Senior Manager,Paid Search,noah.sarma@gabaandsons.com,Partner,2026-02-11 12:43:16
LEAD-00577,LinkedIn,SaaS_Enterprise_Q1,Delhi,Delhi,North,Mobile,Chrome,Technology,Large,Mid-Market,50Cr-100Cr,640,16,Series B,0-10%,CXO,Referral,anita.viswanathan@nayakgroup.com,New Business,2026-03-07 12:02:10
LEAD-01720,Referral,Brand_Awareness,Delhi,Delhi,North,Mobile,,Education,Large,Mid-Market,10Cr-50Cr,845,21,Series C+,0-10%,Senior Manager,Referral,omisha.vohra@chatterjeein.com,Partner,2026-05-24 12:44:50
LEAD-01688,Referral,Brand_Awareness,Delhi,Delhi,North,Desktop,Edge,Logistics,,Enterprise,100Cr+,2487,15,Public,10-25%,Senior Associate,Direct,falguni.desai@baradkhannaa.com,New Business,2026-01-05 21:07:56
LEAD-00331,Google,Q1_BFSI_Pune,Thane,Maharashtra,West,Mobile,Chrome,BFSI,Small,SMB,1Cr-10Cr,23,5,Public,10-25%,Senior Associate,Organic Search,idika.bhattacharyya@saxenachahal.com,New Business,2026-02-17 18:59:58
LEAD-00312,Google,SaaS_Enterprise_Q1,Mumbai,Maharashtra,West,Mobile,Edge,Consulting,Large,Mid-Market,1Cr-10Cr,744,26,Series A,0-10%,Owner,Paid Search,balhaar.halder@solankikulka.com,New Business,2026-03-24 21:26:01
LEAD-00751,LinkedIn,SaaS_Enterprise_Q1,Bangalore,Karnataka,South,Desktop,Opera,Technology,Large,Mid-Market,50Cr-100Cr,495,11,Series B,25-50%,Senior Associate,Social Media - LinkedIn,arunima.bedi@khoslanaraya.com,Existing Customer,2026-01-20 17:40:31
LEAD-01462,Direct,Brand_Awareness,Mumbai,Maharashtra,West,Mobile,Safari,Unknown,Medium,Mid-Market,50Cr-100Cr,123,19,Unknown,25-50%,Director,Direct,idika.sen@talwarplc.com,New Business,2026-02-17 13:42:03
LEAD-01260,Instagram,Retargeting_General,Bangalore,Karnataka,South,Mobile,Opera,SaaS,Medium,Startup,10Cr-50Cr,221,3,Seed,Negative,Senior Manager,Content Marketing,yashica.narula@outlook.com,Existing Customer,2026-01-05 17:52:03
LEAD-00036,Google,Q1_BFSI_Mumbai,,Maharashtra,West,Mobile,Chrome,Real Estate,Medium,Startup,<1Cr,99,5,Seed,25-50%,Senior Manager,Organic Search,wazir.mallick@bobalvarkey.com,New Business,2026-03-12 20:50:54
LEAD-00033,Google,Q1_BFSI_Pune,Chennai,Tamil Nadu,South,Desktop,Edge,Education,Enterprise,Enterprise,100Cr+,1019,52,Series B,0-10%,Director,Display Ad,umang.bhatt@sethdaraandk.com,New Business,2026-01-04 11:33:23
LEAD-00545,LinkedIn,Brand_Awareness,Navi Mumbai,Maharashtra,West,Mobile,Safari,Technology,Large,Mid-Market,10Cr-50Cr,778,24,Unknown,0-10%,Director,Social Media - LinkedIn,nakul.sastry@gmail.com,Existing Customer,2026-01-13 15:51:29
LEAD-01596,Direct,Brand_Awareness,Pune,Maharashtra,West,Mobile,Safari,Logistics,Medium,Mid-Market,1Cr-10Cr,204,10,Series A,50%+,Founder,Direct,abeer.patil@rattaandsons.com,New Business,2026-01-10 16:30:32
LEAD-00589,LinkedIn,Retargeting_General,Mumbai,Maharashtra,West,Desktop,Safari,SaaS,Medium,Mid-Market,1Cr-10Cr,227,18,Seed,10-25%,Founder,Referral,daksha.kibe@manneplc.com,Existing Customer,2026-03-05 11:10:21
LEAD-00399,Google,Brand_Awareness,Pune,Maharashtra,West,Desktop,Chrome,Technology,Medium,Startup,1Cr-10Cr,140,1,Bootstrapped,0-10%,Analyst,Display Ad,logan.sood@chandrangoya.com,New Business,2026-01-09 18:36:53
LEAD-00481,Google,Q1_BFSI_Pune,Mumbai,Maharashtra,West,Tablet,,BFSI,Large,Mid-Market,10Cr-50Cr,848,21,Series B,0-10%,Manager,Paid Search,omkaar.rai@kibeplc.com,New Business,2026-01-06 16:54:28
LEAD-01751,Referral,Brand_Awareness,Thane,Maharashtra,West,Mobile,Chrome,Education,Enterprise,Enterprise,50Cr-100Cr,5187,38,Public,50%+,Executive,Email,jhalak.datta@guhadalia.com,Existing Customer,2026-01-03 10:22:55
LEAD-01074,Facebook,Retargeting_General,Navi Mumbai,Maharashtra,West,Mobile,Edge,Retail,Large,Mid-Market,50Cr-100Cr,931,8,Series B,Negative,VP,Social Media - Facebook,charita.toor@gmail.com,New Business,2026-01-15 19:08:12
LEAD-00774,LinkedIn,Retargeting_General,Hyderabad,Telangana,South,Mobile,Chrome,Technology,Large,Mid-Market,50Cr-100Cr,902,17,Public,0-10%,Founder,Paid Search,aryan.raj@virkinc.com,New Business,2026-02-14 14:57:20
LEAD-01931,Organic Search,SaaS_Enterprise_Q1,Hyderabad,Telangana,South,Tablet,Chrome,Technology,Large,Mid-Market,10Cr-50Cr,642,6,Series B,50%+,Senior Manager,Organic Search,wriddhish.manda@nayakbala.com,New Business,2026-03-31 09:50:31
LEAD-01482,Direct,Brand_Awareness,Chennai,Tamil Nadu,South,Desktop,Safari,Unknown,Medium,Mid-Market,10Cr-50Cr,107,30,Unknown,0-10%,VP,Organic Search,kashish.sachdeva@gargchadaand.com,Existing Customer,2026-02-03 11:27:27
LEAD-01249,Instagram,Brand_Awareness,Pune,Maharashtra,West,Mobile,Edge,Consulting,Medium,Mid-Market,10Cr-50Cr,185,5,Series B,25-50%,VP,Content Marketing,sai.shankar@gmail.com,New Business,2026-02-17 11:52:01
LEAD-01244,Instagram,Brand_Awareness,Hyderabad,Telangana,South,Desktop,Chrome,Logistics,Small,SMB,50Cr-100Cr,2,14,Series B,10-25%,Associate,Social Media - Instagram,manbir.taneja@outlook.com,New Business,2026-01-28 13:15:35
LEAD-00084,Google,Q1_BFSI_Mumbai,Mumbai,Maharashtra,West,Mobile,Edge,BFSI,Medium,Mid-Market,10Cr-50Cr,179,21,Unknown,10-25%,Director,Display Ad,daksha.mangat@mitraraviand.com,New Business,2026-02-05 21:16:03
LEAD-00607,LinkedIn,SaaS_Enterprise_Q1,Bangalore,Karnataka,South,Mobile,Chrome,Consulting,Large,Mid-Market,1Cr-10Cr,849,20,Series B,10-25%,Executive,Referral,nidhi.sethi@ghoshbalasub.com,Existing Customer,2026-03-26 17:04:10
LEAD-00833,LinkedIn,Brand_Awareness,,Maharashtra,West,Desktop,Chrome,Technology,Enterprise,Enterprise,100Cr+,3481,32,Public,0-10%,Manager,Social Media - LinkedIn,lipika.singh@jhaverivasaa.com,Partner,2026-05-25 13:29:45
LEAD-00933,Facebook,Manufacturing_AI,Ahmedabad,Gujarat,West,Mobile,Chrome,Manufacturing,Enterprise,Enterprise,50Cr-100Cr,7789,52,Series C+,0-10%,Analyst,Paid Search,nihal.ramakrishnan@sarkarranaan.com,Partner,2026-04-23 13:06:14
LEAD-01577,Direct,Brand_Awareness,Delhi,Delhi,North,Mobile,Chrome,Logistics,Large,Mid-Market,10Cr-50Cr,434,13,Series B,25-50%,Founder,Direct,rachana.bhatti@bhaktamitra.com,Existing Customer,2026-03-06 13:33:06
LEAD-00825,LinkedIn,SaaS_Enterprise_Q1,Kolkata,West Bengal,East,Mobile,Chrome,Technology,Large,Mid-Market,10Cr-50Cr,859,8,Unknown,25-50%,Senior Associate,Referral,abha.zacharia@ravelkalaand.com,Existing Customer,2026-03-30 13:55:03
LEAD-00817,LinkedIn,SaaS_Enterprise_Q1,Delhi,Delhi,North,Mobile,Chrome,SaaS,Medium,Mid-Market,10Cr-50Cr,202,8,Series A,0-10%,CXO,Social Media - LinkedIn,vedika.seshadri@boasehariand.com,New Business,2026-02-15 18:53:00
LEAD-01581,Direct,Brand_Awareness,Ahmedabad,Gujarat,West,Mobile,Chrome,SaaS,Medium,Mid-Market,10Cr-50Cr,163,22,Series C+,25-50%,Analyst,Organic Search,sudiksha.varughese@chaudhurinor.com,Existing Customer,2026-03-17 14:28:36
LEAD-00717,LinkedIn,Retargeting_General,Mumbai,Maharashtra,West,Mobile,Edge,Healthcare,Enterprise,Enterprise,10Cr-50Cr,7513,41,Public,Negative,VP,Paid Search,damini.ganesh@rajagopalplc.com,Existing Customer,2026-05-12 09:10:28
LEAD-00890,LinkedIn,Brand_Awareness,Delhi,Delhi,North,Mobile,Chrome,Consulting,Large,Mid-Market,50Cr-100Cr,751,24,Series A,0-10%,VP,Paid Search,jagdish.brar@parekhdugala.com,New Business,2026-03-02 08:18:17
LEAD-01250,Instagram,Retargeting_General,Kolkata,West Bengal,East,Mobile,Chrome,Unknown,Medium,Mid-Market,10Cr-50Cr,185,5,Series A,0-10%,Associate,Content Marketing,onveer.lad@yahoo.com,New Business,2026-04-07 13:30:40
LEAD-01454,Direct,Brand_Awareness,Thane,Maharashtra,West,Mobile,Chrome,Education,Large,Mid-Market,50Cr-100Cr,652,10,Series A,10-25%,Associate,Organic Search,pahal.bains@yahoo.com,New Business,2026-01-21 20:55:12
LEAD-00748,LinkedIn,Retargeting_General,Mumbai,Maharashtra,West,Mobile,Brave,SaaS,Medium,Startup,1Cr-10Cr,155,5,Series A,0-10%,Director,Referral,vasatika.pal@chandransant.com,New Business,2026-02-08 08:37:50
LEAD-00771,LinkedIn,Retargeting_General,Navi Mumbai,Maharashtra,West,Mobile,Safari,Real Estate,Enterprise,Enterprise,1Cr-10Cr,7766,51,Public,0-10%,Founder,Paid Search,bina.pai@kadakiaplc.com,New Business,2026-04-12 08:23:50
LEAD-00222,Google,Q1_BFSI_Mumbai,Hyderabad,Telangana,South,Tablet,Chrome,Real Estate,Small,SMB,<1Cr,12,14,Seed,Negative,Director,Organic Search,saumya.pathak@gmail.com,New Business,2026-01-02 10:37:45
LEAD-00973,Facebook,Manufacturing_AI,Thane,Maharashtra,West,Mobile,Chrome,Manufacturing,Large,Mid-Market,50Cr-100Cr,592,11,Unknown,0-10%,Associate,Social Media - Facebook,amaira.wadhwa@sagarpillaya.com,Partner,2026-03-05 17:47:59
LEAD-01293,Instagram,Startup_Founders,Hyderabad,Telangana,South,Desktop,Chrome,Technology,Medium,Mid-Market,10Cr-50Cr,219,10,Series A,25-50%,Analyst,Display Ad,omisha.sharma@outlook.com,New Business,2026-05-20 09:39:04
LEAD-01194,Facebook,Brand_Awareness,Chennai,Tamil Nadu,South,Mobile,Brave,Retail,Large,Mid-Market,10Cr-50Cr,947,26,Series A,10-25%,Senior Manager,Paid Search,jai.mahal@outlook.com,New Business,2026-05-10 12:33:25
LEAD-01188,Facebook,Retargeting_General,Mumbai,Maharashtra,West,Mobile,Chrome,Technology,Small,SMB,<1Cr,3,3,Series B,0-10%,Associate,Paid Search,chakradev.kibe@bahlsinha.com,New Business,2026-01-31 10:06:28
LEAD-01804,Email Campaign,Retargeting_General,Kolkata,West Bengal,East,Mobile,Safari,Retail,Medium,Mid-Market,10Cr-50Cr,153,12,Series C+,Unknown,VP,Direct,neha.sood@pailtd.com,Existing Customer,2026-01-31 09:38:41
LEAD-00247,Google,Brand_Awareness,Bangalore,Karnataka,South,Mobile,Chrome,Unknown,Enterprise,Enterprise,50Cr-100Cr,1146,40,Public,50%+,Executive,Organic Search,tanveer.vala@sathesachdev.com,New Business,2026-02-14 17:51:00
LEAD-00875,LinkedIn,Retargeting_General,Hyderabad,Telangana,South,Desktop,,Education,Small,SMB,50Cr-100Cr,16,13,Series A,25-50%,VP,Referral,sai.vasa@ranaravi.com,Partner,2026-03-28 21:57:21
LEAD-01458,Direct,Brand_Awareness,Delhi,Delhi,North,Mobile,Chrome,Healthcare,Large,Mid-Market,50Cr-100Cr,383,10,Series B,10-25%,Director,Direct,warhi.mannan@sankarangrou.com,New Business,2026-04-22 21:07:05
LEAD-01606,Referral,Retargeting_General,Mumbai,Maharashtra,West,Mobile,Opera,Consulting,Medium,Startup,10Cr-50Cr,87,4,Seed,0-10%,Director,Referral,kritika.prasad@handaplc.com,Partner,2026-04-19 10:59:54
LEAD-01709,Referral,Brand_Awareness,Navi Mumbai,Maharashtra,West,Mobile,Chrome,Unknown,Medium,Mid-Market,1Cr-10Cr,59,14,Unknown,Negative,Senior Associate,Direct,nicholas.hari@rajanplc.com,New Business,2026-02-23 10:26:53
LEAD-01268,Instagram,Brand_Awareness,Thane,Maharashtra,West,Mobile,Firefox,Technology,Small,SMB,1Cr-10Cr,18,3,Series B,25-50%,Senior Associate,Social Media - Instagram,manbir.sane@gmail.com,New Business,2026-04-08 17:24:22
LEAD-01552,Direct,Brand_Awareness,Kolkata,West Bengal,East,Mobile,Chrome,Manufacturing,Medium,Mid-Market,1Cr-10Cr,223,5,Unknown,25-50%,Manager,Organic Search,finn.brahmbhatt@sureshramasw.com,Partner,2026-04-10 10:36:59
LEAD-00193,Google,SaaS_Enterprise_Q1,Ahmedabad,Gujarat,West,Mobile,Chrome,SaaS,Small,SMB,1Cr-10Cr,10,8,Series C+,25-50%,Executive,Paid Search,warjas.raj@subramanianc.com,New Business,2026-01-28 09:57:06
LEAD-00962,Facebook,Manufacturing_AI,Pune,Maharashtra,West,Mobile,Chrome,BFSI,Small,SMB,1Cr-10Cr,41,9,Series A,50%+,Associate,Social Media - Facebook,shivani.merchant@waliandsons.com,Partner,2026-03-13 16:30:31
LEAD-00916,Facebook,Manufacturing_AI,Mumbai,Maharashtra,West,Mobile,Chrome,Retail,Small,SMB,<1Cr,50,4,Series C+,10-25%,Analyst,Social Media - Facebook,shravya.sachdev@saxenapatil.com,Existing Customer,2026-02-22 15:00:42
LEAD-01357,Instagram,Brand_Awareness,Delhi,Delhi,North,Mobile,Opera,SaaS,Small,SMB,1Cr-10Cr,29,14,Bootstrapped,0-10%,Manager,Social Media - Instagram,darpan.vig@outlook.com,New Business,2026-03-09 10:56:27
LEAD-01417,Direct,Retargeting_General,Delhi,Delhi,North,Desktop,,Consulting,Medium,Mid-Market,10Cr-50Cr,71,16,Series B,10-25%,Senior Associate,Direct,waida.chowdhury@sundaramshan.com,New Business,2026-02-10 11:36:11
LEAD-01683,Referral,Retargeting_General,Navi Mumbai,Maharashtra,West,Mobile,Chrome,Retail,Enterprise,Enterprise,50Cr-100Cr,3328,15,Series B,Negative,Founder,Referral,lavanya.vaidya@badamisen.com,Existing Customer,2026-01-30 21:26:57
LEAD-01739,Referral,Retargeting_General,Pune,Maharashtra,West,Desktop,Safari,BFSI,Large,Mid-Market,10Cr-50Cr,871,27,Series C+,25-50%,Associate,Referral,ijaya.sangha@sundaramratt.com,Partner,2026-04-11 10:53:44
LEAD-01849,Email Campaign,Retargeting_General,Mumbai,Maharashtra,West,Desktop,Chrome,SaaS,Medium,Mid-Market,10Cr-50Cr,226,21,Seed,25-50%,Manager,Direct,imaran.luthra@yahoo.com,Partner,2026-03-13 13:31:42
LEAD-01349,Instagram,Startup_Founders,Bangalore,Karnataka,South,Mobile,Edge,Unknown,Small,SMB,1Cr-10Cr,32,2,Unknown,0-10%,Executive,Display Ad,bhavna.lanka@borrawasonan.com,New Business,2026-05-13 20:55:49
LEAD-01514,Direct,Brand_Awareness,Mumbai,Maharashtra,West,Mobile,Safari,Education,Enterprise,Enterprise,100Cr+,7071,31,Public,Negative,VP,Direct,lucky.sama@baladhar.com,New Business,2026-05-30 10:54:49
LEAD-00715,LinkedIn,SaaS_Enterprise_Q1,Delhi,Delhi,North,Desktop,Safari,SaaS,Large,Mid-Market,10Cr-50Cr,295,9,Unknown,25-50%,VP,Referral,andrew.agrawal@walihalder.com,New Business,2026-05-24 13:57:23
LEAD-00107,Google,Retargeting_General,Bangalore,Karnataka,South,Mobile,Safari,Technology,Enterprise,Enterprise,100Cr+,7826,49,Public,0-10%,Manager,Display Ad,krishna.shenoy@balachackoan.com,New Business,2026-05-08 18:34:18
LEAD-01389,Instagram,Retargeting_General,Bangalore,Karnataka,South,Mobile,Firefox,Real Estate,Medium,Mid-Market,10Cr-50Cr,83,11,Series C+,25-50%,VP,Social Media - Instagram,falak.manda@yahoo.com,New Business,2026-02-14 17:38:56
LEAD-00444,Google,Retargeting_General,Mumbai,Maharashtra,West,Desktop,Edge,SaaS,Medium,Mid-Market,1Cr-10Cr,115,29,Series A,0-10%,VP,Paid Search,timothy.dhingra@sachdevbath.com,New Business,2026-05-08 10:41:40
LEAD-01002,Facebook,Brand_Awareness,Thane,Maharashtra,West,Mobile,Chrome,Technology,Large,Mid-Market,<1Cr,730,15,Series B,0-10%,Associate,Display Ad,jasmit.pall@outlook.com,New Business,2026-03-18 08:04:16
LEAD-00595,LinkedIn,Brand_Awareness,Mumbai,Maharashtra,West,Desktop,Chrome,BFSI,Enterprise,Enterprise,50Cr-100Cr,2107,47,Series B,0-10%,Director,Paid Search,nitara.pradhan@kataplc.com,New Business,2026-02-19 17:08:40
LEAD-01383,Instagram,Startup_Founders,Mumbai,Maharashtra,West,Desktop,Opera,Logistics,Small,SMB,<1Cr,21,8,Bootstrapped,50%+,Senior Associate,Display Ad,advika.toor@dyalltd.com,New Business,2026-04-29 13:34:57
LEAD-00605,LinkedIn,Retargeting_General,Bangalore,Karnataka,South,Mobile,Opera,SaaS,Enterprise,Enterprise,50Cr-100Cr,3143,60,Series C+,10-25%,VP,Paid Search,gavin.kothari@narangandson.com,New Business,2026-05-17 14:44:23
LEAD-00397,Google,SaaS_Enterprise_Q1,Mumbai,Maharashtra,West,Desktop,Safari,SaaS,Large,Mid-Market,50Cr-100Cr,371,9,Series C+,10-25%,Senior Manager,Paid Search,reyansh.gill@outlook.com,New Business,2026-02-02 08:29:31
LEAD-00289,Google,Retargeting_General,Chennai,Tamil Nadu,South,Desktop,Safari,Unknown,Large,Mid-Market,50Cr-100Cr,977,9,Series B,10-25%,Executive,Organic Search,charles.srivastava@outlook.com,New Business,2026-03-24 17:03:49
LEAD-00571,LinkedIn,Retargeting_General,Bangalore,Karnataka,South,Mobile,Opera,Unknown,Enterprise,Enterprise,50Cr-100Cr,6200,34,Series C+,0-10%,Founder,Social Media - LinkedIn,dayita.sarkar@narainramana.com,Partner,2026-01-30 09:34:10
LEAD-01757,Referral,Retargeting_General,Mumbai,Maharashtra,West,Mobile,Safari,Education,,Mid-Market,50Cr-100Cr,157,19,Series A,25-50%,VP,Referral,bakhshi.nagarajan@manderandson.com,Existing Customer,2026-04-10 20:14:25
LEAD-01468,Direct,Brand_Awareness,Mumbai,Maharashtra,West,Mobile,Firefox,Education,Small,SMB,10Cr-50Cr,29,4,Bootstrapped,10-25%,VP,Direct,naksh.swamy@gmail.com,Existing Customer,2026-03-03 08:29:55
LEAD-00290,Google,Q1_BFSI_Mumbai,Hyderabad,Telangana,South,Desktop,Chrome,BFSI,Large,Mid-Market,50Cr-100Cr,789,12,Public,0-10%,Manager,Display Ad,jeet.mane@chauhanvarty.com,New Business,2026-02-20 16:10:26
LEAD-01695,Referral,Retargeting_General,Delhi,Delhi,North,Desktop,,BFSI,Large,Mid-Market,10Cr-50Cr,766,15,Series B,Negative,VP,Direct,samarth.keer@chandandsons.com,New Business,2026-02-16 14:03:10
LEAD-00099,Google,SaaS_Enterprise_Q1,Mumbai,Maharashtra,West,Mobile,Chrome,SaaS,,Mid-Market,50Cr-100Cr,506,8,Public,50%+,Manager,Display Ad,vihaan.rajagopal@outlook.com,Partner,2026-02-19 16:07:16
LEAD-00150,Google,SaaS_Enterprise_Q1,Delhi,Delhi,North,Tablet,Chrome,SaaS,Enterprise,Enterprise,50Cr-100Cr,1150,23,Public,0-10%,Manager,Display Ad,rudra.sandal@outlook.com,New Business,2026-03-23 18:59:39
LEAD-00300,Google,Retargeting_General,Navi Mumbai,Maharashtra,West,Mobile,Chrome,Technology,Large,Mid-Market,50Cr-100Cr,938,30,Series A,0-10%,Manager,Display Ad,oni.shankar@outlook.com,New Business,2026-01-14 21:48:59
LEAD-00170,Google,Retargeting_General,Mumbai,Maharashtra,West,Mobile,Chrome,Education,Large,Mid-Market,10Cr-50Cr,725,29,Public,0-10%,Manager,Display Ad,maanav.rajagopal@kohlishan.com,Partner,2026-05-09 10:22:01
LEAD-00907,Facebook,Retargeting_General,Ahmedabad,Gujarat,West,Mobile,Chrome,Healthcare,Medium,Mid-Market,10Cr-50Cr,239,9,Unknown,50%+,Senior Associate,Paid Search,vamakshi.char@kalellc.com,Partner,2026-04-08 19:18:11
LEAD-00018,Google,Retargeting_General,Mumbai,Maharashtra,West,Mobile,Chrome,Logistics,Medium,Mid-Market,10Cr-50Cr,72,12,Unknown,0-10%,CXO,Organic Search,adya.sangha@koshyltd.com,New Business,2026-05-06 16:48:15
LEAD-01885,Email Campaign,Retargeting_General,Bangalore,Karnataka,South,Mobile,Safari,Logistics,Medium,Startup,1Cr-10Cr,73,3,Series B,0-10%,Associate,Email,yatan.sha@boragroup.com,New Business,2026-03-19 18:10:52
LEAD-01235,Instagram,Retargeting_General,Pune,Maharashtra,West,Mobile,Firefox,Retail,Small,SMB,1Cr-10Cr,41,7,Series A,10-25%,Analyst,Social Media - Instagram,parth.bhavsar@outlook.com,Partner,2026-05-13 12:33:09
LEAD-01598,Direct,Retargeting_General,Thane,Maharashtra,West,Mobile,Chrome,SaaS,Large,Mid-Market,10Cr-50Cr,706,27,Series A,0-10%,Manager,Direct,robert.parsa@outlook.com,Existing Customer,2026-03-25 21:42:13
LEAD-00003,Google,SaaS_Enterprise_Q1,Bangalore,Karnataka,South,Mobile,Chrome,SaaS,Large,Mid-Market,50Cr-100Cr,922,27,Series C+,10-25%,Manager,Paid Search,tejas.kaul@balaninc.com,New Business,2026-01-29 10:51:44
LEAD-00407,Google,Q1_BFSI_Pune,Mumbai,Maharashtra,West,Mobile,Edge,Consulting,Small,SMB,50Cr-100Cr,4,15,Series B,Negative,VP,Display Ad,sanya.wable@kamdarkotaan.com,Existing Customer,2026-01-02 11:36:43
LEAD-00799,LinkedIn,Brand_Awareness,Pune,Maharashtra,West,Mobile,Edge,Consulting,Medium,Startup,1Cr-10Cr,177,1,Series A,10-25%,Senior Manager,Social Media - LinkedIn,radhika.bora@yogiltd.com,New Business,2026-02-25 15:52:24
LEAD-01033,Facebook,Manufacturing_AI,Ahmedabad,Gujarat,West,Mobile,,Manufacturing,Enterprise,Enterprise,100Cr+,7131,46,Public,50%+,Manager,Paid Search,lila.swamy@gmail.com,Partner,2026-02-23 16:09:52
LEAD-01337,Instagram,Startup_Founders,Delhi,Delhi,North,Tablet,Edge,Technology,Medium,Mid-Market,1Cr-10Cr,230,16,Seed,50%+,Senior Associate,Content Marketing,darsh.bala@outlook.com,New Business,2026-04-25 21:50:04
LEAD-00985,Facebook,Brand_Awareness,Mumbai,Maharashtra,West,Mobile,Chrome,Unknown,Medium,Mid-Market,1Cr-10Cr,171,5,Bootstrapped,10-25%,Director,Social Media - Facebook,yasti.dubey@bainsmajumda.com,New Business,2026-03-12 19:41:57
LEAD-01501,Direct,Brand_Awareness,Ahmedabad,Gujarat,West,Mobile,Firefox,Education,Medium,Mid-Market,1Cr-10Cr,147,13,Series B,10-25%,Senior Associate,Direct,yug.cheema@yahoo.com,Existing Customer,2026-05-25 18:29:51
LEAD-01420,Direct,Brand_Awareness,Thane,Maharashtra,West,Desktop,Edge,Consulting,Medium,Mid-Market,50Cr-100Cr,150,6,Series C+,Unknown,Intern,Referral,pranit.saha@kalaagrawala.com,New Business,2026-02-15 10:40:01
LEAD-00263,Google,Brand_Awareness,Mumbai,Maharashtra,West,Desktop,Edge,Technology,Medium,Mid-Market,10Cr-50Cr,77,21,Public,10-25%,Senior Manager,Paid Search,michael.borra@horaghose.com,New Business,2026-01-31 12:07:50
LEAD-00654,LinkedIn,Brand_Awareness,Pune,Maharashtra,West,Mobile,Edge,Technology,Large,Mid-Market,,453,20,Series B,10-25%,Owner,Social Media - LinkedIn,onkar.manne@balandsons.com,New Business,2026-01-29 15:36:52
LEAD-00288,Google,Q1_BFSI_Mumbai,Pune,Maharashtra,West,Mobile,Chrome,BFSI,,Enterprise,50Cr-100Cr,2221,21,Public,Negative,Executive,Display Ad,omya.edwin@rajathakkar.com,New Business,2026-01-08 14:02:27
LEAD-00600,LinkedIn,Brand_Awareness,Thane,Maharashtra,West,Desktop,Chrome,Healthcare,Enterprise,Enterprise,50Cr-100Cr,8644,49,Unknown,10-25%,Director,Referral,ikbal.dugal@jainandsons.com,New Business,2026-05-04 19:49:52
LEAD-01027,Facebook,Manufacturing_AI,Kolkata,West Bengal,East,Mobile,Chrome,Consulting,Medium,Mid-Market,10Cr-50Cr,181,18,Unknown,10-25%,Owner,Paid Search,jagat.gour@gmail.com,Existing Customer,2026-05-31 13:55:00
LEAD-01557,Direct,Brand_Awareness,Bangalore,Karnataka,South,Desktop,Chrome,Logistics,Small,Startup,<1Cr,15,4,Series A,10-25%,Director,Direct,timothy.kaur@mitterltd.com,Existing Customer,2026-01-06 19:44:47
LEAD-01800,Email Campaign,Q1_BFSI_Mumbai,Mumbai,Maharashtra,West,Desktop,Edge,BFSI,Enterprise,Enterprise,100Cr+,8288,44,Public,10-25%,Analyst,Direct,tristan.radhakrishnan@chaudharigro.com,New Business,2026-01-11 17:44:21
LEAD-00248,Google,Retargeting_General,,Maharashtra,West,Tablet,Safari,Manufacturing,Enterprise,Enterprise,50Cr-100Cr,7944,34,Series C+,10-25%,Senior Associate,Organic Search,indrajit.mander@paigroup.com,New Business,2026-04-28 12:13:29
LEAD-00238,Google,Retargeting_General,Mumbai,Maharashtra,West,Mobile,Chrome,SaaS,Large,Mid-Market,50Cr-100Cr,340,17,Series C+,0-10%,Senior Manager,Paid Search,jhalak.contractor@pallaplc.com,New Business,2026-05-22 13:54:17
LEAD-01548,Direct,Brand_Awareness,Bangalore,Karnataka,South,Mobile,Safari,Education,Small,SMB,100Cr+,22,12,Bootstrapped,Negative,Executive,Direct,anjali.korpal@oommenlaland.com,New Business,2026-05-12 08:41:42
LEAD-01530,Direct,Brand_Awareness,Ahmedabad,Gujarat,West,Mobile,Chrome,Logistics,Small,SMB,<1Cr,9,6,Seed,10-25%,Founder,Organic Search,damyanti.reddy@yahoo.com,New Business,2026-04-06 08:28:52
LEAD-00934,Facebook,Brand_Awareness,Bangalore,Karnataka,South,Desktop,Chrome,Consulting,Small,SMB,<1Cr,38,8,Public,Negative,Intern,Display Ad,fariq.sami@gmail.com,New Business,2026-03-26 16:24:30
LEAD-00961,Facebook,Retargeting_General,Ahmedabad,Gujarat,West,Mobile,Chrome,Real Estate,Large,Mid-Market,50Cr-100Cr,897,10,Series B,25-50%,Analyst,Paid Search,anvi.dyal@pallnaikands.com,New Business,2026-05-04 16:18:41
LEAD-00974,Facebook,Manufacturing_AI,Thane,Maharashtra,West,Desktop,Edge,Logistics,Medium,Mid-Market,10Cr-50Cr,186,6,Series A,10-25%,Manager,Paid Search,faras.kalita@yahoo.com,Existing Customer,2026-02-03 17:27:02
LEAD-01625,Referral,Retargeting_General,Pune,Maharashtra,West,Mobile,Chrome,Education,Small,SMB,<1Cr,48,10,Seed,50%+,Director,Referral,zashil.mittal@hegdenarayan.com,Existing Customer,2026-01-20 18:24:31
LEAD-00991,Facebook,Retargeting_General,Pune,Maharashtra,West,Mobile,Chrome,Logistics,Medium,Mid-Market,10Cr-50Cr,208,26,Bootstrapped,25-50%,Analyst,Social Media - Facebook,radha.saha@gmail.com,New Business,2026-05-03 15:47:53
LEAD-00342,Google,Retargeting_General,Kolkata,West Bengal,East,Tablet,Chrome,SaaS,Large,Mid-Market,50Cr-100Cr,324,7,Public,50%+,CXO,Display Ad,jeremiah.mitter@hegdemaharaj.com,Partner,2026-02-28 13:20:41
LEAD-01730,Referral,Brand_Awareness,Kolkata,West Bengal,East,Mobile,Chrome,Consulting,Large,Mid-Market,50Cr-100Cr,723,25,Series C+,0-10%,VP,Direct,amaira.sunder@ambleprashad.com,Partner,2026-04-30 17:08:23
LEAD-01465,Direct,Retargeting_General,Mumbai,Maharashtra,West,Desktop,Opera,Manufacturing,Enterprise,Enterprise,10Cr-50Cr,6497,22,Unknown,Negative,Owner,Organic Search,upadhriti.deep@noriplc.com,New Business,2026-03-03 14:23:36
LEAD-01980,Organic Search,Retargeting_General,Navi Mumbai,Maharashtra,West,Desktop,Safari,Unknown,Medium,Mid-Market,1Cr-10Cr,139,12,Bootstrapped,10-25%,Associate,Content Marketing,indira.pandey@yahoo.com,New Business,2026-03-05 15:53:23
LEAD-01138,Facebook,Retargeting_General,Chennai,Tamil Nadu,South,Mobile,Chrome,Logistics,Enterprise,Enterprise,1Cr-10Cr,7661,51,Public,0-10%,Director,Social Media - Facebook,devika.bera@brahmbhattza.com,New Business,2026-02-10 11:38:33
LEAD-00459,Google,Retargeting_General,Delhi,Delhi,North,Desktop,Chrome,BFSI,Large,Mid-Market,50Cr-100Cr,801,10,Series A,10-25%,Senior Associate,Paid Search,nidra.sharaf@brarprakash.com,Existing Customer,2026-01-08 15:32:07
LEAD-01698,Referral,Brand_Awareness,Mumbai,Maharashtra,West,Mobile,Opera,Logistics,Enterprise,Enterprise,100Cr+,7569,40,Series B,25-50%,Director,Email,saksham.magar@mangalsen.com,Partner,2026-02-05 13:38:08
LEAD-01568,Direct,Brand_Awareness,Mumbai,Maharashtra,West,Tablet,Opera,Logistics,Large,Mid-Market,50Cr-100Cr,909,12,Series A,10-25%,Associate,Referral,gaurika.bumb@ramanathanan.com,Existing Customer,2026-03-18 13:42:31
LEAD-00936,Facebook,Retargeting_General,Chennai,Tamil Nadu,South,Desktop,,Real Estate,Medium,Mid-Market,1Cr-10Cr,194,16,Bootstrapped,10-25%,Senior Manager,Paid Search,ekapad.gopal@yahoo.com,New Business,2026-05-16 13:19:18
LEAD-01309,Instagram,Brand_Awareness,Mumbai,Maharashtra,West,Desktop,Chrome,Real Estate,Medium,Mid-Market,1Cr-10Cr,93,9,Series A,10-25%,Senior Associate,Content Marketing,pratyush.pant@yahoo.com,New Business,2026-03-28 16:21:47
LEAD-00017,Google,Retargeting_General,Bangalore,Karnataka,South,Mobile,Chrome,Education,Medium,Mid-Market,10Cr-50Cr,177,15,Bootstrapped,10-25%,Senior Associate,Organic Search,luke.lanka@tatarandhawa.com,Partner,2026-02-24 13:51:16
LEAD-01726,Referral,Retargeting_General,Navi Mumbai,Maharashtra,West,Mobile,Edge,Logistics,Large,Mid-Market,50Cr-100Cr,531,20,Series B,Negative,Owner,Referral,krishna.dash@memoninc.com,Existing Customer,2026-05-11 18:58:25
LEAD-01479,Direct,Brand_Awareness,Navi Mumbai,Maharashtra,West,Mobile,,Healthcare,Medium,Mid-Market,100Cr+,101,17,Series C+,Negative,Senior Manager,Direct,januja.natt@chaudharydub.com,Existing Customer,2026-03-31 19:09:33
LEAD-01815,Email Campaign,SaaS_Enterprise_Q1,Bangalore,Karnataka,South,Mobile,Chrome,Consulting,Medium,Mid-Market,10Cr-50Cr,74,8,Series A,0-10%,Senior Manager,Email,hemani.konda@amblesandala.com,New Business,2026-03-18 14:22:40
LEAD-00257,Google,Brand_Awareness,Kolkata,West Bengal,East,Desktop,Chrome,Technology,Medium,Mid-Market,1Cr-10Cr,246,29,Public,10-25%,Director,Display Ad,triveni.pathak@nairandsons.com,Partner,2026-04-22 18:27:25
LEAD-00967,Facebook,Retargeting_General,Hyderabad,Telangana,South,Mobile,Safari,Technology,Large,Mid-Market,50Cr-100Cr,718,29,Public,10-25%,Executive,Display Ad,ekalinga.bassi@nagychoudhry.com,New Business,2026-02-21 11:42:45
LEAD-01156,Facebook,Retargeting_General,Hyderabad,Telangana,South,Mobile,Safari,Retail,Medium,Mid-Market,1Cr-10Cr,56,20,Bootstrapped,25-50%,Senior Associate,Social Media - Facebook,irya.sankaran@barmanchatte.com,New Business,2026-04-25 14:05:27
LEAD-01097,Facebook,Manufacturing_AI,Pune,Maharashtra,West,Mobile,Chrome,Logistics,Medium,Startup,1Cr-10Cr,234,2,Seed,25-50%,Manager,Display Ad,inaya.nagar@jhaveriplc.com,New Business,2026-02-14 16:10:45
LEAD-00016,Google,Q1_BFSI_Pune,Pune,Maharashtra,West,Desktop,Chrome,Real Estate,Medium,Mid-Market,10Cr-50Cr,170,18,Seed,10-25%,Analyst,Display Ad,divya.kala@yahoo.com,Existing Customer,2026-01-21 21:15:53
LEAD-00391,Google,SaaS_Enterprise_Q1,Mumbai,Maharashtra,West,Desktop,,Consulting,Medium,Mid-Market,10Cr-50Cr,134,19,Seed,10-25%,Owner,Display Ad,patrick.bansal@baradgilland.com,New Business,2026-01-06 17:47:52
LEAD-01676,Referral,Brand_Awareness,Pune,Maharashtra,West,Desktop,Chrome,Technology,Large,Mid-Market,10Cr-50Cr,822,21,Unknown,Unknown,Founder,Direct,alexander.ratti@naikghose.com,New Business,2026-04-24 16:47:00
LEAD-00957,Facebook,Retargeting_General,Thane,Maharashtra,West,Desktop,Safari,Technology,Large,Mid-Market,10Cr-50Cr,957,25,Public,0-10%,VP,Paid Search,viraj.nadig@dassgroup.com,Existing Customer,2026-02-28 19:45:29
LEAD-01115,Facebook,Brand_Awareness,Hyderabad,Telangana,South,Mobile,Chrome,Consulting,Large,Mid-Market,50Cr-100Cr,662,16,Series C+,25-50%,Associate,Paid Search,eshana.chatterjee@yahoo.com,New Business,2026-03-30 20:18:09
LEAD-01647,Referral,Retargeting_General,Ahmedabad,Gujarat,West,Mobile,Chrome,Retail,Large,Mid-Market,50Cr-100Cr,635,23,Series B,25-50%,Senior Manager,Direct,dayita.jain@somandutt.com,New Business,2026-03-06 12:37:56
LEAD-00010,Google,Retargeting_General,Navi Mumbai,Maharashtra,West,Desktop,Chrome,Healthcare,Medium,Mid-Market,10Cr-50Cr,137,29,Public,25-50%,Intern,Paid Search,bimala.buch@boasebathand.com,Existing Customer,2026-03-13 20:53:26
LEAD-00489,Google,SaaS_Enterprise_Q1,Bangalore,Karnataka,South,Mobile,Edge,SaaS,Medium,Startup,10Cr-50Cr,169,2,Series A,10-25%,Owner,Display Ad,peter.rao@iyersrinivas.com,New Business,2026-02-23 18:58:22
LEAD-00219,Google,Brand_Awareness,Pune,Maharashtra,West,Mobile,Edge,Education,Large,Mid-Market,10Cr-50Cr,353,12,Series A,Negative,Founder,Paid Search,atharv.deep@gmail.com,New Business,2026-03-10 16:52:50
LEAD-00874,LinkedIn,Retargeting_General,Navi Mumbai,Maharashtra,West,Mobile,Chrome,Consulting,Large,Mid-Market,10Cr-50Cr,692,5,Unknown,0-10%,CXO,Paid Search,anya.ratta@acharyadugar.com,Partner,2026-01-19 10:32:55
LEAD-00615,LinkedIn,Brand_Awareness,Mumbai,Maharashtra,West,Mobile,Edge,Logistics,,Enterprise,50Cr-100Cr,8680,56,Public,0-10%,VP,Paid Search,anvi.mammen@kalagrover.com,New Business,2026-03-29 20:05:20
LEAD-01889,Email Campaign,SaaS_Enterprise_Q1,Mumbai,Maharashtra,West,Mobile,Chrome,SaaS,Large,Mid-Market,10Cr-50Cr,352,12,Unknown,10-25%,Owner,Email,aditya.cherian@dhararya.com,Partner,2026-02-05 18:30:24
LEAD-01061,Facebook,Brand_Awareness,Navi Mumbai,Maharashtra,West,Desktop,Edge,Logistics,Small,SMB,<1Cr,6,2,Seed,10-25%,Manager,Display Ad,omaja.gokhale@bawainc.com,Partner,2026-01-14 13:54:05
LEAD-01916,Organic Search,SaaS_Enterprise_Q1,Bangalore,Karnataka,South,Mobile,Chrome,Technology,Medium,Mid-Market,10Cr-50Cr,198,5,Series C+,Negative,Executive,Direct,panini.prabhu@dharpurohita.com,New Business,2026-03-10 10:18:36
LEAD-00258,Google,Brand_Awareness,Ahmedabad,Gujarat,West,Mobile,Chrome,Retail,Medium,Mid-Market,1Cr-10Cr,133,29,Bootstrapped,50%+,Associate,Paid Search,yagnesh.sarin@sarkarinc.com,Existing Customer,2026-02-18 08:43:00
LEAD-00656,LinkedIn,Brand_Awareness,Pune,Maharashtra,West,Desktop,Chrome,SaaS,Enterprise,Enterprise,100Cr+,5535,14,Public,Unknown,VP,Social Media - LinkedIn,gavin.ram@sureshlanka.com,New Business,2026-05-30 11:30:31
LEAD-00338,Google,Brand_Awareness,Pune,Maharashtra,West,Mobile,Edge,Technology,Enterprise,Enterprise,100Cr+,5916,26,Public,10-25%,Senior Manager,Paid Search,kabir.gopal@varughesepad.com,New Business,2026-05-26 08:25:06
LEAD-00126,Google,Retargeting_General,Bangalore,Karnataka,South,Desktop,Chrome,Retail,Large,Mid-Market,10Cr-50Cr,342,25,Series B,0-10%,Executive,Display Ad,harini.mammen@gmail.com,New Business,2026-05-17 19:46:54
LEAD-01455,Direct,Brand_Awareness,Mumbai,Maharashtra,West,Mobile,Chrome,Logistics,,Mid-Market,10Cr-50Cr,628,18,Series B,10-25%,Senior Manager,Direct,sai.sundaram@yahoo.com,Existing Customer,2026-04-11 15:48:56
LEAD-01513,Direct,Brand_Awareness,Thane,Maharashtra,West,Desktop,Chrome,Retail,Medium,Mid-Market,50Cr-100Cr,66,27,Seed,25-50%,Intern,Referral,chavvi.menon@modyprasad.com,Existing Customer,2026-05-03 20:02:30
LEAD-01661,Referral,Retargeting_General,Hyderabad,Telangana,South,Mobile,Safari,Consulting,Enterprise,Enterprise,50Cr-100Cr,8241,36,Series C+,Unknown,VP,Email,ucchal.sundaram@deshpandellc.com,Existing Customer,2026-04-24 16:54:54
LEAD-00760,LinkedIn,Brand_Awareness,Pune,Maharashtra,West,Desktop,Chrome,BFSI,,Enterprise,100Cr+,4497,13,Public,10-25%,VP,Referral,hitesh.bath@mannevigandp.com,New Business,2026-01-06 20:43:27
LEAD-01307,Instagram,Retargeting_General,Navi Mumbai,Maharashtra,West,Mobile,Edge,Manufacturing,Medium,Mid-Market,1Cr-10Cr,194,6,Public,Negative,Intern,Social Media - Instagram,aayush.chaudhary@gargyogi.com,Partner,2026-02-03 20:30:00
LEAD-00143,Google,Retargeting_General,Thane,Maharashtra,West,Tablet,Safari,Technology,Large,Mid-Market,10Cr-50Cr,648,12,Series B,0-10%,VP,Display Ad,jagat.saha@modichadaand.com,New Business,2026-03-26 18:05:59
LEAD-00649,LinkedIn,Brand_Awareness,Thane,Maharashtra,West,Mobile,Chrome,Unknown,Enterprise,Enterprise,100Cr+,5044,25,Public,10-25%,Associate,Referral,harrison.narula@sarafdugaran.com,New Business,2026-04-03 18:45:43
LEAD-00523,LinkedIn,Retargeting_General,Hyderabad,Telangana,South,Mobile,Chrome,Consulting,,Enterprise,50Cr-100Cr,2738,30,Public,10-25%,Director,Paid Search,yashasvi.talwar@hayergroup.com,New Business,2026-01-21 15:53:45
LEAD-00455,Google,SaaS_Enterprise_Q1,Bangalore,Karnataka,South,Mobile,Chrome,Technology,Large,Mid-Market,50Cr-100Cr,333,5,Unknown,50%+,Manager,Organic Search,anvi.wason@yahoo.com,Existing Customer,2026-03-17 12:26:44
LEAD-01326,Instagram,Startup_Founders,Bangalore,Karnataka,South,Mobile,Safari,Consulting,Medium,Mid-Market,<1Cr,183,12,Series A,0-10%,Intern,Social Media - Instagram,avi.gola@outlook.com,New Business,2026-01-26 10:50:23
LEAD-01662,Referral,Brand_Awareness,Mumbai,Maharashtra,West,Mobile,Firefox,SaaS,,Mid-Market,50Cr-100Cr,929,10,Series C+,Negative,Owner,Referral,xavier.sarma@birbutala.com,New Business,2026-02-23 13:00:02
LEAD-01148,Facebook,Retargeting_General,Mumbai,Maharashtra,West,Mobile,Edge,SaaS,Enterprise,Enterprise,50Cr-100Cr,5545,16,Series B,0-10%,Senior Associate,Display Ad,hemal.chad@outlook.com,New Business,2026-03-10 10:50:06
LEAD-01214,Instagram,Brand_Awareness,Kolkata,West Bengal,East,Mobile,Chrome,Logistics,,SMB,10Cr-50Cr,41,9,Series A,25-50%,Director,Display Ad,maanav.kalita@outlook.com,New Business,2026-01-01 10:01:20
LEAD-00881,LinkedIn,SaaS_Enterprise_Q1,Mumbai,Maharashtra,West,Desktop,Safari,Technology,Medium,Startup,10Cr-50Cr,61,5,Series A,0-10%,Founder,Paid Search,harinakshi.shanker@outlook.com,Partner,2026-01-04 13:13:18
LEAD-00787,LinkedIn,Brand_Awareness,Pune,Maharashtra,West,Mobile,Chrome,Logistics,Medium,Mid-Market,10Cr-50Cr,58,8,Bootstrapped,0-10%,Director,Social Media - LinkedIn,eesha.vora@parmarbora.com,Existing Customer,2026-03-24 14:50:11
LEAD-01545,Direct,Brand_Awareness,Hyderabad,Telangana,South,Desktop,Chrome,BFSI,Enterprise,Enterprise,1Cr-10Cr,7855,15,Series C+,0-10%,Senior Manager,Direct,ekaraj.mital@gmail.com,New Business,2026-03-31 16:05:09
LEAD-00981,Facebook,Manufacturing_AI,Ahmedabad,Gujarat,West,Mobile,Opera,Manufacturing,Small,Startup,<1Cr,14,3,Series B,0-10%,Owner,Social Media - Facebook,keya.kumar@outlook.com,Existing Customer,2026-03-21 08:28:55
LEAD-00367,Google,Q1_BFSI_Mumbai,Navi Mumbai,Maharashtra,West,Mobile,Safari,Real Estate,Large,Mid-Market,50Cr-100Cr,676,28,Series A,25-50%,Senior Associate,Paid Search,logan.narang@shandixitand.com,Partner,2026-02-13 15:44:42
LEAD-00947,Facebook,Brand_Awareness,Thane,Maharashtra,West,Mobile,Chrome,BFSI,Medium,Mid-Market,1Cr-10Cr,152,28,Series B,50%+,VP,Paid Search,rushil.sharma@kotabandi.com,New Business,2026-04-04 14:45:59
LEAD-01692,Referral,Brand_Awareness,Chennai,Tamil Nadu,South,Mobile,Chrome,Retail,Large,Mid-Market,50Cr-100Cr,537,18,Public,25-50%,CXO,Referral,ekanta.goswami@kapadiarajan.com,Partner,2026-04-30 10:02:22
LEAD-01846,Email Campaign,Retargeting_General,Pune,Maharashtra,West,Mobile,Safari,Real Estate,Large,Mid-Market,50Cr-100Cr,839,24,Public,25-50%,Director,Paid Search,ryan.chand@sandhuinc.com,New Business,2026-03-11 14:01:48
LEAD-00323,Google,Retargeting_General,Navi Mumbai,Maharashtra,West,Mobile,Chrome,BFSI,Large,Mid-Market,10Cr-50Cr,415,17,Unknown,10-25%,Executive,Organic Search,jeevika.pathak@bhavsarandso.com,New Business,2026-01-02 20:05:52
LEAD-00419,Google,Brand_Awareness,Hyderabad,Telangana,South,Desktop,Safari,Education,Large,Mid-Market,10Cr-50Cr,982,30,Public,0-10%,Senior Associate,Display Ad,udant.aggarwal@ramaswamywad.com,New Business,2026-05-23 18:04:50
LEAD-00699,LinkedIn,Retargeting_General,Navi Mumbai,Maharashtra,West,Mobile,,Consulting,Enterprise,Enterprise,100Cr+,7450,23,Series B,50%+,Senior Associate,Paid Search,balendra.gupta@outlook.com,New Business,2026-05-12 21:57:02
LEAD-01056,Facebook,Brand_Awareness,Pune,Maharashtra,West,Mobile,Safari,Retail,Large,Mid-Market,50Cr-100Cr,584,26,Series C+,0-10%,Associate,Social Media - Facebook,wazir.kalla@outlook.com,New Business,2026-05-16 11:15:13
LEAD-01616,Referral,Brand_Awareness,Mumbai,Maharashtra,West,Mobile,Firefox,Consulting,Enterprise,Enterprise,50Cr-100Cr,9106,54,Series C+,10-25%,Analyst,Direct,aachal.chad@dugarprasad.com,Existing Customer,2026-03-11 09:36:13
LEAD-00311,Google,Q1_BFSI_Pune,Pune,Maharashtra,West,Mobile,Chrome,BFSI,Small,Startup,1Cr-10Cr,42,3,Series A,10-25%,Manager,Display Ad,dayita.varma@barmanllc.com,New Business,2026-02-08 19:52:07
LEAD-00014,Google,Q1_BFSI_Mumbai,Hyderabad,Telangana,South,Mobile,Opera,Real Estate,Medium,Mid-Market,10Cr-50Cr,81,30,Seed,Negative,Manager,Organic Search,theodore.nair@raghavanmada.com,New Business,2026-01-23 16:27:42
LEAD-00415,Google,Q1_BFSI_Mumbai,Mumbai,Maharashtra,West,Desktop,Chrome,BFSI,Medium,Startup,100Cr+,171,1,Seed,10-25%,Executive,Organic Search,azad.mangat@outlook.com,New Business,2026-01-26 10:45:38
LEAD-01938,Organic Search,Brand_Awareness,Navi Mumbai,Maharashtra,West,Mobile,Chrome,SaaS,Large,Mid-Market,50Cr-100Cr,975,19,Series C+,10-25%,Manager,Content Marketing,harrison.thakkar@yahoo.com,Existing Customer,2026-03-12 16:33:58
LEAD-01792,Email Campaign,Retargeting_General,Navi Mumbai,Maharashtra,West,Mobile,Chrome,Healthcare,Large,Mid-Market,10Cr-50Cr,466,19,Series B,10-25%,Executive,Direct,mugdha.shan@rajgade.com,Existing Customer,2026-03-18 19:11:51
LEAD-01669,Referral,Brand_Awareness,Kolkata,West Bengal,East,Mobile,Chrome,Manufacturing,Medium,Mid-Market,1Cr-10Cr,97,7,Public,50%+,Founder,Referral,krishna.jaggi@agrawalinc.com,New Business,2026-04-05 12:12:42
LEAD-00009,Google,Q1_BFSI_Mumbai,Thane,Maharashtra,West,Tablet,Edge,Retail,Large,Mid-Market,10Cr-50Cr,888,22,Series B,25-50%,Manager,Display Ad,janaki.handa@memonltd.com,New Business,2026-02-12 08:05:41
LEAD-00427,Google,SaaS_Enterprise_Q1,Hyderabad,Telangana,South,Mobile,Chrome,SaaS,Large,Mid-Market,10Cr-50Cr,914,5,Unknown,10-25%,Senior Associate,Organic Search,ekani.khalsa@yahoo.com,New Business,2026-01-18 09:08:41
LEAD-01780,Email Campaign,Healthcare_Demo,Hyderabad,Telangana,South,Mobile,Brave,Healthcare,Enterprise,Enterprise,50Cr-100Cr,1203,29,Series C+,Negative,Manager,Paid Search,devansh.venkataraman@yadavwaglean.com,New Business,2026-03-02 16:55:51
LEAD-01239,Instagram,Retargeting_General,Delhi,Delhi,North,Desktop,Chrome,Real Estate,Medium,Mid-Market,1Cr-10Cr,114,21,Unknown,0-10%,Intern,Social Media - Instagram,kashish.pai@gmail.com,New Business,2026-02-18 16:41:04
LEAD-00994,Facebook,Retargeting_General,Bangalore,Karnataka,South,Mobile,,Retail,Medium,Mid-Market,1Cr-10Cr,212,6,Series C+,25-50%,Executive,Social Media - Facebook,timothy.dua@doctornarain.com,New Business,2026-02-16 08:09:40
LEAD-01123,Facebook,Brand_Awareness,Mumbai,Maharashtra,West,Mobile,Chrome,Consulting,Medium,Startup,10Cr-50Cr,176,1,Bootstrapped,0-10%,Senior Manager,Display Ad,jagrati.choudhary@beraacharya.com,Partner,2026-03-31 08:16:44
LEAD-00877,LinkedIn,Brand_Awareness,Mumbai,Maharashtra,West,Mobile,Chrome,BFSI,Enterprise,Enterprise,50Cr-100Cr,7061,53,Unknown,0-10%,Owner,Referral,robert.sha@malhotrakara.com,Partner,2026-04-08 13:28:11
LEAD-00872,LinkedIn,Retargeting_General,Mumbai,Maharashtra,West,Mobile,Chrome,Education,Large,Mid-Market,50Cr-100Cr,941,23,Public,10-25%,Director,Social Media - LinkedIn,bahadurjit.uppal@vasamangalan.com,New Business,2026-03-08 20:18:21
LEAD-01903,Organic Search,Brand_Awareness,Pune,Maharashtra,West,Mobile,Edge,Technology,Large,Mid-Market,10Cr-50Cr,278,17,Series A,10-25%,Director,Direct,manan.nagarajan@boseagateand.com,New Business,2026-01-10 09:20:04
LEAD-00549,LinkedIn,Retargeting_General,Bangalore,Karnataka,South,Mobile,Chrome,Healthcare,Enterprise,Enterprise,100Cr+,3484,58,Series C+,0-10%,Founder,Paid Search,pushti.chand@modykaur.com,New Business,2026-04-18 20:14:08
LEAD-01668,Referral,Brand_Awareness,Mumbai,Maharashtra,West,Mobile,Edge,Consulting,Enterprise,Enterprise,50Cr-100Cr,9655,43,Public,50%+,Senior Associate,Referral,darika.sawhney@virkchauhana.com,Existing Customer,2026-04-18 16:01:25
LEAD-01970,Organic Search,Brand_Awareness,Navi Mumbai,Maharashtra,West,Mobile,Firefox,Consulting,Medium,Mid-Market,10Cr-50Cr,77,7,Series B,10-25%,Associate,Organic Search,vaishnavi.wason@sainisubrama.com,New Business,2026-05-08 14:26:45
LEAD-00677,LinkedIn,Retargeting_General,Bangalore,Karnataka,South,Mobile,Chrome,Consulting,Enterprise,Enterprise,50Cr-100Cr,2574,32,Series C+,25-50%,CXO,Referral,omaja.chakraborty@savantnagian.com,Existing Customer,2026-02-15 08:07:32
LEAD-01396,Instagram,Retargeting_General,Navi Mumbai,Maharashtra,West,Tablet,Edge,BFSI,Small,Startup,<1Cr,36,5,Series A,10-25%,Senior Associate,Social Media - Instagram,samar.halder@outlook.com,New Business,2026-02-13 21:04:57
LEAD-00137,Google,Q1_BFSI_Pune,Pune,Maharashtra,West,Desktop,Chrome,Consulting,Medium,Mid-Market,1Cr-10Cr,96,22,Unknown,50%+,Analyst,Display Ad,jonathan.mahal@atwalwalla.com,Existing Customer,2026-01-15 21:00:48
LEAD-00089,Google,SaaS_Enterprise_Q1,Mumbai,Maharashtra,West,Mobile,Chrome,Technology,Large,Mid-Market,50Cr-100Cr,862,22,Public,0-10%,Senior Manager,Organic Search,chakradhar.konda@dininc.com,Existing Customer,2026-02-07 14:00:39
LEAD-01146,Facebook,Retargeting_General,Delhi,Delhi,North,Mobile,Safari,Unknown,Small,SMB,1Cr-10Cr,26,2,Public,10-25%,Manager,Display Ad,sanya.pingle@outlook.com,New Business,2026-03-07 15:29:59
LEAD-00687,LinkedIn,Brand_Awareness,Mumbai,Maharashtra,West,Tablet,Safari,Manufacturing,,Mid-Market,50Cr-100Cr,517,17,Series B,10-25%,Senior Associate,Paid Search,nicholas.kala@outlook.com,Partner,2026-02-11 14:29:05
LEAD-00988,Facebook,Manufacturing_AI,Pune,Maharashtra,West,Mobile,Chrome,Manufacturing,Enterprise,Enterprise,50Cr-100Cr,5345,49,Series C+,0-10%,Associate,Display Ad,mugdha.kalla@mitalchanda.com,Partner,2026-04-02 08:47:55
LEAD-01435,Direct,Brand_Awareness,Navi Mumbai,Maharashtra,West,Mobile,Chrome,Education,Large,Mid-Market,50Cr-100Cr,944,6,Series C+,0-10%,Owner,Organic Search,yochana.om@sandhuchande.com,New Business,2026-01-02 18:48:34
LEAD-01591,Direct,Retargeting_General,Chennai,Tamil Nadu,South,Mobile,Chrome,Consulting,Large,Mid-Market,50Cr-100Cr,935,14,Series C+,Unknown,Manager,Organic Search,unni.narula@gulatisoni.com,New Business,2026-03-30 10:45:54
LEAD-01855,Email Campaign,Q1_BFSI_Mumbai,Mumbai,Maharashtra,West,Mobile,Chrome,BFSI,Large,Mid-Market,100Cr+,804,24,Series B,0-10%,Senior Associate,Email,kalpit.narula@aryaltd.com,New Business,2026-02-08 20:55:17
LEAD-00959,Facebook,Manufacturing_AI,Pune,Maharashtra,West,Mobile,Safari,Manufacturing,,Mid-Market,10Cr-50Cr,452,20,Series B,10-25%,Founder,Paid Search,balveer.sundaram@yahoo.com,New Business,2026-02-13 16:37:13
LEAD-00194,Google,Q1_BFSI_Mumbai,Mumbai,Maharashtra,West,Mobile,Safari,BFSI,Medium,Mid-Market,10Cr-50Cr,86,12,Bootstrapped,25-50%,CXO,Organic Search,anthony.randhawa@parmermercha.com,New Business,2026-02-08 17:46:38
LEAD-00291,Google,Q1_BFSI_Pune,Mumbai,Maharashtra,West,Mobile,Safari,Consulting,Large,Mid-Market,10Cr-50Cr,930,15,Series C+,0-10%,Founder,Paid Search,shivani.varghese@outlook.com,New Business,2026-02-18 17:33:30
LEAD-01351,Instagram,Brand_Awareness,Navi Mumbai,Maharashtra,West,Mobile,Safari,BFSI,Large,Mid-Market,,523,17,Unknown,0-10%,Intern,Social Media - Instagram,anjali.bhavsar@gmail.com,New Business,2026-01-26 12:21:40
LEAD-00820,LinkedIn,Retargeting_General,Mumbai,Maharashtra,West,Mobile,Brave,Technology,Enterprise,Enterprise,10Cr-50Cr,8141,53,Public,0-10%,Founder,Social Media - LinkedIn,jagvi.desai@sarinllc.com,Existing Customer,2026-05-29 10:43:49
LEAD-00795,LinkedIn,Retargeting_General,,Maharashtra,West,Mobile,Chrome,Healthcare,Large,Mid-Market,50Cr-100Cr,801,5,Series B,0-10%,Manager,Social Media - LinkedIn,sanaya.sur@varkeytrived.com,Existing Customer,2026-01-14 12:56:50
LEAD-00327,Google,Retargeting_General,Thane,Maharashtra,West,Mobile,Chrome,SaaS,Medium,Mid-Market,1Cr-10Cr,236,22,Series B,0-10%,Executive,Paid Search,quincy.tata@balltd.com,Existing Customer,2026-03-31 13:52:17
LEAD-00579,LinkedIn,Retargeting_General,Thane,Maharashtra,West,Mobile,,Technology,Medium,Mid-Market,50Cr-100Cr,243,27,Series C+,25-50%,VP,Referral,christopher.tata@vaidyaparsa.com,New Business,2026-03-04 18:20:21
LEAD-00335,Google,SaaS_Enterprise_Q1,Delhi,Delhi,North,Desktop,Chrome,SaaS,Medium,Startup,10Cr-50Cr,104,4,Seed,0-10%,Senior Associate,Display Ad,dayamai.rao@dayalchadhaa.com,New Business,2026-02-03 10:35:16
LEAD-01043,Facebook,Brand_Awareness,Navi Mumbai,Maharashtra,West,Mobile,Safari,Consulting,Small,SMB,<1Cr,28,12,Seed,0-10%,Director,Display Ad,ojas.sami@yahoo.com,New Business,2026-03-21 11:56:41
LEAD-01559,Direct,Brand_Awareness,Thane,Maharashtra,West,Mobile,Edge,Retail,Large,Mid-Market,50Cr-100Cr,527,12,Series B,10-25%,CXO,Referral,meghana.choudhry@outlook.com,New Business,2026-03-02 16:45:00
LEAD-01578,Direct,Retargeting_General,Hyderabad,Telangana,South,Mobile,Brave,Technology,Small,SMB,<1Cr,22,9,Series C+,50%+,Senior Manager,Organic Search,charles.menon@bhallaplc.com,New Business,2026-05-19 16:15:39
LEAD-01216,Instagram,Retargeting_General,Mumbai,Maharashtra,West,Mobile,Chrome,Consulting,Small,Startup,<1Cr,16,3,Seed,25-50%,Executive,Display Ad,anamika.jain@hariparmer.com,New Business,2026-03-28 13:30:48
LEAD-01344,Instagram,Brand_Awareness,Delhi,Delhi,North,Mobile,Edge,Retail,Medium,Mid-Market,1Cr-10Cr,78,9,Unknown,0-10%,Analyst,Content Marketing,amara.bahri@samivarmaand.com,New Business,2026-03-06 15:27:00
LEAD-01185,Facebook,Manufacturing_AI,Ahmedabad,Gujarat,West,Mobile,Opera,Consulting,,SMB,<1Cr,32,3,Series A,25-50%,Senior Associate,Social Media - Facebook,geetika.basak@noriinc.com,New Business,2026-04-09 09:53:39
LEAD-00507,LinkedIn,Brand_Awareness,Bangalore,Karnataka,South,Mobile,Chrome,Retail,Enterprise,Enterprise,50Cr-100Cr,4011,50,Unknown,0-10%,Founder,Paid Search,ikbal.gala@contractorba.com,New Business,2026-02-04 08:25:12
LEAD-00491,Google,Brand_Awareness,Thane,Maharashtra,West,Mobile,Chrome,Consulting,Enterprise,Enterprise,100Cr+,6762,19,Series C+,10-25%,Analyst,Display Ad,janya.comar@mandramaswam.com,New Business,2026-05-13 12:23:49
LEAD-01950,Organic Search,Retargeting_General,Mumbai,Maharashtra,West,Mobile,Chrome,Real Estate,Large,Mid-Market,50Cr-100Cr,545,28,Series C+,10-25%,Director,Direct,logan.dasgupta@kundasathe.com,New Business,2026-02-02 16:02:11
LEAD-00747,LinkedIn,SaaS_Enterprise_Q1,Chennai,Tamil Nadu,South,Desktop,Chrome,Technology,,Startup,10Cr-50Cr,130,1,Seed,Negative,Associate,Referral,zilmil.virk@vohrakapuran.com,Existing Customer,2026-02-20 16:12:20
LEAD-00506,LinkedIn,Retargeting_General,Delhi,Delhi,North,Mobile,Safari,Technology,Large,Mid-Market,10Cr-50Cr,966,13,Series B,25-50%,CXO,Referral,charita.basu@sethinagaran.com,New Business,2026-04-01 14:38:46
LEAD-00757,LinkedIn,Brand_Awareness,Hyderabad,Telangana,South,Mobile,Chrome,BFSI,,Enterprise,100Cr+,6717,39,Public,10-25%,CXO,Referral,udant.sha@patlabhagat.com,Existing Customer,2026-05-17 21:29:06
LEAD-01118,Facebook,Retargeting_General,Bangalore,Karnataka,South,Mobile,Firefox,Education,Medium,Mid-Market,<1Cr,179,22,Series A,50%+,Intern,Social Media - Facebook,aadi.din@outlook.com,Existing Customer,2026-01-27 17:00:16
LEAD-00308,Google,Retargeting_General,Mumbai,Maharashtra,West,Desktop,Chrome,Unknown,Large,Mid-Market,10Cr-50Cr,746,16,Series B,0-10%,Director,Paid Search,hamsini.gill@pandeyplc.com,New Business,2026-05-05 11:04:16
LEAD-01446,Direct,Brand_Awareness,Hyderabad,Telangana,South,Mobile,Chrome,BFSI,Medium,Mid-Market,10Cr-50Cr,105,24,Series A,50%+,CXO,Referral,aashi.cherian@gmail.com,New Business,2026-02-02 18:59:53
LEAD-00901,Facebook,Retargeting_General,Navi Mumbai,Maharashtra,West,Desktop,Chrome,Technology,Enterprise,Enterprise,10Cr-50Cr,8447,41,Series C+,0-10%,Senior Manager,Paid Search,pranit.deep@mammenseshad.com,New Business,2026-05-20 20:06:02
LEAD-00671,LinkedIn,Brand_Awareness,Bangalore,Karnataka,South,Desktop,Chrome,Consulting,Enterprise,Enterprise,50Cr-100Cr,8837,50,Series B,Negative,Owner,Paid Search,leela.sunder@roylalla.com,Existing Customer,2026-05-07 12:45:24
LEAD-00865,LinkedIn,SaaS_Enterprise_Q1,Hyderabad,Telangana,South,Mobile,Safari,SaaS,Enterprise,Enterprise,100Cr+,4846,32,Series B,10-25%,Senior Manager,Referral,neel.chaudhry@danikarpeand.com,New Business,2026-01-10 11:13:20
LEAD-00713,LinkedIn,SaaS_Enterprise_Q1,Chennai,Tamil Nadu,South,Mobile,Chrome,SaaS,Large,Mid-Market,50Cr-100Cr,854,21,Series B,10-25%,Owner,Social Media - LinkedIn,leela.agrawal@sanghvisood.com,Existing Customer,2026-02-05 11:37:24
LEAD-01205,Instagram,Brand_Awareness,Mumbai,Maharashtra,West,Mobile,Firefox,Consulting,Small,SMB,<1Cr,38,6,Bootstrapped,0-10%,Executive,Social Media - Instagram,manthan.som@yahoo.com,New Business,2026-02-01 19:26:16
LEAD-00138,Google,Brand_Awareness,Mumbai,Maharashtra,West,Mobile,Chrome,Healthcare,Small,Startup,1Cr-10Cr,23,2,Series A,0-10%,Manager,Paid Search,brinda.date@bhagatplc.com,Existing Customer,2026-01-29 08:51:42
LEAD-01105,Facebook,Brand_Awareness,Mumbai,Maharashtra,West,Mobile,Firefox,BFSI,Large,Mid-Market,50Cr-100Cr,914,25,Series B,0-10%,VP,Social Media - Facebook,vincent.kapur@shroffsingha.com,New Business,2026-03-06 11:32:01
LEAD-01319,Instagram,Startup_Founders,Mumbai,Maharashtra,West,Desktop,Chrome,Consulting,Small,SMB,1Cr-10Cr,47,3,Series C+,25-50%,Intern,Content Marketing,om.bhattacharyya@rattanchaudr.com,New Business,2026-04-08 18:30:11
LEAD-00731,LinkedIn,Retargeting_General,Thane,Maharashtra,West,Mobile,Chrome,BFSI,Medium,Startup,50Cr-100Cr,94,1,Series A,50%+,VP,Paid Search,balveer.taneja@routmerchant.com,Partner,2026-03-14 13:04:39
LEAD-00524,LinkedIn,Retargeting_General,Navi Mumbai,Maharashtra,West,Mobile,Safari,BFSI,Enterprise,Enterprise,100Cr+,6398,12,Unknown,0-10%,Founder,Referral,sachi.suresh@swamysagar.com,New Business,2026-04-26 13:46:46
LEAD-00389,Google,Q1_BFSI_Mumbai,Navi Mumbai,Maharashtra,West,Mobile,Chrome,BFSI,Large,Mid-Market,,954,5,Public,25-50%,Founder,Organic Search,bhavna.nagi@sonisoodandi.com,New Business,2026-01-09 16:54:38
LEAD-00768,LinkedIn,Brand_Awareness,Thane,Maharashtra,West,Mobile,,Consulting,,Mid-Market,50Cr-100Cr,417,22,Public,0-10%,Senior Manager,Referral,anusha.rao@rajagopalans.com,New Business,2026-03-14 21:42:44
LEAD-00425,Google,Q1_BFSI_Pune,Mumbai,Maharashtra,West,Desktop,Safari,Education,Medium,Startup,10Cr-50Cr,194,3,Bootstrapped,0-10%,Director,Display Ad,vivaan.zacharia@basurattiand.com,New Business,2026-03-02 14:44:37
LEAD-01099,Facebook,Manufacturing_AI,Delhi,Delhi,North,Mobile,Safari,Unknown,Medium,Mid-Market,1Cr-10Cr,80,29,Unknown,50%+,Senior Manager,Social Media - Facebook,hamsini.zachariah@mukhopadhyay.com,Partner,2026-03-03 08:41:43
LEAD-00682,LinkedIn,Brand_Awareness,Thane,Maharashtra,West,Desktop,Firefox,SaaS,Large,Mid-Market,100Cr+,782,23,Public,0-10%,Associate,Social Media - LinkedIn,chandresh.patel@gmail.com,New Business,2026-02-01 20:48:13
LEAD-00058,Google,Q1_BFSI_Pune,Pune,Maharashtra,West,Tablet,Chrome,Retail,Small,SMB,1Cr-10Cr,7,9,Unknown,Negative,Founder,Organic Search,raksha.mittal@manedugar.com,New Business,2026-02-28 21:42:33
LEAD-01772,Email Campaign,Manufacturing_AI,Ahmedabad,Gujarat,West,Mobile,,Manufacturing,Large,Mid-Market,100Cr+,260,10,Public,Negative,Executive,Email,mekhala.suresh@daniandsons.com,Existing Customer,2026-03-24 21:52:59
LEAD-00658,LinkedIn,SaaS_Enterprise_Q1,Delhi,Delhi,North,Tablet,Chrome,Technology,Large,Mid-Market,100Cr+,869,18,Series B,0-10%,CXO,Social Media - LinkedIn,ria.shroff@basulall.com,Partner,2026-03-03 13:42:25
LEAD-01474,Direct,Brand_Awareness,Mumbai,Maharashtra,West,Mobile,Opera,Healthcare,Large,Mid-Market,,402,12,Series B,Negative,Senior Associate,Referral,matthew.varma@batraloke.com,Partner,2026-04-29 15:08:36
LEAD-00086,Google,Q1_BFSI_Mumbai,Navi Mumbai,Maharashtra,West,Mobile,Brave,Retail,Large,Mid-Market,10Cr-50Cr,278,18,Series B,0-10%,Associate,Paid Search,yasti.solanki@sathekala.com,New Business,2026-01-25 09:23:14
LEAD-01782,Email Campaign,Manufacturing_AI,Ahmedabad,Gujarat,West,Desktop,Firefox,Logistics,Large,Mid-Market,10Cr-50Cr,925,27,Series A,10-25%,Founder,Paid Search,dipta.das@yahoo.com,New Business,2026-04-20 19:47:04
LEAD-00976,Facebook,Brand_Awareness,Navi Mumbai,Maharashtra,West,Desktop,Firefox,Healthcare,Large,Mid-Market,50Cr-100Cr,325,29,Unknown,25-50%,Senior Manager,Social Media - Facebook,yuvraj.gola@outlook.com,New Business,2026-03-12 15:28:56
LEAD-00135,Google,SaaS_Enterprise_Q1,Bangalore,Karnataka,South,Desktop,Safari,Consulting,Enterprise,Enterprise,50Cr-100Cr,2197,12,Unknown,0-10%,Founder,Display Ad,barkha.chaudhry@sulellc.com,New Business,2026-01-08 09:59:30
LEAD-00848,LinkedIn,SaaS_Enterprise_Q1,Hyderabad,Telangana,South,Mobile,Chrome,SaaS,Large,Mid-Market,<1Cr,269,22,Series B,0-10%,VP,Social Media - LinkedIn,yasti.lalla@dhargopal.com,Existing Customer,2026-03-31 10:27:44
LEAD-00328,Google,Q1_BFSI_Pune,Mumbai,Maharashtra,West,Mobile,Safari,BFSI,Small,Startup,1Cr-10Cr,33,1,Series A,10-25%,Analyst,Display Ad,abha.sehgal@outlook.com,New Business,2026-01-08 20:32:16
LEAD-00408,Google,SaaS_Enterprise_Q1,Mumbai,Maharashtra,West,Mobile,Edge,SaaS,Large,Mid-Market,,598,17,Series A,0-10%,VP,Display Ad,david.tiwari@pathakbrahmb.com,Existing Customer,2026-05-27 17:24:11
LEAD-01360,Instagram,Brand_Awareness,Navi Mumbai,Maharashtra,West,Mobile,Firefox,Logistics,Medium,Startup,10Cr-50Cr,164,1,Seed,10-25%,Executive,Content Marketing,amara.mangat@outlook.com,New Business,2026-05-18 16:40:37
LEAD-00414,Google,Brand_Awareness,Mumbai,Maharashtra,West,Mobile,Chrome,Retail,Large,Mid-Market,10Cr-50Cr,813,15,Series B,Negative,VP,Organic Search,hemangini.bhatt@borabathands.com,Existing Customer,2026-03-14 17:15:10
LEAD-01068,Facebook,Retargeting_General,Navi Mumbai,Maharashtra,West,Mobile,Safari,Manufacturing,Medium,Mid-Market,10Cr-50Cr,57,20,Public,50%+,Senior Manager,Display Ad,aashi.vora@yahoo.com,New Business,2026-02-12 08:41:15
LEAD-01460,Direct,Brand_Awareness,Bangalore,Karnataka,South,Mobile,Chrome,BFSI,Medium,Mid-Market,50Cr-100Cr,177,24,Seed,10-25%,Owner,Referral,anirudh.sami@surakataandb.com,Existing Customer,2026-01-26 19:39:59
LEAD-01508,Direct,Retargeting_General,Mumbai,Maharashtra,West,Mobile,Chrome,Education,Small,Startup,1Cr-10Cr,22,3,Seed,50%+,Senior Associate,Direct,joshua.sundaram@dhawanplc.com,Existing Customer,2026-03-16 19:14:19
LEAD-01187,Facebook,Brand_Awareness,Delhi,Delhi,North,Mobile,Chrome,Logistics,Large,Mid-Market,100Cr+,564,14,Public,25-50%,Manager,Display Ad,balhaar.dhaliwal@kaulinc.com,New Business,2026-04-13 14:51:59
LEAD-00730,LinkedIn,Brand_Awareness,Hyderabad,Telangana,South,Mobile,Chrome,Education,Enterprise,Enterprise,50Cr-100Cr,7315,19,Series B,25-50%,Senior Manager,Referral,saksham.parmar@iyengarllc.com,Partner,2026-03-15 11:58:56
LEAD-00899,LinkedIn,Brand_Awareness,Thane,Maharashtra,West,Mobile,,Real Estate,Large,Mid-Market,10Cr-50Cr,542,27,Series B,10-25%,Senior Manager,Paid Search,qarin.tara@ozapau.com,New Business,2026-03-04 14:01:31
LEAD-00790,LinkedIn,Retargeting_General,Chennai,Tamil Nadu,South,Tablet,Chrome,SaaS,Medium,Mid-Market,10Cr-50Cr,132,11,Public,0-10%,Senior Manager,Social Media - LinkedIn,garima.narula@kantkala.com,New Business,2026-05-07 15:02:17
LEAD-01704,Referral,Brand_Awareness,Mumbai,Maharashtra,West,Mobile,Chrome,Technology,,Enterprise,50Cr-100Cr,3875,51,Series C+,0-10%,Associate,Direct,ekbal.nath@prashadsriva.com,Existing Customer,2026-01-27 09:48:04
LEAD-01693,Referral,Retargeting_General,Mumbai,Maharashtra,West,Desktop,Chrome,Logistics,Enterprise,Enterprise,50Cr-100Cr,8600,17,Series C+,Unknown,Executive,Email,vyanjana.boase@ahujabhattac.com,New Business,2026-03-09 20:41:30
LEAD-01726,Referral,Retargeting_General,Navi Mumbai,Maharashtra,West,Mobile,Edge,Logistics,Large,Mid-Market,50Cr-100Cr,531,20,Series B,Negative,Owner,Referral,krishna.dash@memoninc.com,Existing Customer,2026-05-11 18:58:25
LEAD-00121,Google,Q1_BFSI_Mumbai,Thane,Maharashtra,West,Desktop,Safari,Education,Large,Mid-Market,50Cr-100Cr,972,11,Series C+,0-10%,Senior Manager,Display Ad,patrick.vig@outlook.com,Existing Customer,2026-01-31 13:35:59
LEAD-01664,Referral,Brand_Awareness,Hyderabad,Telangana,South,Desktop,Chrome,Education,Medium,Mid-Market,10Cr-50Cr,243,17,Series A,0-10%,Director,Direct,chaitaly.dash@chaudhryands.com,Existing Customer,2026-01-29 10:05:21
LEAD-01838,Email Campaign,Q1_BFSI_Mumbai,Navi Mumbai,Maharashtra,West,Mobile,Safari,Consulting,Large,Mid-Market,50Cr-100Cr,912,23,Series C+,0-10%,Manager,Paid Search,agastya.khalsa@padmanabhanp.com,Existing Customer,2026-05-31 19:49:36
LEAD-01439,Direct,Brand_Awareness,Mumbai,Maharashtra,West,Mobile,Safari,Unknown,Enterprise,Enterprise,50Cr-100Cr,8592,11,Public,25-50%,CXO,Organic Search,prisha.merchant@mitalkothari.com,Existing Customer,2026-02-02 08:58:28
LEAD-01649,Referral,Retargeting_General,Kolkata,West Bengal,East,Mobile,Safari,BFSI,Enterprise,Enterprise,50Cr-100Cr,9307,19,Series C+,0-10%,Manager,Direct,yatin.vora@bhattrastogi.com,New Business,2026-02-26 16:28:38
LEAD-01018,Facebook,Manufacturing_AI,Kolkata,West Bengal,East,Desktop,Chrome,Manufacturing,Medium,Mid-Market,1Cr-10Cr,74,27,Series C+,10-25%,Associate,Display Ad,maya.dugar@nathsuri.com,New Business,2026-03-06 10:45:21
LEAD-00411,Google,SaaS_Enterprise_Q1,Hyderabad,Telangana,South,Desktop,Chrome,Consulting,Medium,Startup,10Cr-50Cr,76,5,Series A,0-10%,Manager,Paid Search,kevin.varghese@gmail.com,New Business,2026-01-05 15:24:45
LEAD-00832,LinkedIn,Retargeting_General,Thane,Maharashtra,West,Mobile,Edge,Technology,Medium,Mid-Market,1Cr-10Cr,86,19,Public,10-25%,Founder,Referral,vivaan.basak@lallallc.com,New Business,2026-04-28 12:00:10
LEAD-00537,LinkedIn,Brand_Awareness,Chennai,Tamil Nadu,South,Mobile,Chrome,Healthcare,Large,Mid-Market,10Cr-50Cr,552,23,Series A,Negative,Owner,Referral,ekanta.kota@dhingraltd.com,New Business,2026-04-11 08:21:00
LEAD-01023,Facebook,Manufacturing_AI,Mumbai,Maharashtra,West,Mobile,Chrome,Unknown,Medium,Startup,1Cr-10Cr,230,2,Bootstrapped,25-50%,Owner,Display Ad,omisha.khosla@rajavermaand.com,New Business,2026-02-13 20:32:45
LEAD-01011,Facebook,Brand_Awareness,Ahmedabad,Gujarat,West,Tablet,Chrome,SaaS,Small,SMB,<1Cr,8,14,Public,0-10%,Senior Manager,Paid Search,onkar.bhasin@yahoo.com,New Business,2026-05-29 18:45:57
LEAD-00162,Google,Q1_BFSI_Pune,Mumbai,Maharashtra,West,Mobile,Chrome,Technology,Medium,Startup,10Cr-50Cr,93,4,Series B,0-10%,Associate,Organic Search,jack.raval@yahoo.com,Partner,2026-01-05 13:16:15
LEAD-00100,Google,Q1_BFSI_Pune,Pune,Maharashtra,West,Mobile,Chrome,SaaS,Enterprise,Enterprise,100Cr+,9048,22,Unknown,25-50%,VP,Organic Search,oeshi.reddy@yahoo.com,New Business,2026-02-27 19:28:05
LEAD-01745,Referral,Retargeting_General,Bangalore,Karnataka,South,Desktop,Safari,Education,Large,Mid-Market,,925,9,Series C+,25-50%,VP,Direct,eta.rajagopal@balakrishnan.com,Existing Customer,2026-01-29 11:55:56
LEAD-01961,Organic Search,SaaS_Enterprise_Q1,Hyderabad,Telangana,South,Desktop,Safari,Logistics,Medium,Mid-Market,1Cr-10Cr,188,30,Seed,10-25%,Director,Content Marketing,arya.sha@soniinc.com,Existing Customer,2026-02-05 08:58:53
LEAD-01246,Instagram,Brand_Awareness,Navi Mumbai,Maharashtra,West,Mobile,Safari,Retail,Medium,Mid-Market,1Cr-10Cr,185,13,Series A,25-50%,Intern,Social Media - Instagram,idika.salvi@gmail.com,New Business,2026-02-01 14:46:14
LEAD-00361,Google,Brand_Awareness,Hyderabad,Telangana,South,Desktop,Chrome,Manufacturing,Large,Mid-Market,10Cr-50Cr,805,16,Unknown,25-50%,Manager,Display Ad,charan.hayer@outlook.com,Existing Customer,2026-05-10 14:46:11
LEAD-01456,Direct,Brand_Awareness,Ahmedabad,Gujarat,West,Mobile,Chrome,Logistics,Large,Mid-Market,10Cr-50Cr,654,16,Series C+,10-25%,Associate,Organic Search,xavier.jaggi@bahrisengupt.com,Existing Customer,2026-03-19 17:18:49
LEAD-01980,Organic Search,Retargeting_General,Navi Mumbai,Maharashtra,West,Desktop,Safari,Unknown,Medium,Mid-Market,1Cr-10Cr,139,12,Bootstrapped,10-25%,Associate,Content Marketing,indira.pandey@yahoo.com,New Business,2026-03-05 15:53:23
LEAD-OUTLIER-001,Instagram,Startup_Founders,Pune,Maharashtra,West,Mobile,Chrome,Real Estate,Medium,Startup,10Cr-50Cr,55000,1,Seed,50%+,VP,Content Marketing,shaurya.palan@outlook.com,New Business,2026-05-05 20:35:04
LEAD-OUTLIER-002,Facebook,Manufacturing_AI,Pune,Maharashtra,West,Mobile,Safari,Manufacturing,,Mid-Market,10Cr-50Cr,452,220,Series B,10-25%,Founder,Paid Search,balveer.sundaram@yahoo.com,New Business,2026-02-13 16:37:13
LEAD-OUTLIER-003,Organic Search,SaaS_Enterprise_Q1,Bangalore,Karnataka,South,Mobile,Chrome,Technology,Small,Mid-Market,100Cr+,2,5,Series C+,Negative,Executive,Direct,panini.prabhu@dharpurohita.com,New Business,2026-03-10 10:18:36
LEAD-OUTLIER-004,Direct,Brand_Awareness,Mumbai,Maharashtra,West,Mobile,Safari,Unknown,Enterprise,Enterprise,50Cr-100Cr,250000,11,Public,25-50%,CXO,Organic Search,prisha.merchant@mitalkothari.com,Existing Customer,2026-02-02 08:58:28
LEAD-OUTLIER-005,Facebook,Manufacturing_AI,Pune,Maharashtra,West,Desktop,Chrome,Healthcare,Medium,Mid-Market,1Cr-10Cr,125,155,Seed,50%+,Senior Associate,Display Ad,reyansh.kara@outlook.com,New Business,2026-02-22 09:31:12
LEAD-OUTLIER-006,Facebook,Retargeting_General,Thane,Maharashtra,West,Mobile,Chrome,Healthcare,Small,Mid-Market,100Cr+,7,23,Series B,25-50%,Manager,Paid Search,guneet.varty@yahoo.com,Existing Customer,2026-03-05 15:36:30
LEAD-OUTLIER-007,LinkedIn,Retargeting_General,Mumbai,Maharashtra,West,Mobile,Chrome,Education,Large,Mid-Market,50Cr-100Cr,55000,23,Public,10-25%,Director,Social Media - LinkedIn,bahadurjit.uppal@vasamangalan.com,New Business,2026-03-08 20:18:21
LEAD-OUTLIER-008,Google,SaaS_Enterprise_Q1,Hyderabad,Telangana,South,Mobile,Chrome,SaaS,Large,Mid-Market,,426,155,Series C+,0-10%,Senior Manager,Display Ad,jalsa.chhabra@duberamachan.com,New Business,2026-02-06 20:54:03
LEAD-OUTLIER-009,Referral,Brand_Awareness,Kolkata,West Bengal,East,Mobile,Chrome,Manufacturing,Small,Mid-Market,100Cr+,5,7,Public,50%+,Founder,Referral,krishna.jaggi@agrawalinc.com,New Business,2026-04-05 12:12:42
LEAD-OUTLIER-010,Google,Q1_BFSI_Mumbai,Pune,Maharashtra,West,Mobile,Edge,Real Estate,Medium,Mid-Market,10Cr-50Cr,250000,16,Bootstrapped,0-10%,Senior Associate,Organic Search,liam.khalsa@kapurdaraand.com,New Business,2026-02-26 17:55:17
LEAD-OUTLIER-011,Organic Search,SaaS_Enterprise_Q1,Hyderabad,Telangana,South,Tablet,Chrome,Technology,Large,Mid-Market,10Cr-50Cr,642,155,Series B,50%+,Senior Manager,Organic Search,wriddhish.manda@nayakbala.com,New Business,2026-03-31 09:50:31
LEAD-OUTLIER-012,LinkedIn,SaaS_Enterprise_Q1,Mumbai,Maharashtra,West,Desktop,Chrome,BFSI,Small,Mid-Market,100Cr+,2,11,Bootstrapped,50%+,Founder,Referral,zaitra.batra@bengolaandka.com,New Business,2026-03-30 18:34:39
LEAD-OUTLIER-013,Google,Retargeting_General,Hyderabad,Telangana,South,Desktop,Chrome,Consulting,Large,Mid-Market,50Cr-100Cr,55000,9,Series C+,Negative,Owner,Paid Search,vinaya.babu@subramanianl.com,New Business,2026-02-24 20:02:37
LEAD-OUTLIER-014,Direct,Brand_Awareness,Navi Mumbai,Maharashtra,West,Mobile,Firefox,Education,Small,Startup,1Cr-10Cr,16,175,Bootstrapped,10-25%,Senior Associate,Organic Search,manthan.datta@sridharllc.com,Partner,2026-02-15 20:00:56
LEAD-OUTLIER-015,Referral,Brand_Awareness,Ahmedabad,Gujarat,West,Mobile,Safari,SaaS,Small,Mid-Market,100Cr+,9,29,Unknown,Negative,Senior Manager,Email,sarthak.rana@naidugupta.com,Existing Customer,2026-05-10 12:06:37
LEAD-OUTLIER-016,Facebook,Brand_Awareness,Mumbai,Maharashtra,West,Mobile,Firefox,BFSI,Large,Mid-Market,50Cr-100Cr,120000,25,Series B,0-10%,VP,Social Media - Facebook,vincent.kapur@shroffsingha.com,New Business,2026-03-06 11:32:01
LEAD-OUTLIER-017,Organic Search,Brand_Awareness,Bangalore,Karnataka,South,Mobile,Chrome,SaaS,Medium,Mid-Market,1Cr-10Cr,210,220,Public,10-25%,VP,Direct,ekiya.nadig@issacbrahmbh.com,New Business,2026-03-04 09:43:07
LEAD-OUTLIER-018,Instagram,Brand_Awareness,Hyderabad,Telangana,South,Desktop,Chrome,Real Estate,Small,SMB,100Cr+,2,3,Public,0-10%,Analyst,Social Media - Instagram,ryan.goyal@jhaplc.com,New Business,2026-01-29 15:38:30
LEAD-OUTLIER-019,Facebook,Brand_Awareness,Thane,Maharashtra,West,Mobile,Chrome,Consulting,Medium,Mid-Market,1Cr-10Cr,120000,8,Series C+,10-25%,Senior Associate,Social Media - Facebook,ekani.bahl@swamyguha.com,Existing Customer,2026-02-24 09:36:18
LEAD-OUTLIER-020,Google,Brand_Awareness,Hyderabad,Telangana,South,Desktop,Chrome,Manufacturing,Large,Mid-Market,10Cr-50Cr,805,220,Unknown,25-50%,Manager,Display Ad,charan.hayer@outlook.com,Existing Customer,2026-05-10 14:46:11
LEAD-OUTLIER-021,Instagram,Retargeting_General,Pune,Maharashtra,West,Mobile,Safari,Logistics,Small,SMB,100Cr+,8,5,Series B,25-50%,Director,Content Marketing,tara.sahota@choudhrygrou.com,Partner,2026-02-25 13:06:02
LEAD-OUTLIER-022,Referral,Retargeting_General,Navi Mumbai,Maharashtra,West,Mobile,Chrome,Education,Large,Mid-Market,50Cr-100Cr,120000,17,Series C+,0-10%,Owner,Direct,dalaja.shan@choudhryniga.com,Partner,2026-03-29 11:18:11
LEAD-OUTLIER-023,Facebook,Manufacturing_AI,Hyderabad,Telangana,South,Tablet,,Manufacturing,Medium,Mid-Market,1Cr-10Cr,110,220,Series A,25-50%,Owner,Social Media - Facebook,ayush.sinha@yahoo.com,Existing Customer,2026-03-13 13:24:48
LEAD-OUTLIER-024,Facebook,Manufacturing_AI,Kolkata,West Bengal,East,Desktop,Chrome,Manufacturing,Small,Mid-Market,100Cr+,7,28,Unknown,10-25%,Executive,Display Ad,ekantika.rout@gmail.com,New Business,2026-03-12 14:36:25
LEAD-OUTLIER-025,Google,Brand_Awareness,Ahmedabad,Gujarat,West,Desktop,Opera,Technology,Medium,Mid-Market,1Cr-10Cr,120000,29,Series A,0-10%,Senior Associate,Paid Search,rayaan.bahl@kibebalayand.com,New Business,2026-03-27 13:56:52
